run_date,region,sector_id,signal,value,unit,period,source,measurement
2026-08-17,UK,banking,postings,84.8,index (Feb 2020=100),2026-08-07,Indeed Hiring Lab sectors (GB: Banking & Finance),measured
2026-08-17,UK,banking,employment,1112.0,k jobs,2026 Q1,"ONS JOBS02 workforce jobs (JWS7, SA)",measured
2026-08-17,UK,banking,vacancies,32.0,k vacancies,2026 MAY,"ONS VACS02 vacancies (JP9Q, SA)",measured
2026-08-17,UK,insurance,employment,1112.0,k jobs,2026 Q1,"ONS JOBS02 workforce jobs (JWS7, SA)",measured
2026-08-17,UK,insurance,vacancies,32.0,k vacancies,2026 MAY,"ONS VACS02 vacancies (JP9Q, SA)",measured
2026-08-17,UK,it_software,postings,54.8,index (Feb 2020=100),2026-08-07,"Indeed Hiring Lab sectors (GB: Software Development, IT Infrastructure, Operations & Support…)",measured
2026-08-17,UK,it_software,employment,1577.0,k jobs,2026 Q1,"ONS JOBS02 workforce jobs (JWS6, SA)",measured
2026-08-17,UK,it_software,vacancies,41.0,k vacancies,2026 MAY,"ONS VACS02 vacancies (JP9P, SA)",measured
2026-08-17,UK,telecom_media,postings,45.2,index (Feb 2020=100),2026-08-07,Indeed Hiring Lab sectors (GB: Media & Communications),measured
2026-08-17,UK,telecom_media,employment,1577.0,k jobs,2026 Q1,"ONS JOBS02 workforce jobs (JWS6, SA)",measured
2026-08-17,UK,telecom_media,vacancies,41.0,k vacancies,2026 MAY,"ONS VACS02 vacancies (JP9P, SA)",measured
2026-08-17,UK,manufacturing,postings,101.9,index (Feb 2020=100),2026-08-07,"Indeed Hiring Lab sectors (GB: Production & Manufacturing, Industrial Engineering)",measured
2026-08-17,UK,manufacturing,employment,2482.0,k jobs,2026 Q1,"ONS JOBS02 workforce jobs (JWR7, SA)",measured
2026-08-17,UK,manufacturing,vacancies,48.0,k vacancies,2026 MAY,"ONS VACS02 vacancies (JP9I, SA)",measured
2026-08-17,UK,healthcare,postings,54.9,index (Feb 2020=100),2026-08-07,"Indeed Hiring Lab sectors (GB: Nursing, Physicians & Surgeons…)",measured
2026-08-17,UK,healthcare,employment,5090.0,k jobs,2026 Q1,"ONS JOBS02 workforce jobs (JWT5, SA)",measured
2026-08-17,UK,healthcare,vacancies,121.0,k vacancies,2026 MAY,"ONS VACS02 vacancies (JP9W, SA)",measured
2026-08-17,UK,retail,postings,82.3,index (Feb 2020=100),2026-08-07,"Indeed Hiring Lab sectors (GB: Retail, Loading & Stocking)",measured
2026-08-17,UK,retail,employment,4629.0,k jobs,2026 Q1,"ONS JOBS02 workforce jobs (JWS3, SA)",measured
2026-08-17,UK,retail,vacancies,87.0,k vacancies,2026 MAY,"ONS VACS02 vacancies (JP9M, SA)",measured
2026-08-17,UK,professional,postings,66.5,index (Feb 2020=100),2026-08-07,"Indeed Hiring Lab sectors (GB: Legal, Accounting…)",measured
2026-08-17,UK,professional,employment,3492.0,k jobs,2026 Q1,"ONS JOBS02 workforce jobs (JWS9, SA)",measured
2026-08-17,UK,professional,vacancies,70.0,k vacancies,2026 MAY,"ONS VACS02 vacancies (JP9S, SA)",measured
2026-08-17,UK,education,postings,117.1,index (Feb 2020=100),2026-08-07,Indeed Hiring Lab sectors (GB: Education & Instruction),measured
2026-08-17,UK,education,vacancies,47.0,k vacancies,2026 MAY,"ONS VACS02 vacancies (JP9V, SA)",measured
2026-08-17,UK,government,postings,84.2,index (Feb 2020=100),2026-08-07,"Indeed Hiring Lab sectors (GB: Community & Social Service, Security & Public Safety)",measured
2026-08-17,UK,government,vacancies,29.0,k vacancies,2026 MAY,"ONS VACS02 vacancies (JP9U, SA)",measured
2026-08-17,AU,banking,postings,111.5,index (Feb 2020=100),2026-08-07,Indeed Hiring Lab sectors (AU: Banking & Finance),measured
2026-08-17,AU,banking,employment,523.7,k persons,2026-Q1,"ABS Labour Account (ANZSIC K, measure M12)",measured
2026-08-17,AU,banking,vacancies,8.9,k vacancies,2026-Q2,ABS Job Vacancies (ANZSIC K),measured
2026-08-17,AU,insurance,employment,523.7,k persons,2026-Q1,"ABS Labour Account (ANZSIC K, measure M12)",measured
2026-08-17,AU,insurance,vacancies,8.9,k vacancies,2026-Q2,ABS Job Vacancies (ANZSIC K),measured
2026-08-17,AU,it_software,postings,99.9,index (Feb 2020=100),2026-08-07,"Indeed Hiring Lab sectors (AU: Software Development, IT Infrastructure, Operations & Support…)",measured
2026-08-17,AU,it_software,employment,207.5,k persons,2026-Q1,"ABS Labour Account (ANZSIC J, measure M12)",measured
2026-08-17,AU,it_software,vacancies,3.6,k vacancies,2026-Q2,ABS Job Vacancies (ANZSIC J),measured
2026-08-17,AU,telecom_media,postings,70.9,index (Feb 2020=100),2026-08-07,Indeed Hiring Lab sectors (AU: Media & Communications),measured
2026-08-17,AU,telecom_media,employment,207.5,k persons,2026-Q1,"ABS Labour Account (ANZSIC J, measure M12)",measured
2026-08-17,AU,telecom_media,vacancies,3.6,k vacancies,2026-Q2,ABS Job Vacancies (ANZSIC J),measured
2026-08-17,AU,manufacturing,postings,148.2,index (Feb 2020=100),2026-08-07,"Indeed Hiring Lab sectors (AU: Production & Manufacturing, Industrial Engineering)",measured
2026-08-17,AU,manufacturing,employment,904.3,k persons,2026-Q1,"ABS Labour Account (ANZSIC C, measure M12)",measured
2026-08-17,AU,manufacturing,vacancies,21.7,k vacancies,2026-Q2,ABS Job Vacancies (ANZSIC C),measured
2026-08-17,AU,healthcare,postings,136.5,index (Feb 2020=100),2026-08-07,"Indeed Hiring Lab sectors (AU: Nursing, Physicians & Surgeons…)",measured
2026-08-17,AU,healthcare,employment,2580.6,k persons,2026-Q1,"ABS Labour Account (ANZSIC Q, measure M12)",measured
2026-08-17,AU,healthcare,vacancies,56.7,k vacancies,2026-Q2,ABS Job Vacancies (ANZSIC Q),measured
2026-08-17,AU,retail,postings,222.4,index (Feb 2020=100),2026-08-07,"Indeed Hiring Lab sectors (AU: Retail, Loading & Stocking)",measured
2026-08-17,AU,retail,employment,1522.0,k persons,2026-Q1,"ABS Labour Account (ANZSIC G, measure M12)",measured
2026-08-17,AU,retail,vacancies,26.0,k vacancies,2026-Q2,ABS Job Vacancies (ANZSIC G),measured
2026-08-17,AU,professional,postings,115.0,index (Feb 2020=100),2026-08-07,"Indeed Hiring Lab sectors (AU: Legal, Accounting…)",measured
2026-08-17,AU,professional,employment,1323.5,k persons,2026-Q1,"ABS Labour Account (ANZSIC M, measure M12)",measured
2026-08-17,AU,professional,vacancies,35.7,k vacancies,2026-Q2,ABS Job Vacancies (ANZSIC M),measured
2026-08-17,AU,education,employment,1344.2,k persons,2026-Q1,"ABS Labour Account (ANZSIC P, measure M12)",measured
2026-08-17,AU,education,vacancies,11.0,k vacancies,2026-Q2,ABS Job Vacancies (ANZSIC P),measured
2026-08-17,AU,government,postings,161.6,index (Feb 2020=100),2026-08-07,"Indeed Hiring Lab sectors (AU: Community & Social Service, Security & Public Safety)",measured
2026-08-17,AU,government,employment,891.9,k persons,2026-Q1,"ABS Labour Account (ANZSIC O, measure M12)",measured
2026-08-17,AU,government,vacancies,21.2,k vacancies,2026-Q2,ABS Job Vacancies (ANZSIC O),measured
2026-08-17,EU,banking,postings,86.0,index (Feb 2020=100),2026-08-07,Indeed Hiring Lab sectors (DE+FR: Banking & Finance),measured
2026-08-17,EU,banking,employment,3099.6,k persons,2025-Q4,"Eurostat lfsq_egan22d (K64), EU27",measured
2026-08-17,EU,banking,vacancies,1.7,% vacancy rate,2025-Q4,"Eurostat jvs_q_nace2 JVR (NACE K, EU27)",measured
2026-08-17,EU,insurance,employment,1167.5,k persons,2025-Q4,"Eurostat lfsq_egan22d (K65), EU27",measured
2026-08-17,EU,insurance,vacancies,1.7,% vacancy rate,2025-Q4,"Eurostat jvs_q_nace2 JVR (NACE K, EU27)",measured
2026-08-17,EU,it_software,postings,64.6,index (Feb 2020=100),2026-08-07,"Indeed Hiring Lab sectors (DE+FR: Software Development, IT Infrastructure, Operations & Support…)",measured
2026-08-17,EU,it_software,employment,8007.3,k persons,2025-Q4,"Eurostat lfsq_egan2 (NACE J), EU27",measured
2026-08-17,EU,it_software,vacancies,2.2,% vacancy rate,2025-Q4,"Eurostat jvs_q_nace2 JVR (NACE J, EU27)",measured
2026-08-17,EU,telecom_media,postings,57.0,index (Feb 2020=100),2026-08-07,Indeed Hiring Lab sectors (DE+FR: Media & Communications),measured
2026-08-17,EU,telecom_media,employment,8007.3,k persons,2025-Q4,"Eurostat lfsq_egan2 (NACE J), EU27",measured
2026-08-17,EU,telecom_media,vacancies,2.2,% vacancy rate,2025-Q4,"Eurostat jvs_q_nace2 JVR (NACE J, EU27)",measured
2026-08-17,EU,manufacturing,postings,89.3,index (Feb 2020=100),2026-08-07,"Indeed Hiring Lab sectors (DE+FR: Production & Manufacturing, Industrial Engineering)",measured
2026-08-17,EU,manufacturing,employment,31399.8,k persons,2025-Q4,"Eurostat lfsq_egan2 (NACE C), EU27",measured
2026-08-17,EU,manufacturing,vacancies,1.5,% vacancy rate,2025-Q4,"Eurostat jvs_q_nace2 JVR (NACE C, EU27)",measured
2026-08-17,EU,healthcare,postings,152.5,index (Feb 2020=100),2026-08-07,"Indeed Hiring Lab sectors (DE+FR: Nursing, Physicians & Surgeons…)",measured
2026-08-17,EU,healthcare,employment,24095.3,k persons,2025-Q4,"Eurostat lfsq_egan2 (NACE Q), EU27",measured
2026-08-17,EU,retail,postings,110.5,index (Feb 2020=100),2026-08-07,"Indeed Hiring Lab sectors (DE+FR: Retail, Loading & Stocking)",measured
2026-08-17,EU,retail,employment,27991.8,k persons,2025-Q4,"Eurostat lfsq_egan2 (NACE G), EU27",measured
2026-08-17,EU,retail,vacancies,1.8,% vacancy rate,2025-Q4,"Eurostat jvs_q_nace2 JVR (NACE G, EU27)",measured
2026-08-17,EU,professional,postings,77.4,index (Feb 2020=100),2026-08-07,"Indeed Hiring Lab sectors (DE+FR: Legal, Accounting…)",measured
2026-08-17,EU,professional,employment,12806.6,k persons,2025-Q4,"Eurostat lfsq_egan2 (NACE M), EU27",measured
2026-08-17,EU,professional,vacancies,2.4,% vacancy rate,2025-Q4,"Eurostat jvs_q_nace2 JVR (NACE M, EU27)",measured
2026-08-17,EU,education,postings,109.8,index (Feb 2020=100),2026-08-07,Indeed Hiring Lab sectors (DE+FR: Education & Instruction),measured
2026-08-17,EU,education,employment,15960.8,k persons,2025-Q4,"Eurostat lfsq_egan2 (NACE P), EU27",measured
2026-08-17,EU,government,postings,139.1,index (Feb 2020=100),2026-08-07,"Indeed Hiring Lab sectors (DE+FR: Community & Social Service, Security & Public Safety)",measured
2026-08-17,EU,government,employment,14666.3,k persons,2025-Q4,"Eurostat lfsq_egan2 (NACE O), EU27",measured
2026-08-17,US,banking,postings,103.5,index (Feb 2020=100),2026-08-07,Indeed Hiring Lab sectors (US: Banking & Finance),measured
2026-08-17,US,it_software,postings,69.0,index (Feb 2020=100),2026-08-07,"Indeed Hiring Lab sectors (US: Software Development, IT Infrastructure, Operations & Support…)",measured
2026-08-17,US,telecom_media,postings,70.6,index (Feb 2020=100),2026-08-07,Indeed Hiring Lab sectors (US: Media & Communications),measured
2026-08-17,US,manufacturing,postings,116.2,index (Feb 2020=100),2026-08-07,"Indeed Hiring Lab sectors (US: Production & Manufacturing, Industrial Engineering)",measured
2026-08-17,US,healthcare,postings,126.3,index (Feb 2020=100),2026-08-07,"Indeed Hiring Lab sectors (US: Nursing, Physicians & Surgeons…)",measured
2026-08-17,US,retail,postings,97.6,index (Feb 2020=100),2026-08-07,"Indeed Hiring Lab sectors (US: Retail, Loading & Stocking)",measured
2026-08-17,US,professional,postings,94.2,index (Feb 2020=100),2026-08-07,"Indeed Hiring Lab sectors (US: Legal, Accounting…)",measured
2026-08-17,US,education,postings,110.1,index (Feb 2020=100),2026-08-07,Indeed Hiring Lab sectors (US: Education & Instruction),measured
2026-08-17,US,government,postings,109.8,index (Feb 2020=100),2026-08-07,"Indeed Hiring Lab sectors (US: Community & Social Service, Security & Public Safety)",measured
2026-08-17,UK,banking,postings,84.8,index (Feb 2020=100),2026-08-07,Indeed Hiring Lab sectors (GB: Banking & Finance),measured
2026-08-17,UK,banking,employment,1112.0,k jobs,2026 Q1,"ONS JOBS02 workforce jobs (JWS7, SA)",measured
2026-08-17,UK,banking,vacancies,32.0,k vacancies,2026 MAY,"ONS VACS02 vacancies (JP9Q, SA)",measured
2026-08-17,UK,insurance,employment,1112.0,k jobs,2026 Q1,"ONS JOBS02 workforce jobs (JWS7, SA)",measured
2026-08-17,UK,insurance,vacancies,32.0,k vacancies,2026 MAY,"ONS VACS02 vacancies (JP9Q, SA)",measured
2026-08-17,UK,it_software,postings,54.8,index (Feb 2020=100),2026-08-07,"Indeed Hiring Lab sectors (GB: Software Development, IT Infrastructure, Operations & Support…)",measured
2026-08-17,UK,it_software,employment,1577.0,k jobs,2026 Q1,"ONS JOBS02 workforce jobs (JWS6, SA)",measured
2026-08-17,UK,it_software,vacancies,41.0,k vacancies,2026 MAY,"ONS VACS02 vacancies (JP9P, SA)",measured
2026-08-17,UK,telecom_media,postings,45.2,index (Feb 2020=100),2026-08-07,Indeed Hiring Lab sectors (GB: Media & Communications),measured
2026-08-17,UK,telecom_media,employment,1577.0,k jobs,2026 Q1,"ONS JOBS02 workforce jobs (JWS6, SA)",measured
2026-08-17,UK,telecom_media,vacancies,41.0,k vacancies,2026 MAY,"ONS VACS02 vacancies (JP9P, SA)",measured
2026-08-17,UK,manufacturing,postings,101.9,index (Feb 2020=100),2026-08-07,"Indeed Hiring Lab sectors (GB: Production & Manufacturing, Industrial Engineering)",measured
2026-08-17,UK,manufacturing,employment,2482.0,k jobs,2026 Q1,"ONS JOBS02 workforce jobs (JWR7, SA)",measured
2026-08-17,UK,manufacturing,vacancies,48.0,k vacancies,2026 MAY,"ONS VACS02 vacancies (JP9I, SA)",measured
2026-08-17,UK,healthcare,postings,54.9,index (Feb 2020=100),2026-08-07,"Indeed Hiring Lab sectors (GB: Nursing, Physicians & Surgeons…)",measured
2026-08-17,UK,healthcare,employment,5090.0,k jobs,2026 Q1,"ONS JOBS02 workforce jobs (JWT5, SA)",measured
2026-08-17,UK,healthcare,vacancies,121.0,k vacancies,2026 MAY,"ONS VACS02 vacancies (JP9W, SA)",measured
2026-08-17,UK,retail,postings,82.3,index (Feb 2020=100),2026-08-07,"Indeed Hiring Lab sectors (GB: Retail, Loading & Stocking)",measured
2026-08-17,UK,retail,employment,4629.0,k jobs,2026 Q1,"ONS JOBS02 workforce jobs (JWS3, SA)",measured
2026-08-17,UK,retail,vacancies,87.0,k vacancies,2026 MAY,"ONS VACS02 vacancies (JP9M, SA)",measured
2026-08-17,UK,professional,postings,66.5,index (Feb 2020=100),2026-08-07,"Indeed Hiring Lab sectors (GB: Legal, Accounting…)",measured
2026-08-17,UK,professional,employment,3492.0,k jobs,2026 Q1,"ONS JOBS02 workforce jobs (JWS9, SA)",measured
2026-08-17,UK,professional,vacancies,70.0,k vacancies,2026 MAY,"ONS VACS02 vacancies (JP9S, SA)",measured
2026-08-17,UK,education,postings,117.1,index (Feb 2020=100),2026-08-07,Indeed Hiring Lab sectors (GB: Education & Instruction),measured
2026-08-17,UK,education,vacancies,47.0,k vacancies,2026 MAY,"ONS VACS02 vacancies (JP9V, SA)",measured
2026-08-17,UK,government,postings,84.2,index (Feb 2020=100),2026-08-07,"Indeed Hiring Lab sectors (GB: Community & Social Service, Security & Public Safety)",measured
2026-08-17,UK,government,vacancies,29.0,k vacancies,2026 MAY,"ONS VACS02 vacancies (JP9U, SA)",measured
2026-08-17,AU,banking,postings,111.5,index (Feb 2020=100),2026-08-07,Indeed Hiring Lab sectors (AU: Banking & Finance),measured
2026-08-17,AU,banking,employment,523.7,k persons,2026-Q1,"ABS Labour Account (ANZSIC K, measure M12)",measured
2026-08-17,AU,banking,vacancies,8.9,k vacancies,2026-Q2,ABS Job Vacancies (ANZSIC K),measured
2026-08-17,AU,insurance,employment,523.7,k persons,2026-Q1,"ABS Labour Account (ANZSIC K, measure M12)",measured
2026-08-17,AU,insurance,vacancies,8.9,k vacancies,2026-Q2,ABS Job Vacancies (ANZSIC K),measured
2026-08-17,AU,it_software,postings,99.9,index (Feb 2020=100),2026-08-07,"Indeed Hiring Lab sectors (AU: Software Development, IT Infrastructure, Operations & Support…)",measured
2026-08-17,AU,it_software,employment,207.5,k persons,2026-Q1,"ABS Labour Account (ANZSIC J, measure M12)",measured
2026-08-17,AU,it_software,vacancies,3.6,k vacancies,2026-Q2,ABS Job Vacancies (ANZSIC J),measured
2026-08-17,AU,telecom_media,postings,70.9,index (Feb 2020=100),2026-08-07,Indeed Hiring Lab sectors (AU: Media & Communications),measured
2026-08-17,AU,telecom_media,employment,207.5,k persons,2026-Q1,"ABS Labour Account (ANZSIC J, measure M12)",measured
2026-08-17,AU,telecom_media,vacancies,3.6,k vacancies,2026-Q2,ABS Job Vacancies (ANZSIC J),measured
2026-08-17,AU,manufacturing,postings,148.2,index (Feb 2020=100),2026-08-07,"Indeed Hiring Lab sectors (AU: Production & Manufacturing, Industrial Engineering)",measured
2026-08-17,AU,manufacturing,employment,904.3,k persons,2026-Q1,"ABS Labour Account (ANZSIC C, measure M12)",measured
2026-08-17,AU,manufacturing,vacancies,21.7,k vacancies,2026-Q2,ABS Job Vacancies (ANZSIC C),measured
2026-08-17,AU,healthcare,postings,136.5,index (Feb 2020=100),2026-08-07,"Indeed Hiring Lab sectors (AU: Nursing, Physicians & Surgeons…)",measured
2026-08-17,AU,healthcare,employment,2580.6,k persons,2026-Q1,"ABS Labour Account (ANZSIC Q, measure M12)",measured
2026-08-17,AU,healthcare,vacancies,56.7,k vacancies,2026-Q2,ABS Job Vacancies (ANZSIC Q),measured
2026-08-17,AU,retail,postings,222.4,index (Feb 2020=100),2026-08-07,"Indeed Hiring Lab sectors (AU: Retail, Loading & Stocking)",measured
2026-08-17,AU,retail,employment,1522.0,k persons,2026-Q1,"ABS Labour Account (ANZSIC G, measure M12)",measured
2026-08-17,AU,retail,vacancies,26.0,k vacancies,2026-Q2,ABS Job Vacancies (ANZSIC G),measured
2026-08-17,AU,professional,postings,115.0,index (Feb 2020=100),2026-08-07,"Indeed Hiring Lab sectors (AU: Legal, Accounting…)",measured
2026-08-17,AU,professional,employment,1323.5,k persons,2026-Q1,"ABS Labour Account (ANZSIC M, measure M12)",measured
2026-08-17,AU,professional,vacancies,35.7,k vacancies,2026-Q2,ABS Job Vacancies (ANZSIC M),measured
2026-08-17,AU,education,employment,1344.2,k persons,2026-Q1,"ABS Labour Account (ANZSIC P, measure M12)",measured
2026-08-17,AU,education,vacancies,11.0,k vacancies,2026-Q2,ABS Job Vacancies (ANZSIC P),measured
2026-08-17,AU,government,postings,161.6,index (Feb 2020=100),2026-08-07,"Indeed Hiring Lab sectors (AU: Community & Social Service, Security & Public Safety)",measured
2026-08-17,AU,government,employment,891.9,k persons,2026-Q1,"ABS Labour Account (ANZSIC O, measure M12)",measured
2026-08-17,AU,government,vacancies,21.2,k vacancies,2026-Q2,ABS Job Vacancies (ANZSIC O),measured
2026-08-17,EU,banking,postings,86.0,index (Feb 2020=100),2026-08-07,Indeed Hiring Lab sectors (DE+FR: Banking & Finance),measured
2026-08-17,EU,banking,employment,3099.6,k persons,2025-Q4,"Eurostat lfsq_egan22d (K64), EU27",measured
2026-08-17,EU,banking,vacancies,1.7,% vacancy rate,2025-Q4,"Eurostat jvs_q_nace2 JVR (NACE K, EU27)",measured
2026-08-17,EU,insurance,employment,1167.5,k persons,2025-Q4,"Eurostat lfsq_egan22d (K65), EU27",measured
2026-08-17,EU,insurance,vacancies,1.7,% vacancy rate,2025-Q4,"Eurostat jvs_q_nace2 JVR (NACE K, EU27)",measured
2026-08-17,EU,it_software,postings,64.6,index (Feb 2020=100),2026-08-07,"Indeed Hiring Lab sectors (DE+FR: Software Development, IT Infrastructure, Operations & Support…)",measured
2026-08-17,EU,it_software,employment,8007.3,k persons,2025-Q4,"Eurostat lfsq_egan2 (NACE J), EU27",measured
2026-08-17,EU,it_software,vacancies,2.2,% vacancy rate,2025-Q4,"Eurostat jvs_q_nace2 JVR (NACE J, EU27)",measured
2026-08-17,EU,telecom_media,postings,57.0,index (Feb 2020=100),2026-08-07,Indeed Hiring Lab sectors (DE+FR: Media & Communications),measured
2026-08-17,EU,telecom_media,employment,8007.3,k persons,2025-Q4,"Eurostat lfsq_egan2 (NACE J), EU27",measured
2026-08-17,EU,telecom_media,vacancies,2.2,% vacancy rate,2025-Q4,"Eurostat jvs_q_nace2 JVR (NACE J, EU27)",measured
2026-08-17,EU,manufacturing,postings,89.3,index (Feb 2020=100),2026-08-07,"Indeed Hiring Lab sectors (DE+FR: Production & Manufacturing, Industrial Engineering)",measured
2026-08-17,EU,manufacturing,employment,31399.8,k persons,2025-Q4,"Eurostat lfsq_egan2 (NACE C), EU27",measured
2026-08-17,EU,manufacturing,vacancies,1.5,% vacancy rate,2025-Q4,"Eurostat jvs_q_nace2 JVR (NACE C, EU27)",measured
2026-08-17,EU,healthcare,postings,152.5,index (Feb 2020=100),2026-08-07,"Indeed Hiring Lab sectors (DE+FR: Nursing, Physicians & Surgeons…)",measured
2026-08-17,EU,healthcare,employment,24095.3,k persons,2025-Q4,"Eurostat lfsq_egan2 (NACE Q), EU27",measured
2026-08-17,EU,retail,postings,110.5,index (Feb 2020=100),2026-08-07,"Indeed Hiring Lab sectors (DE+FR: Retail, Loading & Stocking)",measured
2026-08-17,EU,retail,employment,27991.8,k persons,2025-Q4,"Eurostat lfsq_egan2 (NACE G), EU27",measured
2026-08-17,EU,retail,vacancies,1.8,% vacancy rate,2025-Q4,"Eurostat jvs_q_nace2 JVR (NACE G, EU27)",measured
2026-08-17,EU,professional,postings,77.4,index (Feb 2020=100),2026-08-07,"Indeed Hiring Lab sectors (DE+FR: Legal, Accounting…)",measured
2026-08-17,EU,professional,employment,12806.6,k persons,2025-Q4,"Eurostat lfsq_egan2 (NACE M), EU27",measured
2026-08-17,EU,professional,vacancies,2.4,% vacancy rate,2025-Q4,"Eurostat jvs_q_nace2 JVR (NACE M, EU27)",measured
2026-08-17,EU,education,postings,109.8,index (Feb 2020=100),2026-08-07,Indeed Hiring Lab sectors (DE+FR: Education & Instruction),measured
2026-08-17,EU,education,employment,15960.8,k persons,2025-Q4,"Eurostat lfsq_egan2 (NACE P), EU27",measured
2026-08-17,EU,government,postings,139.1,index (Feb 2020=100),2026-08-07,"Indeed Hiring Lab sectors (DE+FR: Community & Social Service, Security & Public Safety)",measured
2026-08-17,EU,government,employment,14666.3,k persons,2025-Q4,"Eurostat lfsq_egan2 (NACE O), EU27",measured
2026-08-17,US,banking,postings,103.5,index (Feb 2020=100),2026-08-07,Indeed Hiring Lab sectors (US: Banking & Finance),measured
2026-08-17,US,it_software,postings,69.0,index (Feb 2020=100),2026-08-07,"Indeed Hiring Lab sectors (US: Software Development, IT Infrastructure, Operations & Support…)",measured
2026-08-17,US,telecom_media,postings,70.6,index (Feb 2020=100),2026-08-07,Indeed Hiring Lab sectors (US: Media & Communications),measured
2026-08-17,US,manufacturing,postings,116.2,index (Feb 2020=100),2026-08-07,"Indeed Hiring Lab sectors (US: Production & Manufacturing, Industrial Engineering)",measured
2026-08-17,US,healthcare,postings,126.3,index (Feb 2020=100),2026-08-07,"Indeed Hiring Lab sectors (US: Nursing, Physicians & Surgeons…)",measured
2026-08-17,US,retail,postings,97.6,index (Feb 2020=100),2026-08-07,"Indeed Hiring Lab sectors (US: Retail, Loading & Stocking)",measured
2026-08-17,US,professional,postings,94.2,index (Feb 2020=100),2026-08-07,"Indeed Hiring Lab sectors (US: Legal, Accounting…)",measured
2026-08-17,US,education,postings,110.1,index (Feb 2020=100),2026-08-07,Indeed Hiring Lab sectors (US: Education & Instruction),measured
2026-08-17,US,government,postings,109.8,index (Feb 2020=100),2026-08-07,"Indeed Hiring Lab sectors (US: Community & Social Service, Security & Public Safety)",measured
2026-08-17,IN,banking,employment,6085.2,k persons,IND 2025-Q4,"ILOSTAT EMP_TEMP_SEX_ECO (ISIC K, IND)",measured
2026-08-17,IN,insurance,employment,6085.2,k persons,IND 2025-Q4,"ILOSTAT EMP_TEMP_SEX_ECO (ISIC K, IND)",measured
2026-08-17,IN,it_software,employment,6854.2,k persons,IND 2025-Q4,"ILOSTAT EMP_TEMP_SEX_ECO (ISIC J, IND)",measured
2026-08-17,IN,telecom_media,employment,6854.2,k persons,IND 2025-Q4,"ILOSTAT EMP_TEMP_SEX_ECO (ISIC J, IND)",measured
2026-08-17,IN,manufacturing,employment,60142.5,k persons,IND 2025-Q4,"ILOSTAT EMP_TEMP_SEX_ECO (ISIC C, IND)",measured
2026-08-17,IN,healthcare,employment,8441.6,k persons,IND 2025-Q4,"ILOSTAT EMP_TEMP_SEX_ECO (ISIC Q, IND)",measured
2026-08-17,IN,retail,employment,52830.4,k persons,IND 2025-Q4,"ILOSTAT EMP_TEMP_SEX_ECO (ISIC G, IND)",measured
2026-08-17,IN,professional,employment,4358.7,k persons,IND 2025-Q4,"ILOSTAT EMP_TEMP_SEX_ECO (ISIC M, IND)",measured
2026-08-17,IN,education,employment,16320.3,k persons,IND 2025-Q4,"ILOSTAT EMP_TEMP_SEX_ECO (ISIC P, IND)",measured
2026-08-17,IN,government,employment,7681.3,k persons,IND 2025-Q4,"ILOSTAT EMP_TEMP_SEX_ECO (ISIC O, IND)",measured
2026-08-17,APAC,banking,employment,825.9,k persons,KOR 2026-Q2,"ILOSTAT EMP_TEMP_SEX_ECO (ISIC K, pooled SGP+JPN+KOR)",measured
2026-08-17,APAC,insurance,employment,825.9,k persons,KOR 2026-Q2,"ILOSTAT EMP_TEMP_SEX_ECO (ISIC K, pooled SGP+JPN+KOR)",measured
2026-08-17,APAC,it_software,employment,1174.4,k persons,KOR 2026-Q2,"ILOSTAT EMP_TEMP_SEX_ECO (ISIC J, pooled SGP+JPN+KOR)",measured
2026-08-17,APAC,telecom_media,employment,1174.4,k persons,KOR 2026-Q2,"ILOSTAT EMP_TEMP_SEX_ECO (ISIC J, pooled SGP+JPN+KOR)",measured
2026-08-17,APAC,manufacturing,employment,4318.0,k persons,KOR 2026-Q2,"ILOSTAT EMP_TEMP_SEX_ECO (ISIC C, pooled SGP+JPN+KOR)",measured
2026-08-17,APAC,manufacturing,vacancies,3500,vacancies (SG),2001-Q3,Singapore MOM job vacancies by industry (SG proxy market),measured
2026-08-17,APAC,healthcare,employment,3447.5,k persons,KOR 2026-Q2,"ILOSTAT EMP_TEMP_SEX_ECO (ISIC Q, pooled SGP+JPN+KOR)",measured
2026-08-17,APAC,retail,employment,3198.9,k persons,KOR 2026-Q2,"ILOSTAT EMP_TEMP_SEX_ECO (ISIC G, pooled SGP+JPN+KOR)",measured
2026-08-17,APAC,retail,vacancies,1000,vacancies (SG),2001-Q3,Singapore MOM job vacancies by industry (SG proxy market),measured
2026-08-17,APAC,professional,employment,1422.4,k persons,KOR 2026-Q2,"ILOSTAT EMP_TEMP_SEX_ECO (ISIC M, pooled SGP+JPN+KOR)",measured
2026-08-17,APAC,education,employment,1940.1,k persons,KOR 2026-Q2,"ILOSTAT EMP_TEMP_SEX_ECO (ISIC P, pooled SGP+JPN+KOR)",measured
2026-08-17,APAC,government,employment,1358.2,k persons,KOR 2026-Q2,"ILOSTAT EMP_TEMP_SEX_ECO (ISIC O, pooled SGP+JPN+KOR)",measured
2026-08-17,UK,banking,postings,84.8,index (Feb 2020=100),2026-08-07,Indeed Hiring Lab sectors (GB: Banking & Finance),measured
2026-08-17,UK,banking,employment,1112.0,k jobs,2026 Q1,"ONS JOBS02 workforce jobs (JWS7, SA)",measured
2026-08-17,UK,banking,vacancies,32.0,k vacancies,2026 MAY,"ONS VACS02 vacancies (JP9Q, SA)",measured
2026-08-17,UK,insurance,employment,1112.0,k jobs,2026 Q1,"ONS JOBS02 workforce jobs (JWS7, SA)",measured
2026-08-17,UK,insurance,vacancies,32.0,k vacancies,2026 MAY,"ONS VACS02 vacancies (JP9Q, SA)",measured
2026-08-17,UK,it_software,postings,54.8,index (Feb 2020=100),2026-08-07,"Indeed Hiring Lab sectors (GB: Software Development, IT Infrastructure, Operations & Support…)",measured
2026-08-17,UK,it_software,employment,1577.0,k jobs,2026 Q1,"ONS JOBS02 workforce jobs (JWS6, SA)",measured
2026-08-17,UK,it_software,vacancies,41.0,k vacancies,2026 MAY,"ONS VACS02 vacancies (JP9P, SA)",measured
2026-08-17,UK,telecom_media,postings,45.2,index (Feb 2020=100),2026-08-07,Indeed Hiring Lab sectors (GB: Media & Communications),measured
2026-08-17,UK,telecom_media,employment,1577.0,k jobs,2026 Q1,"ONS JOBS02 workforce jobs (JWS6, SA)",measured
2026-08-17,UK,telecom_media,vacancies,41.0,k vacancies,2026 MAY,"ONS VACS02 vacancies (JP9P, SA)",measured
2026-08-17,UK,manufacturing,postings,101.9,index (Feb 2020=100),2026-08-07,"Indeed Hiring Lab sectors (GB: Production & Manufacturing, Industrial Engineering)",measured
2026-08-17,UK,manufacturing,employment,2482.0,k jobs,2026 Q1,"ONS JOBS02 workforce jobs (JWR7, SA)",measured
2026-08-17,UK,manufacturing,vacancies,48.0,k vacancies,2026 MAY,"ONS VACS02 vacancies (JP9I, SA)",measured
2026-08-17,UK,healthcare,postings,54.9,index (Feb 2020=100),2026-08-07,"Indeed Hiring Lab sectors (GB: Nursing, Physicians & Surgeons…)",measured
2026-08-17,UK,healthcare,employment,5090.0,k jobs,2026 Q1,"ONS JOBS02 workforce jobs (JWT5, SA)",measured
2026-08-17,UK,healthcare,vacancies,121.0,k vacancies,2026 MAY,"ONS VACS02 vacancies (JP9W, SA)",measured
2026-08-17,UK,retail,postings,82.3,index (Feb 2020=100),2026-08-07,"Indeed Hiring Lab sectors (GB: Retail, Loading & Stocking)",measured
2026-08-17,UK,retail,employment,4629.0,k jobs,2026 Q1,"ONS JOBS02 workforce jobs (JWS3, SA)",measured
2026-08-17,UK,retail,vacancies,87.0,k vacancies,2026 MAY,"ONS VACS02 vacancies (JP9M, SA)",measured
2026-08-17,UK,professional,postings,66.5,index (Feb 2020=100),2026-08-07,"Indeed Hiring Lab sectors (GB: Legal, Accounting…)",measured
2026-08-17,UK,professional,employment,3492.0,k jobs,2026 Q1,"ONS JOBS02 workforce jobs (JWS9, SA)",measured
2026-08-17,UK,professional,vacancies,70.0,k vacancies,2026 MAY,"ONS VACS02 vacancies (JP9S, SA)",measured
2026-08-17,UK,education,postings,117.1,index (Feb 2020=100),2026-08-07,Indeed Hiring Lab sectors (GB: Education & Instruction),measured
2026-08-17,UK,education,vacancies,47.0,k vacancies,2026 MAY,"ONS VACS02 vacancies (JP9V, SA)",measured
2026-08-17,UK,government,postings,84.2,index (Feb 2020=100),2026-08-07,"Indeed Hiring Lab sectors (GB: Community & Social Service, Security & Public Safety)",measured
2026-08-17,UK,government,vacancies,29.0,k vacancies,2026 MAY,"ONS VACS02 vacancies (JP9U, SA)",measured
2026-08-17,AU,banking,postings,111.5,index (Feb 2020=100),2026-08-07,Indeed Hiring Lab sectors (AU: Banking & Finance),measured
2026-08-17,AU,banking,employment,523.7,k persons,2026-Q1,"ABS Labour Account (ANZSIC K, measure M12)",measured
2026-08-17,AU,banking,vacancies,8.9,k vacancies,2026-Q2,ABS Job Vacancies (ANZSIC K),measured
2026-08-17,AU,insurance,employment,523.7,k persons,2026-Q1,"ABS Labour Account (ANZSIC K, measure M12)",measured
2026-08-17,AU,insurance,vacancies,8.9,k vacancies,2026-Q2,ABS Job Vacancies (ANZSIC K),measured
2026-08-17,AU,it_software,postings,99.9,index (Feb 2020=100),2026-08-07,"Indeed Hiring Lab sectors (AU: Software Development, IT Infrastructure, Operations & Support…)",measured
2026-08-17,AU,it_software,employment,207.5,k persons,2026-Q1,"ABS Labour Account (ANZSIC J, measure M12)",measured
2026-08-17,AU,it_software,vacancies,3.6,k vacancies,2026-Q2,ABS Job Vacancies (ANZSIC J),measured
2026-08-17,AU,telecom_media,postings,70.9,index (Feb 2020=100),2026-08-07,Indeed Hiring Lab sectors (AU: Media & Communications),measured
2026-08-17,AU,telecom_media,employment,207.5,k persons,2026-Q1,"ABS Labour Account (ANZSIC J, measure M12)",measured
2026-08-17,AU,telecom_media,vacancies,3.6,k vacancies,2026-Q2,ABS Job Vacancies (ANZSIC J),measured
2026-08-17,AU,manufacturing,postings,148.2,index (Feb 2020=100),2026-08-07,"Indeed Hiring Lab sectors (AU: Production & Manufacturing, Industrial Engineering)",measured
2026-08-17,AU,manufacturing,employment,904.3,k persons,2026-Q1,"ABS Labour Account (ANZSIC C, measure M12)",measured
2026-08-17,AU,manufacturing,vacancies,21.7,k vacancies,2026-Q2,ABS Job Vacancies (ANZSIC C),measured
2026-08-17,AU,healthcare,postings,136.5,index (Feb 2020=100),2026-08-07,"Indeed Hiring Lab sectors (AU: Nursing, Physicians & Surgeons…)",measured
2026-08-17,AU,healthcare,employment,2580.6,k persons,2026-Q1,"ABS Labour Account (ANZSIC Q, measure M12)",measured
2026-08-17,AU,healthcare,vacancies,56.7,k vacancies,2026-Q2,ABS Job Vacancies (ANZSIC Q),measured
2026-08-17,AU,retail,postings,222.4,index (Feb 2020=100),2026-08-07,"Indeed Hiring Lab sectors (AU: Retail, Loading & Stocking)",measured
2026-08-17,AU,retail,employment,1522.0,k persons,2026-Q1,"ABS Labour Account (ANZSIC G, measure M12)",measured
2026-08-17,AU,retail,vacancies,26.0,k vacancies,2026-Q2,ABS Job Vacancies (ANZSIC G),measured
2026-08-17,AU,professional,postings,115.0,index (Feb 2020=100),2026-08-07,"Indeed Hiring Lab sectors (AU: Legal, Accounting…)",measured
2026-08-17,AU,professional,employment,1323.5,k persons,2026-Q1,"ABS Labour Account (ANZSIC M, measure M12)",measured
2026-08-17,AU,professional,vacancies,35.7,k vacancies,2026-Q2,ABS Job Vacancies (ANZSIC M),measured
2026-08-17,AU,education,employment,1344.2,k persons,2026-Q1,"ABS Labour Account (ANZSIC P, measure M12)",measured
2026-08-17,AU,education,vacancies,11.0,k vacancies,2026-Q2,ABS Job Vacancies (ANZSIC P),measured
2026-08-17,AU,government,postings,161.6,index (Feb 2020=100),2026-08-07,"Indeed Hiring Lab sectors (AU: Community & Social Service, Security & Public Safety)",measured
2026-08-17,AU,government,employment,891.9,k persons,2026-Q1,"ABS Labour Account (ANZSIC O, measure M12)",measured
2026-08-17,AU,government,vacancies,21.2,k vacancies,2026-Q2,ABS Job Vacancies (ANZSIC O),measured
2026-08-17,EU,banking,postings,86.0,index (Feb 2020=100),2026-08-07,Indeed Hiring Lab sectors (DE+FR: Banking & Finance),measured
2026-08-17,EU,banking,employment,3099.6,k persons,2025-Q4,"Eurostat lfsq_egan22d (K64), EU27",measured
2026-08-17,EU,banking,vacancies,1.7,% vacancy rate,2025-Q4,"Eurostat jvs_q_nace2 JVR (NACE K, EU27)",measured
2026-08-17,EU,insurance,employment,1167.5,k persons,2025-Q4,"Eurostat lfsq_egan22d (K65), EU27",measured
2026-08-17,EU,insurance,vacancies,1.7,% vacancy rate,2025-Q4,"Eurostat jvs_q_nace2 JVR (NACE K, EU27)",measured
2026-08-17,EU,it_software,postings,64.6,index (Feb 2020=100),2026-08-07,"Indeed Hiring Lab sectors (DE+FR: Software Development, IT Infrastructure, Operations & Support…)",measured
2026-08-17,EU,it_software,employment,8007.3,k persons,2025-Q4,"Eurostat lfsq_egan2 (NACE J), EU27",measured
2026-08-17,EU,it_software,vacancies,2.2,% vacancy rate,2025-Q4,"Eurostat jvs_q_nace2 JVR (NACE J, EU27)",measured
2026-08-17,EU,telecom_media,postings,57.0,index (Feb 2020=100),2026-08-07,Indeed Hiring Lab sectors (DE+FR: Media & Communications),measured
2026-08-17,EU,telecom_media,employment,8007.3,k persons,2025-Q4,"Eurostat lfsq_egan2 (NACE J), EU27",measured
2026-08-17,EU,telecom_media,vacancies,2.2,% vacancy rate,2025-Q4,"Eurostat jvs_q_nace2 JVR (NACE J, EU27)",measured
2026-08-17,EU,manufacturing,postings,89.3,index (Feb 2020=100),2026-08-07,"Indeed Hiring Lab sectors (DE+FR: Production & Manufacturing, Industrial Engineering)",measured
2026-08-17,EU,manufacturing,employment,31399.8,k persons,2025-Q4,"Eurostat lfsq_egan2 (NACE C), EU27",measured
2026-08-17,EU,manufacturing,vacancies,1.5,% vacancy rate,2025-Q4,"Eurostat jvs_q_nace2 JVR (NACE C, EU27)",measured
2026-08-17,EU,healthcare,postings,152.5,index (Feb 2020=100),2026-08-07,"Indeed Hiring Lab sectors (DE+FR: Nursing, Physicians & Surgeons…)",measured
2026-08-17,EU,healthcare,employment,24095.3,k persons,2025-Q4,"Eurostat lfsq_egan2 (NACE Q), EU27",measured
2026-08-17,EU,retail,postings,110.5,index (Feb 2020=100),2026-08-07,"Indeed Hiring Lab sectors (DE+FR: Retail, Loading & Stocking)",measured
2026-08-17,EU,retail,employment,27991.8,k persons,2025-Q4,"Eurostat lfsq_egan2 (NACE G), EU27",measured
2026-08-17,EU,retail,vacancies,1.8,% vacancy rate,2025-Q4,"Eurostat jvs_q_nace2 JVR (NACE G, EU27)",measured
2026-08-17,EU,professional,postings,77.4,index (Feb 2020=100),2026-08-07,"Indeed Hiring Lab sectors (DE+FR: Legal, Accounting…)",measured
2026-08-17,EU,professional,employment,12806.6,k persons,2025-Q4,"Eurostat lfsq_egan2 (NACE M), EU27",measured
2026-08-17,EU,professional,vacancies,2.4,% vacancy rate,2025-Q4,"Eurostat jvs_q_nace2 JVR (NACE M, EU27)",measured
2026-08-17,EU,education,postings,109.8,index (Feb 2020=100),2026-08-07,Indeed Hiring Lab sectors (DE+FR: Education & Instruction),measured
2026-08-17,EU,education,employment,15960.8,k persons,2025-Q4,"Eurostat lfsq_egan2 (NACE P), EU27",measured
2026-08-17,EU,government,postings,139.1,index (Feb 2020=100),2026-08-07,"Indeed Hiring Lab sectors (DE+FR: Community & Social Service, Security & Public Safety)",measured
2026-08-17,EU,government,employment,14666.3,k persons,2025-Q4,"Eurostat lfsq_egan2 (NACE O), EU27",measured
2026-08-17,US,banking,postings,103.5,index (Feb 2020=100),2026-08-07,Indeed Hiring Lab sectors (US: Banking & Finance),measured
2026-08-17,US,banking,employment,6652.2,k jobs,2026-07,"BLS CES (CES5552000001, SA)",measured
2026-08-17,US,it_software,postings,69.0,index (Feb 2020=100),2026-08-07,"Indeed Hiring Lab sectors (US: Software Development, IT Infrastructure, Operations & Support…)",measured
2026-08-17,US,it_software,employment,2780.0,k jobs,2026-07,"BLS CES (CES5000000001, SA)",measured
2026-08-17,US,telecom_media,postings,70.6,index (Feb 2020=100),2026-08-07,Indeed Hiring Lab sectors (US: Media & Communications),measured
2026-08-17,US,telecom_media,employment,571.8,k jobs,2026-07,"BLS CES (CES5051700001, SA)",measured
2026-08-17,US,manufacturing,postings,116.2,index (Feb 2020=100),2026-08-07,"Indeed Hiring Lab sectors (US: Production & Manufacturing, Industrial Engineering)",measured
2026-08-17,US,manufacturing,employment,12611.0,k jobs,2026-07,"BLS CES (CES3000000001, SA)",measured
2026-08-17,US,healthcare,postings,126.3,index (Feb 2020=100),2026-08-07,"Indeed Hiring Lab sectors (US: Nursing, Physicians & Surgeons…)",measured
2026-08-17,US,healthcare,employment,23912.2,k jobs,2026-07,"BLS CES (CES6562000001, SA)",measured
2026-08-17,US,retail,postings,97.6,index (Feb 2020=100),2026-08-07,"Indeed Hiring Lab sectors (US: Retail, Loading & Stocking)",measured
2026-08-17,US,retail,employment,15440.9,k jobs,2026-07,"BLS CES (CES4200000001, SA)",measured
2026-08-17,US,professional,postings,94.2,index (Feb 2020=100),2026-08-07,"Indeed Hiring Lab sectors (US: Legal, Accounting…)",measured
2026-08-17,US,professional,employment,10837.3,k jobs,2026-07,"BLS CES (CES6054000001, SA)",measured
2026-08-17,US,education,postings,110.1,index (Feb 2020=100),2026-08-07,Indeed Hiring Lab sectors (US: Education & Instruction),measured
2026-08-17,US,education,employment,4049.7,k jobs,2026-07,"BLS CES (CES6561000001, SA)",measured
2026-08-17,US,government,postings,109.8,index (Feb 2020=100),2026-08-07,"Indeed Hiring Lab sectors (US: Community & Social Service, Security & Public Safety)",measured
2026-08-17,US,government,employment,23270.0,k jobs,2026-07,"BLS CES (CES9000000001, SA)",measured
2026-08-17,US,insurance,employment,2935.6,k jobs,2026-07,"BLS CES (CES5552400001, SA)",measured
2026-08-17,IN,banking,employment,6085.2,k persons,IND 2025-Q4,"ILOSTAT EMP_TEMP_SEX_ECO (ISIC K, IND)",measured
2026-08-17,IN,banking,momentum,-12.0,% YoY hiring,<![CDATA[Naukri JobSpeak: White-collar hiring grows 6% in Ju,Naukri JobSpeak monthly (text-parsed from published report),measured
2026-08-17,IN,insurance,employment,6085.2,k persons,IND 2025-Q4,"ILOSTAT EMP_TEMP_SEX_ECO (ISIC K, IND)",measured
2026-08-17,IN,insurance,momentum,16.0,% YoY hiring,<![CDATA[Naukri JobSpeak: White-collar hiring grows 6% in Ju,Naukri JobSpeak monthly (text-parsed from published report),measured
2026-08-17,IN,it_software,employment,6854.2,k persons,IND 2025-Q4,"ILOSTAT EMP_TEMP_SEX_ECO (ISIC J, IND)",measured
2026-08-17,IN,it_software,momentum,18.0,% YoY hiring,<![CDATA[Naukri JobSpeak: White-collar hiring grows 6% in Ju,Naukri JobSpeak monthly (text-parsed from published report),measured
2026-08-17,IN,telecom_media,employment,6854.2,k persons,IND 2025-Q4,"ILOSTAT EMP_TEMP_SEX_ECO (ISIC J, IND)",measured
2026-08-17,IN,telecom_media,momentum,6.0,% YoY hiring,<![CDATA[Naukri JobSpeak: White-collar hiring grows 6% in Ju,Naukri JobSpeak monthly (text-parsed from published report),measured
2026-08-17,IN,manufacturing,employment,60142.5,k persons,IND 2025-Q4,"ILOSTAT EMP_TEMP_SEX_ECO (ISIC C, IND)",measured
2026-08-17,IN,manufacturing,momentum,14.0,% YoY hiring,<![CDATA[Naukri JobSpeak: White-collar hiring grows 6% in Ju,Naukri JobSpeak monthly (text-parsed from published report),measured
2026-08-17,IN,healthcare,employment,8441.6,k persons,IND 2025-Q4,"ILOSTAT EMP_TEMP_SEX_ECO (ISIC Q, IND)",measured
2026-08-17,IN,healthcare,momentum,4.0,% YoY hiring,<![CDATA[Naukri JobSpeak: White-collar hiring grows 6% in Ju,Naukri JobSpeak monthly (text-parsed from published report),measured
2026-08-17,IN,retail,employment,52830.4,k persons,IND 2025-Q4,"ILOSTAT EMP_TEMP_SEX_ECO (ISIC G, IND)",measured
2026-08-17,IN,retail,momentum,-12.0,% YoY hiring,<![CDATA[Naukri JobSpeak: White-collar hiring grows 6% in Ju,Naukri JobSpeak monthly (text-parsed from published report),measured
2026-08-17,IN,professional,employment,4358.7,k persons,IND 2025-Q4,"ILOSTAT EMP_TEMP_SEX_ECO (ISIC M, IND)",measured
2026-08-17,IN,education,employment,16320.3,k persons,IND 2025-Q4,"ILOSTAT EMP_TEMP_SEX_ECO (ISIC P, IND)",measured
2026-08-17,IN,education,momentum,-4.0,% YoY hiring,<![CDATA[Naukri JobSpeak: White-collar hiring grows 6% in Ju,Naukri JobSpeak monthly (text-parsed from published report),measured
2026-08-17,IN,government,employment,7681.3,k persons,IND 2025-Q4,"ILOSTAT EMP_TEMP_SEX_ECO (ISIC O, IND)",measured
2026-08-17,APAC,banking,employment,1061.3,k persons,"KOR 2026-Q2, SGP 2025","ILOSTAT EMP_TEMP_SEX_ECO (ISIC K, pooled SGP+JPN+KOR)",measured
2026-08-17,APAC,banking,vacancies,8700,vacancies (SG),2025-Q4,Singapore MOM job vacancies by industry (SG proxy market),measured
2026-08-17,APAC,insurance,employment,1061.3,k persons,"KOR 2026-Q2, SGP 2025","ILOSTAT EMP_TEMP_SEX_ECO (ISIC K, pooled SGP+JPN+KOR)",measured
2026-08-17,APAC,insurance,vacancies,1200,vacancies (SG),2025-Q4,Singapore MOM job vacancies by industry (SG proxy market),measured
2026-08-17,APAC,it_software,employment,1303.8,k persons,"KOR 2026-Q2, SGP 2025","ILOSTAT EMP_TEMP_SEX_ECO (ISIC J, pooled SGP+JPN+KOR)",measured
2026-08-17,APAC,it_software,vacancies,10500,vacancies (SG),2025-Q4,Singapore MOM job vacancies by industry (SG proxy market),measured
2026-08-17,APAC,telecom_media,employment,1303.8,k persons,"KOR 2026-Q2, SGP 2025","ILOSTAT EMP_TEMP_SEX_ECO (ISIC J, pooled SGP+JPN+KOR)",measured
2026-08-17,APAC,telecom_media,vacancies,1100,vacancies (SG),2025-Q4,Singapore MOM job vacancies by industry (SG proxy market),measured
2026-08-17,APAC,manufacturing,employment,4528.2,k persons,"KOR 2026-Q2, SGP 2025","ILOSTAT EMP_TEMP_SEX_ECO (ISIC C, pooled SGP+JPN+KOR)",measured
2026-08-17,APAC,manufacturing,vacancies,16000,vacancies (SG),2025-Q4,Singapore MOM job vacancies by industry (SG proxy market),measured
2026-08-17,APAC,healthcare,employment,3630.2,k persons,"KOR 2026-Q2, SGP 2025","ILOSTAT EMP_TEMP_SEX_ECO (ISIC Q, pooled SGP+JPN+KOR)",measured
2026-08-17,APAC,healthcare,vacancies,10300,vacancies (SG),2025-Q4,Singapore MOM job vacancies by industry (SG proxy market),measured
2026-08-17,APAC,retail,employment,3535.5,k persons,"KOR 2026-Q2, SGP 2025","ILOSTAT EMP_TEMP_SEX_ECO (ISIC G, pooled SGP+JPN+KOR)",measured
2026-08-17,APAC,retail,vacancies,4200,vacancies (SG),2025-Q4,Singapore MOM job vacancies by industry (SG proxy market),measured
2026-08-17,APAC,professional,employment,1615.0,k persons,"KOR 2026-Q2, SGP 2025","ILOSTAT EMP_TEMP_SEX_ECO (ISIC M, pooled SGP+JPN+KOR)",measured
2026-08-17,APAC,professional,vacancies,13800,vacancies (SG),2025-Q4,Singapore MOM job vacancies by industry (SG proxy market),measured
2026-08-17,APAC,education,employment,2093.2,k persons,"KOR 2026-Q2, SGP 2025","ILOSTAT EMP_TEMP_SEX_ECO (ISIC P, pooled SGP+JPN+KOR)",measured
2026-08-17,APAC,government,employment,1515.7,k persons,"KOR 2026-Q2, SGP 2025","ILOSTAT EMP_TEMP_SEX_ECO (ISIC O, pooled SGP+JPN+KOR)",measured
2026-08-17,APAC,government,vacancies,14000,vacancies (SG),2025-Q4,Singapore MOM job vacancies by industry (SG proxy market incl. education (SSIC grouping)),measured
2026-08-17,UK,banking,postings,84.8,index (Feb 2020=100),2026-08-07,Indeed Hiring Lab sectors (GB: Banking & Finance),measured
2026-08-17,UK,banking,employment,1112.0,k jobs,2026 Q1,"ONS JOBS02 workforce jobs (JWS7, SA)",measured
2026-08-17,UK,banking,vacancies,32.0,k vacancies,2026 MAY,"ONS VACS02 vacancies (JP9Q, SA)",measured
2026-08-17,UK,insurance,employment,1112.0,k jobs,2026 Q1,"ONS JOBS02 workforce jobs (JWS7, SA)",measured
2026-08-17,UK,insurance,vacancies,32.0,k vacancies,2026 MAY,"ONS VACS02 vacancies (JP9Q, SA)",measured
2026-08-17,UK,it_software,postings,54.8,index (Feb 2020=100),2026-08-07,"Indeed Hiring Lab sectors (GB: Software Development, IT Infrastructure, Operations & Support…)",measured
2026-08-17,UK,it_software,employment,1577.0,k jobs,2026 Q1,"ONS JOBS02 workforce jobs (JWS6, SA)",measured
2026-08-17,UK,it_software,vacancies,41.0,k vacancies,2026 MAY,"ONS VACS02 vacancies (JP9P, SA)",measured
2026-08-17,UK,telecom_media,postings,45.2,index (Feb 2020=100),2026-08-07,Indeed Hiring Lab sectors (GB: Media & Communications),measured
2026-08-17,UK,telecom_media,employment,1577.0,k jobs,2026 Q1,"ONS JOBS02 workforce jobs (JWS6, SA)",measured
2026-08-17,UK,telecom_media,vacancies,41.0,k vacancies,2026 MAY,"ONS VACS02 vacancies (JP9P, SA)",measured
2026-08-17,UK,manufacturing,postings,101.9,index (Feb 2020=100),2026-08-07,"Indeed Hiring Lab sectors (GB: Production & Manufacturing, Industrial Engineering)",measured
2026-08-17,UK,manufacturing,employment,2482.0,k jobs,2026 Q1,"ONS JOBS02 workforce jobs (JWR7, SA)",measured
2026-08-17,UK,manufacturing,vacancies,48.0,k vacancies,2026 MAY,"ONS VACS02 vacancies (JP9I, SA)",measured
2026-08-17,UK,healthcare,postings,54.9,index (Feb 2020=100),2026-08-07,"Indeed Hiring Lab sectors (GB: Nursing, Physicians & Surgeons…)",measured
2026-08-17,UK,healthcare,employment,5090.0,k jobs,2026 Q1,"ONS JOBS02 workforce jobs (JWT5, SA)",measured
2026-08-17,UK,healthcare,vacancies,121.0,k vacancies,2026 MAY,"ONS VACS02 vacancies (JP9W, SA)",measured
2026-08-17,UK,retail,postings,82.3,index (Feb 2020=100),2026-08-07,"Indeed Hiring Lab sectors (GB: Retail, Loading & Stocking)",measured
2026-08-17,UK,retail,employment,4629.0,k jobs,2026 Q1,"ONS JOBS02 workforce jobs (JWS3, SA)",measured
2026-08-17,UK,retail,vacancies,87.0,k vacancies,2026 MAY,"ONS VACS02 vacancies (JP9M, SA)",measured
2026-08-17,UK,professional,postings,66.5,index (Feb 2020=100),2026-08-07,"Indeed Hiring Lab sectors (GB: Legal, Accounting…)",measured
2026-08-17,UK,professional,employment,3492.0,k jobs,2026 Q1,"ONS JOBS02 workforce jobs (JWS9, SA)",measured
2026-08-17,UK,professional,vacancies,70.0,k vacancies,2026 MAY,"ONS VACS02 vacancies (JP9S, SA)",measured
2026-08-17,UK,education,postings,117.1,index (Feb 2020=100),2026-08-07,Indeed Hiring Lab sectors (GB: Education & Instruction),measured
2026-08-17,UK,education,vacancies,47.0,k vacancies,2026 MAY,"ONS VACS02 vacancies (JP9V, SA)",measured
2026-08-17,UK,government,postings,84.2,index (Feb 2020=100),2026-08-07,"Indeed Hiring Lab sectors (GB: Community & Social Service, Security & Public Safety)",measured
2026-08-17,UK,government,vacancies,29.0,k vacancies,2026 MAY,"ONS VACS02 vacancies (JP9U, SA)",measured
2026-08-17,AU,banking,postings,111.5,index (Feb 2020=100),2026-08-07,Indeed Hiring Lab sectors (AU: Banking & Finance),measured
2026-08-17,AU,banking,employment,523.7,k persons,2026-Q1,"ABS Labour Account (ANZSIC K, measure M12)",measured
2026-08-17,AU,banking,vacancies,8.9,k vacancies,2026-Q2,ABS Job Vacancies (ANZSIC K),measured
2026-08-17,AU,insurance,employment,523.7,k persons,2026-Q1,"ABS Labour Account (ANZSIC K, measure M12)",measured
2026-08-17,AU,insurance,vacancies,8.9,k vacancies,2026-Q2,ABS Job Vacancies (ANZSIC K),measured
2026-08-17,AU,it_software,postings,99.9,index (Feb 2020=100),2026-08-07,"Indeed Hiring Lab sectors (AU: Software Development, IT Infrastructure, Operations & Support…)",measured
2026-08-17,AU,it_software,employment,207.5,k persons,2026-Q1,"ABS Labour Account (ANZSIC J, measure M12)",measured
2026-08-17,AU,it_software,vacancies,3.6,k vacancies,2026-Q2,ABS Job Vacancies (ANZSIC J),measured
2026-08-17,AU,telecom_media,postings,70.9,index (Feb 2020=100),2026-08-07,Indeed Hiring Lab sectors (AU: Media & Communications),measured
2026-08-17,AU,telecom_media,employment,207.5,k persons,2026-Q1,"ABS Labour Account (ANZSIC J, measure M12)",measured
2026-08-17,AU,telecom_media,vacancies,3.6,k vacancies,2026-Q2,ABS Job Vacancies (ANZSIC J),measured
2026-08-17,AU,manufacturing,postings,148.2,index (Feb 2020=100),2026-08-07,"Indeed Hiring Lab sectors (AU: Production & Manufacturing, Industrial Engineering)",measured
2026-08-17,AU,manufacturing,employment,904.3,k persons,2026-Q1,"ABS Labour Account (ANZSIC C, measure M12)",measured
2026-08-17,AU,manufacturing,vacancies,21.7,k vacancies,2026-Q2,ABS Job Vacancies (ANZSIC C),measured
2026-08-17,AU,healthcare,postings,136.5,index (Feb 2020=100),2026-08-07,"Indeed Hiring Lab sectors (AU: Nursing, Physicians & Surgeons…)",measured
2026-08-17,AU,healthcare,employment,2580.6,k persons,2026-Q1,"ABS Labour Account (ANZSIC Q, measure M12)",measured
2026-08-17,AU,healthcare,vacancies,56.7,k vacancies,2026-Q2,ABS Job Vacancies (ANZSIC Q),measured
2026-08-17,AU,retail,postings,222.4,index (Feb 2020=100),2026-08-07,"Indeed Hiring Lab sectors (AU: Retail, Loading & Stocking)",measured
2026-08-17,AU,retail,employment,1522.0,k persons,2026-Q1,"ABS Labour Account (ANZSIC G, measure M12)",measured
2026-08-17,AU,retail,vacancies,26.0,k vacancies,2026-Q2,ABS Job Vacancies (ANZSIC G),measured
2026-08-17,AU,professional,postings,115.0,index (Feb 2020=100),2026-08-07,"Indeed Hiring Lab sectors (AU: Legal, Accounting…)",measured
2026-08-17,AU,professional,employment,1323.5,k persons,2026-Q1,"ABS Labour Account (ANZSIC M, measure M12)",measured
2026-08-17,AU,professional,vacancies,35.7,k vacancies,2026-Q2,ABS Job Vacancies (ANZSIC M),measured
2026-08-17,AU,education,employment,1344.2,k persons,2026-Q1,"ABS Labour Account (ANZSIC P, measure M12)",measured
2026-08-17,AU,education,vacancies,11.0,k vacancies,2026-Q2,ABS Job Vacancies (ANZSIC P),measured
2026-08-17,AU,government,postings,161.6,index (Feb 2020=100),2026-08-07,"Indeed Hiring Lab sectors (AU: Community & Social Service, Security & Public Safety)",measured
2026-08-17,AU,government,employment,891.9,k persons,2026-Q1,"ABS Labour Account (ANZSIC O, measure M12)",measured
2026-08-17,AU,government,vacancies,21.2,k vacancies,2026-Q2,ABS Job Vacancies (ANZSIC O),measured
2026-08-17,EU,banking,postings,86.0,index (Feb 2020=100),2026-08-07,Indeed Hiring Lab sectors (DE+FR: Banking & Finance),measured
2026-08-17,EU,banking,employment,3099.6,k persons,2025-Q4,"Eurostat lfsq_egan22d (K64), EU27",measured
2026-08-17,EU,banking,vacancies,1.7,% vacancy rate,2025-Q4,"Eurostat jvs_q_nace2 JVR (NACE K, EU27)",measured
2026-08-17,EU,insurance,employment,1167.5,k persons,2025-Q4,"Eurostat lfsq_egan22d (K65), EU27",measured
2026-08-17,EU,insurance,vacancies,1.7,% vacancy rate,2025-Q4,"Eurostat jvs_q_nace2 JVR (NACE K, EU27)",measured
2026-08-17,EU,it_software,postings,64.6,index (Feb 2020=100),2026-08-07,"Indeed Hiring Lab sectors (DE+FR: Software Development, IT Infrastructure, Operations & Support…)",measured
2026-08-17,EU,it_software,employment,8007.3,k persons,2025-Q4,"Eurostat lfsq_egan2 (NACE J), EU27",measured
2026-08-17,EU,it_software,vacancies,2.2,% vacancy rate,2025-Q4,"Eurostat jvs_q_nace2 JVR (NACE J, EU27)",measured
2026-08-17,EU,telecom_media,postings,57.0,index (Feb 2020=100),2026-08-07,Indeed Hiring Lab sectors (DE+FR: Media & Communications),measured
2026-08-17,EU,telecom_media,employment,8007.3,k persons,2025-Q4,"Eurostat lfsq_egan2 (NACE J), EU27",measured
2026-08-17,EU,telecom_media,vacancies,2.2,% vacancy rate,2025-Q4,"Eurostat jvs_q_nace2 JVR (NACE J, EU27)",measured
2026-08-17,EU,manufacturing,postings,89.3,index (Feb 2020=100),2026-08-07,"Indeed Hiring Lab sectors (DE+FR: Production & Manufacturing, Industrial Engineering)",measured
2026-08-17,EU,manufacturing,employment,31399.8,k persons,2025-Q4,"Eurostat lfsq_egan2 (NACE C), EU27",measured
2026-08-17,EU,manufacturing,vacancies,1.5,% vacancy rate,2025-Q4,"Eurostat jvs_q_nace2 JVR (NACE C, EU27)",measured
2026-08-17,EU,healthcare,postings,152.5,index (Feb 2020=100),2026-08-07,"Indeed Hiring Lab sectors (DE+FR: Nursing, Physicians & Surgeons…)",measured
2026-08-17,EU,healthcare,employment,24095.3,k persons,2025-Q4,"Eurostat lfsq_egan2 (NACE Q), EU27",measured
2026-08-17,EU,retail,postings,110.5,index (Feb 2020=100),2026-08-07,"Indeed Hiring Lab sectors (DE+FR: Retail, Loading & Stocking)",measured
2026-08-17,EU,retail,employment,27991.8,k persons,2025-Q4,"Eurostat lfsq_egan2 (NACE G), EU27",measured
2026-08-17,EU,retail,vacancies,1.8,% vacancy rate,2025-Q4,"Eurostat jvs_q_nace2 JVR (NACE G, EU27)",measured
2026-08-17,EU,professional,postings,77.4,index (Feb 2020=100),2026-08-07,"Indeed Hiring Lab sectors (DE+FR: Legal, Accounting…)",measured
2026-08-17,EU,professional,employment,12806.6,k persons,2025-Q4,"Eurostat lfsq_egan2 (NACE M), EU27",measured
2026-08-17,EU,professional,vacancies,2.4,% vacancy rate,2025-Q4,"Eurostat jvs_q_nace2 JVR (NACE M, EU27)",measured
2026-08-17,EU,education,postings,109.8,index (Feb 2020=100),2026-08-07,Indeed Hiring Lab sectors (DE+FR: Education & Instruction),measured
2026-08-17,EU,education,employment,15960.8,k persons,2025-Q4,"Eurostat lfsq_egan2 (NACE P), EU27",measured
2026-08-17,EU,government,postings,139.1,index (Feb 2020=100),2026-08-07,"Indeed Hiring Lab sectors (DE+FR: Community & Social Service, Security & Public Safety)",measured
2026-08-17,EU,government,employment,14666.3,k persons,2025-Q4,"Eurostat lfsq_egan2 (NACE O), EU27",measured
2026-08-17,US,banking,postings,103.5,index (Feb 2020=100),2026-08-07,Indeed Hiring Lab sectors (US: Banking & Finance),measured
2026-08-17,US,banking,employment,6652.2,k jobs,2026-07,"BLS CES (CES5552000001, SA)",measured
2026-08-17,US,it_software,postings,69.0,index (Feb 2020=100),2026-08-07,"Indeed Hiring Lab sectors (US: Software Development, IT Infrastructure, Operations & Support…)",measured
2026-08-17,US,it_software,employment,2780.0,k jobs,2026-07,"BLS CES (CES5000000001, SA)",measured
2026-08-17,US,telecom_media,postings,70.6,index (Feb 2020=100),2026-08-07,Indeed Hiring Lab sectors (US: Media & Communications),measured
2026-08-17,US,telecom_media,employment,571.8,k jobs,2026-07,"BLS CES (CES5051700001, SA)",measured
2026-08-17,US,manufacturing,postings,116.2,index (Feb 2020=100),2026-08-07,"Indeed Hiring Lab sectors (US: Production & Manufacturing, Industrial Engineering)",measured
2026-08-17,US,manufacturing,employment,12611.0,k jobs,2026-07,"BLS CES (CES3000000001, SA)",measured
2026-08-17,US,healthcare,postings,126.3,index (Feb 2020=100),2026-08-07,"Indeed Hiring Lab sectors (US: Nursing, Physicians & Surgeons…)",measured
2026-08-17,US,healthcare,employment,23912.2,k jobs,2026-07,"BLS CES (CES6562000001, SA)",measured
2026-08-17,US,retail,postings,97.6,index (Feb 2020=100),2026-08-07,"Indeed Hiring Lab sectors (US: Retail, Loading & Stocking)",measured
2026-08-17,US,retail,employment,15440.9,k jobs,2026-07,"BLS CES (CES4200000001, SA)",measured
2026-08-17,US,professional,postings,94.2,index (Feb 2020=100),2026-08-07,"Indeed Hiring Lab sectors (US: Legal, Accounting…)",measured
2026-08-17,US,professional,employment,10837.3,k jobs,2026-07,"BLS CES (CES6054000001, SA)",measured
2026-08-17,US,education,postings,110.1,index (Feb 2020=100),2026-08-07,Indeed Hiring Lab sectors (US: Education & Instruction),measured
2026-08-17,US,education,employment,4049.7,k jobs,2026-07,"BLS CES (CES6561000001, SA)",measured
2026-08-17,US,government,postings,109.8,index (Feb 2020=100),2026-08-07,"Indeed Hiring Lab sectors (US: Community & Social Service, Security & Public Safety)",measured
2026-08-17,US,government,employment,23270.0,k jobs,2026-07,"BLS CES (CES9000000001, SA)",measured
2026-08-17,US,insurance,employment,2935.6,k jobs,2026-07,"BLS CES (CES5552400001, SA)",measured
2026-08-17,IN,banking,employment,6085.2,k persons,IND 2025-Q4,"ILOSTAT EMP_TEMP_SEX_ECO (ISIC K, IND)",measured
2026-08-17,IN,banking,momentum,-12.0,% YoY hiring,<![CDATA[Naukri JobSpeak: White-collar hiring grows 6% in Ju,Naukri JobSpeak monthly (text-parsed from published report),measured
2026-08-17,IN,insurance,employment,6085.2,k persons,IND 2025-Q4,"ILOSTAT EMP_TEMP_SEX_ECO (ISIC K, IND)",measured
2026-08-17,IN,insurance,momentum,16.0,% YoY hiring,<![CDATA[Naukri JobSpeak: White-collar hiring grows 6% in Ju,Naukri JobSpeak monthly (text-parsed from published report),measured
2026-08-17,IN,it_software,employment,6854.2,k persons,IND 2025-Q4,"ILOSTAT EMP_TEMP_SEX_ECO (ISIC J, IND)",measured
2026-08-17,IN,it_software,momentum,18.0,% YoY hiring,<![CDATA[Naukri JobSpeak: White-collar hiring grows 6% in Ju,Naukri JobSpeak monthly (text-parsed from published report),measured
2026-08-17,IN,telecom_media,employment,6854.2,k persons,IND 2025-Q4,"ILOSTAT EMP_TEMP_SEX_ECO (ISIC J, IND)",measured
2026-08-17,IN,telecom_media,momentum,6.0,% YoY hiring,<![CDATA[Naukri JobSpeak: White-collar hiring grows 6% in Ju,Naukri JobSpeak monthly (text-parsed from published report),measured
2026-08-17,IN,manufacturing,employment,60142.5,k persons,IND 2025-Q4,"ILOSTAT EMP_TEMP_SEX_ECO (ISIC C, IND)",measured
2026-08-17,IN,manufacturing,momentum,14.0,% YoY hiring,<![CDATA[Naukri JobSpeak: White-collar hiring grows 6% in Ju,Naukri JobSpeak monthly (text-parsed from published report),measured
2026-08-17,IN,healthcare,employment,8441.6,k persons,IND 2025-Q4,"ILOSTAT EMP_TEMP_SEX_ECO (ISIC Q, IND)",measured
2026-08-17,IN,healthcare,momentum,4.0,% YoY hiring,<![CDATA[Naukri JobSpeak: White-collar hiring grows 6% in Ju,Naukri JobSpeak monthly (text-parsed from published report),measured
2026-08-17,IN,retail,employment,52830.4,k persons,IND 2025-Q4,"ILOSTAT EMP_TEMP_SEX_ECO (ISIC G, IND)",measured
2026-08-17,IN,retail,momentum,-12.0,% YoY hiring,<![CDATA[Naukri JobSpeak: White-collar hiring grows 6% in Ju,Naukri JobSpeak monthly (text-parsed from published report),measured
2026-08-17,IN,professional,employment,4358.7,k persons,IND 2025-Q4,"ILOSTAT EMP_TEMP_SEX_ECO (ISIC M, IND)",measured
2026-08-17,IN,education,employment,16320.3,k persons,IND 2025-Q4,"ILOSTAT EMP_TEMP_SEX_ECO (ISIC P, IND)",measured
2026-08-17,IN,education,momentum,-4.0,% YoY hiring,<![CDATA[Naukri JobSpeak: White-collar hiring grows 6% in Ju,Naukri JobSpeak monthly (text-parsed from published report),measured
2026-08-17,IN,government,employment,7681.3,k persons,IND 2025-Q4,"ILOSTAT EMP_TEMP_SEX_ECO (ISIC O, IND)",measured
2026-08-17,APAC,banking,employment,1061.3,k persons,"KOR 2026-Q2, SGP 2025","ILOSTAT EMP_TEMP_SEX_ECO (ISIC K, pooled SGP+JPN+KOR)",measured
2026-08-17,APAC,banking,vacancies,8700,vacancies (SG),2025-Q4,Singapore MOM job vacancies by industry (SG proxy market),measured
2026-08-17,APAC,insurance,employment,1061.3,k persons,"KOR 2026-Q2, SGP 2025","ILOSTAT EMP_TEMP_SEX_ECO (ISIC K, pooled SGP+JPN+KOR)",measured
2026-08-17,APAC,insurance,vacancies,1200,vacancies (SG),2025-Q4,Singapore MOM job vacancies by industry (SG proxy market),measured
2026-08-17,APAC,it_software,employment,1303.8,k persons,"KOR 2026-Q2, SGP 2025","ILOSTAT EMP_TEMP_SEX_ECO (ISIC J, pooled SGP+JPN+KOR)",measured
2026-08-17,APAC,it_software,vacancies,10500,vacancies (SG),2025-Q4,Singapore MOM job vacancies by industry (SG proxy market),measured
2026-08-17,APAC,telecom_media,employment,1303.8,k persons,"KOR 2026-Q2, SGP 2025","ILOSTAT EMP_TEMP_SEX_ECO (ISIC J, pooled SGP+JPN+KOR)",measured
2026-08-17,APAC,telecom_media,vacancies,1100,vacancies (SG),2025-Q4,Singapore MOM job vacancies by industry (SG proxy market),measured
2026-08-17,APAC,manufacturing,employment,4528.2,k persons,"KOR 2026-Q2, SGP 2025","ILOSTAT EMP_TEMP_SEX_ECO (ISIC C, pooled SGP+JPN+KOR)",measured
2026-08-17,APAC,manufacturing,vacancies,16000,vacancies (SG),2025-Q4,Singapore MOM job vacancies by industry (SG proxy market),measured
2026-08-17,APAC,healthcare,employment,3630.2,k persons,"KOR 2026-Q2, SGP 2025","ILOSTAT EMP_TEMP_SEX_ECO (ISIC Q, pooled SGP+JPN+KOR)",measured
2026-08-17,APAC,healthcare,vacancies,10300,vacancies (SG),2025-Q4,Singapore MOM job vacancies by industry (SG proxy market),measured
2026-08-17,APAC,retail,employment,3535.5,k persons,"KOR 2026-Q2, SGP 2025","ILOSTAT EMP_TEMP_SEX_ECO (ISIC G, pooled SGP+JPN+KOR)",measured
2026-08-17,APAC,retail,vacancies,4200,vacancies (SG),2025-Q4,Singapore MOM job vacancies by industry (SG proxy market),measured
2026-08-17,APAC,professional,employment,1615.0,k persons,"KOR 2026-Q2, SGP 2025","ILOSTAT EMP_TEMP_SEX_ECO (ISIC M, pooled SGP+JPN+KOR)",measured
2026-08-17,APAC,professional,vacancies,13800,vacancies (SG),2025-Q4,Singapore MOM job vacancies by industry (SG proxy market),measured
2026-08-17,APAC,education,employment,2093.2,k persons,"KOR 2026-Q2, SGP 2025","ILOSTAT EMP_TEMP_SEX_ECO (ISIC P, pooled SGP+JPN+KOR)",measured
2026-08-17,APAC,government,employment,1515.7,k persons,"KOR 2026-Q2, SGP 2025","ILOSTAT EMP_TEMP_SEX_ECO (ISIC O, pooled SGP+JPN+KOR)",measured
2026-08-17,APAC,government,vacancies,14000,vacancies (SG),2025-Q4,Singapore MOM job vacancies by industry (SG proxy market incl. education (SSIC grouping)),measured
2026-08-18,UK,banking,postings,84.8,index (Feb 2020=100),2026-08-07,Indeed Hiring Lab sectors (GB: Banking & Finance),measured
2026-08-18,UK,banking,employment,1112.0,k jobs,2026 Q1,"ONS JOBS02 workforce jobs (JWS7, SA)",measured
2026-08-18,UK,banking,vacancies,30.0,k vacancies,2026 JUN,"ONS VACS02 vacancies (JP9Q, SA)",measured
2026-08-18,UK,insurance,employment,1112.0,k jobs,2026 Q1,"ONS JOBS02 workforce jobs (JWS7, SA)",measured
2026-08-18,UK,insurance,vacancies,30.0,k vacancies,2026 JUN,"ONS VACS02 vacancies (JP9Q, SA)",measured
2026-08-18,UK,it_software,postings,54.8,index (Feb 2020=100),2026-08-07,"Indeed Hiring Lab sectors (GB: Software Development, IT Infrastructure, Operations & Support…)",measured
2026-08-18,UK,it_software,employment,1577.0,k jobs,2026 Q1,"ONS JOBS02 workforce jobs (JWS6, SA)",measured
2026-08-18,UK,it_software,vacancies,39.0,k vacancies,2026 JUN,"ONS VACS02 vacancies (JP9P, SA)",measured
2026-08-18,UK,telecom_media,postings,45.2,index (Feb 2020=100),2026-08-07,Indeed Hiring Lab sectors (GB: Media & Communications),measured
2026-08-18,UK,telecom_media,employment,1577.0,k jobs,2026 Q1,"ONS JOBS02 workforce jobs (JWS6, SA)",measured
2026-08-18,UK,telecom_media,vacancies,39.0,k vacancies,2026 JUN,"ONS VACS02 vacancies (JP9P, SA)",measured
2026-08-18,UK,manufacturing,postings,101.9,index (Feb 2020=100),2026-08-07,"Indeed Hiring Lab sectors (GB: Production & Manufacturing, Industrial Engineering)",measured
2026-08-18,UK,manufacturing,employment,2482.0,k jobs,2026 Q1,"ONS JOBS02 workforce jobs (JWR7, SA)",measured
2026-08-18,UK,manufacturing,vacancies,47.0,k vacancies,2026 JUN,"ONS VACS02 vacancies (JP9I, SA)",measured
2026-08-18,UK,healthcare,postings,54.9,index (Feb 2020=100),2026-08-07,"Indeed Hiring Lab sectors (GB: Nursing, Physicians & Surgeons…)",measured
2026-08-18,UK,healthcare,employment,5090.0,k jobs,2026 Q1,"ONS JOBS02 workforce jobs (JWT5, SA)",measured
2026-08-18,UK,healthcare,vacancies,120.0,k vacancies,2026 JUN,"ONS VACS02 vacancies (JP9W, SA)",measured
2026-08-18,UK,retail,postings,82.3,index (Feb 2020=100),2026-08-07,"Indeed Hiring Lab sectors (GB: Retail, Loading & Stocking)",measured
2026-08-18,UK,retail,employment,4629.0,k jobs,2026 Q1,"ONS JOBS02 workforce jobs (JWS3, SA)",measured
2026-08-18,UK,retail,vacancies,87.0,k vacancies,2026 JUN,"ONS VACS02 vacancies (JP9M, SA)",measured
2026-08-18,UK,professional,postings,66.5,index (Feb 2020=100),2026-08-07,"Indeed Hiring Lab sectors (GB: Legal, Accounting…)",measured
2026-08-18,UK,professional,employment,3492.0,k jobs,2026 Q1,"ONS JOBS02 workforce jobs (JWS9, SA)",measured
2026-08-18,UK,professional,vacancies,70.0,k vacancies,2026 JUN,"ONS VACS02 vacancies (JP9S, SA)",measured
2026-08-18,UK,education,postings,117.1,index (Feb 2020=100),2026-08-07,Indeed Hiring Lab sectors (GB: Education & Instruction),measured
2026-08-18,UK,education,vacancies,45.0,k vacancies,2026 JUN,"ONS VACS02 vacancies (JP9V, SA)",measured
2026-08-18,UK,government,postings,84.2,index (Feb 2020=100),2026-08-07,"Indeed Hiring Lab sectors (GB: Community & Social Service, Security & Public Safety)",measured
2026-08-18,UK,government,vacancies,30.0,k vacancies,2026 JUN,"ONS VACS02 vacancies (JP9U, SA)",measured
2026-08-18,AU,banking,postings,111.5,index (Feb 2020=100),2026-08-07,Indeed Hiring Lab sectors (AU: Banking & Finance),measured
2026-08-18,AU,banking,employment,523.7,k persons,2026-Q1,"ABS Labour Account (ANZSIC K, measure M12)",measured
2026-08-18,AU,banking,vacancies,8.9,k vacancies,2026-Q2,ABS Job Vacancies (ANZSIC K),measured
2026-08-18,AU,insurance,employment,523.7,k persons,2026-Q1,"ABS Labour Account (ANZSIC K, measure M12)",measured
2026-08-18,AU,insurance,vacancies,8.9,k vacancies,2026-Q2,ABS Job Vacancies (ANZSIC K),measured
2026-08-18,AU,it_software,postings,99.9,index (Feb 2020=100),2026-08-07,"Indeed Hiring Lab sectors (AU: Software Development, IT Infrastructure, Operations & Support…)",measured
2026-08-18,AU,it_software,employment,207.5,k persons,2026-Q1,"ABS Labour Account (ANZSIC J, measure M12)",measured
2026-08-18,AU,it_software,vacancies,3.6,k vacancies,2026-Q2,ABS Job Vacancies (ANZSIC J),measured
2026-08-18,AU,telecom_media,postings,70.9,index (Feb 2020=100),2026-08-07,Indeed Hiring Lab sectors (AU: Media & Communications),measured
2026-08-18,AU,telecom_media,employment,207.5,k persons,2026-Q1,"ABS Labour Account (ANZSIC J, measure M12)",measured
2026-08-18,AU,telecom_media,vacancies,3.6,k vacancies,2026-Q2,ABS Job Vacancies (ANZSIC J),measured
2026-08-18,AU,manufacturing,postings,148.2,index (Feb 2020=100),2026-08-07,"Indeed Hiring Lab sectors (AU: Production & Manufacturing, Industrial Engineering)",measured
2026-08-18,AU,manufacturing,employment,904.3,k persons,2026-Q1,"ABS Labour Account (ANZSIC C, measure M12)",measured
2026-08-18,AU,manufacturing,vacancies,21.7,k vacancies,2026-Q2,ABS Job Vacancies (ANZSIC C),measured
2026-08-18,AU,healthcare,postings,136.5,index (Feb 2020=100),2026-08-07,"Indeed Hiring Lab sectors (AU: Nursing, Physicians & Surgeons…)",measured
2026-08-18,AU,healthcare,employment,2580.6,k persons,2026-Q1,"ABS Labour Account (ANZSIC Q, measure M12)",measured
2026-08-18,AU,healthcare,vacancies,56.7,k vacancies,2026-Q2,ABS Job Vacancies (ANZSIC Q),measured
2026-08-18,AU,retail,postings,222.4,index (Feb 2020=100),2026-08-07,"Indeed Hiring Lab sectors (AU: Retail, Loading & Stocking)",measured
2026-08-18,AU,retail,employment,1522.0,k persons,2026-Q1,"ABS Labour Account (ANZSIC G, measure M12)",measured
2026-08-18,AU,retail,vacancies,26.0,k vacancies,2026-Q2,ABS Job Vacancies (ANZSIC G),measured
2026-08-18,AU,professional,postings,115.0,index (Feb 2020=100),2026-08-07,"Indeed Hiring Lab sectors (AU: Legal, Accounting…)",measured
2026-08-18,AU,professional,employment,1323.5,k persons,2026-Q1,"ABS Labour Account (ANZSIC M, measure M12)",measured
2026-08-18,AU,professional,vacancies,35.7,k vacancies,2026-Q2,ABS Job Vacancies (ANZSIC M),measured
2026-08-18,AU,education,employment,1344.2,k persons,2026-Q1,"ABS Labour Account (ANZSIC P, measure M12)",measured
2026-08-18,AU,education,vacancies,11.0,k vacancies,2026-Q2,ABS Job Vacancies (ANZSIC P),measured
2026-08-18,AU,government,postings,161.6,index (Feb 2020=100),2026-08-07,"Indeed Hiring Lab sectors (AU: Community & Social Service, Security & Public Safety)",measured
2026-08-18,AU,government,employment,891.9,k persons,2026-Q1,"ABS Labour Account (ANZSIC O, measure M12)",measured
2026-08-18,AU,government,vacancies,21.2,k vacancies,2026-Q2,ABS Job Vacancies (ANZSIC O),measured
2026-08-18,EU,banking,postings,86.0,index (Feb 2020=100),2026-08-07,Indeed Hiring Lab sectors (DE+FR: Banking & Finance),measured
2026-08-18,EU,banking,employment,3099.6,k persons,2025-Q4,"Eurostat lfsq_egan22d (K64), EU27",measured
2026-08-18,EU,banking,vacancies,1.7,% vacancy rate,2025-Q4,"Eurostat jvs_q_nace2 JVR (NACE K, EU27)",measured
2026-08-18,EU,banking,layoffs,10518,announced job losses (12mo),2025-08 onward,"Eurofound European Restructuring Monitor, EU27, 31 announcements - ERM's Financial bucket includes insurance & real estate",measured
2026-08-18,EU,insurance,employment,1167.5,k persons,2025-Q4,"Eurostat lfsq_egan22d (K65), EU27",measured
2026-08-18,EU,insurance,vacancies,1.7,% vacancy rate,2025-Q4,"Eurostat jvs_q_nace2 JVR (NACE K, EU27)",measured
2026-08-18,EU,it_software,postings,64.6,index (Feb 2020=100),2026-08-07,"Indeed Hiring Lab sectors (DE+FR: Software Development, IT Infrastructure, Operations & Support…)",measured
2026-08-18,EU,it_software,employment,8007.3,k persons,2025-Q4,"Eurostat lfsq_egan2 (NACE J), EU27",measured
2026-08-18,EU,it_software,vacancies,2.2,% vacancy rate,2025-Q4,"Eurostat jvs_q_nace2 JVR (NACE J, EU27)",measured
2026-08-18,EU,it_software,layoffs,25623,announced job losses (12mo),2025-08 onward,"Eurofound European Restructuring Monitor, EU27, 56 announcements",measured
2026-08-18,EU,telecom_media,postings,57.0,index (Feb 2020=100),2026-08-07,Indeed Hiring Lab sectors (DE+FR: Media & Communications),measured
2026-08-18,EU,telecom_media,employment,8007.3,k persons,2025-Q4,"Eurostat lfsq_egan2 (NACE J), EU27",measured
2026-08-18,EU,telecom_media,vacancies,2.2,% vacancy rate,2025-Q4,"Eurostat jvs_q_nace2 JVR (NACE J, EU27)",measured
2026-08-18,EU,telecom_media,layoffs,4282,announced job losses (12mo),2025-08 onward,"Eurofound European Restructuring Monitor, EU27, 23 announcements",measured
2026-08-18,EU,manufacturing,postings,89.3,index (Feb 2020=100),2026-08-07,"Indeed Hiring Lab sectors (DE+FR: Production & Manufacturing, Industrial Engineering)",measured
2026-08-18,EU,manufacturing,employment,31399.8,k persons,2025-Q4,"Eurostat lfsq_egan2 (NACE C), EU27",measured
2026-08-18,EU,manufacturing,vacancies,1.5,% vacancy rate,2025-Q4,"Eurostat jvs_q_nace2 JVR (NACE C, EU27)",measured
2026-08-18,EU,manufacturing,layoffs,129504,announced job losses (12mo),2025-08 onward,"Eurofound European Restructuring Monitor, EU27, 416 announcements",measured
2026-08-18,EU,healthcare,postings,152.5,index (Feb 2020=100),2026-08-07,"Indeed Hiring Lab sectors (DE+FR: Nursing, Physicians & Surgeons…)",measured
2026-08-18,EU,healthcare,employment,24095.3,k persons,2025-Q4,"Eurostat lfsq_egan2 (NACE Q), EU27",measured
2026-08-18,EU,healthcare,layoffs,5668,announced job losses (12mo),2025-08 onward,"Eurofound European Restructuring Monitor, EU27, 24 announcements",measured
2026-08-18,EU,retail,postings,110.5,index (Feb 2020=100),2026-08-07,"Indeed Hiring Lab sectors (DE+FR: Retail, Loading & Stocking)",measured
2026-08-18,EU,retail,employment,27991.8,k persons,2025-Q4,"Eurostat lfsq_egan2 (NACE G), EU27",measured
2026-08-18,EU,retail,vacancies,1.8,% vacancy rate,2025-Q4,"Eurostat jvs_q_nace2 JVR (NACE G, EU27)",measured
2026-08-18,EU,retail,layoffs,30368,announced job losses (12mo),2025-08 onward,"Eurofound European Restructuring Monitor, EU27, 79 announcements",measured
2026-08-18,EU,professional,postings,77.4,index (Feb 2020=100),2026-08-07,"Indeed Hiring Lab sectors (DE+FR: Legal, Accounting…)",measured
2026-08-18,EU,professional,employment,12806.6,k persons,2025-Q4,"Eurostat lfsq_egan2 (NACE M), EU27",measured
2026-08-18,EU,professional,vacancies,2.4,% vacancy rate,2025-Q4,"Eurostat jvs_q_nace2 JVR (NACE M, EU27)",measured
2026-08-18,EU,professional,layoffs,5140,announced job losses (12mo),2025-08 onward,"Eurofound European Restructuring Monitor, EU27, 17 announcements",measured
2026-08-18,EU,education,postings,109.8,index (Feb 2020=100),2026-08-07,Indeed Hiring Lab sectors (DE+FR: Education & Instruction),measured
2026-08-18,EU,education,employment,15960.8,k persons,2025-Q4,"Eurostat lfsq_egan2 (NACE P), EU27",measured
2026-08-18,EU,education,layoffs,3510,announced job losses (12mo),2025-08 onward,"Eurofound European Restructuring Monitor, EU27, 3 announcements",measured
2026-08-18,EU,government,postings,139.1,index (Feb 2020=100),2026-08-07,"Indeed Hiring Lab sectors (DE+FR: Community & Social Service, Security & Public Safety)",measured
2026-08-18,EU,government,employment,14666.3,k persons,2025-Q4,"Eurostat lfsq_egan2 (NACE O), EU27",measured
2026-08-18,EU,government,layoffs,7241,announced job losses (12mo),2025-08 onward,"Eurofound European Restructuring Monitor, EU27, 20 announcements",measured
2026-08-18,US,banking,postings,103.5,index (Feb 2020=100),2026-08-07,Indeed Hiring Lab sectors (US: Banking & Finance),measured
2026-08-18,US,banking,layoffs,25748,cuts YTD,July 2026,"Challenger, Gray & Christmas job cuts by industry (all-cause; AI-cited share tracked at the headline KPI)",measured
2026-08-18,US,it_software,postings,69.0,index (Feb 2020=100),2026-08-07,"Indeed Hiring Lab sectors (US: Software Development, IT Infrastructure, Operations & Support…)",measured
2026-08-18,US,it_software,layoffs,149023,cuts YTD,July 2026,"Challenger, Gray & Christmas job cuts by industry (all-cause; AI-cited share tracked at the headline KPI)",measured
2026-08-18,US,telecom_media,postings,70.6,index (Feb 2020=100),2026-08-07,Indeed Hiring Lab sectors (US: Media & Communications),measured
2026-08-18,US,telecom_media,layoffs,7761,cuts YTD,July 2026,"Challenger, Gray & Christmas job cuts by industry (all-cause; AI-cited share tracked at the headline KPI)",measured
2026-08-18,US,manufacturing,postings,116.2,index (Feb 2020=100),2026-08-07,"Indeed Hiring Lab sectors (US: Production & Manufacturing, Industrial Engineering)",measured
2026-08-18,US,manufacturing,layoffs,68332,cuts YTD,July 2026,"Challenger, Gray & Christmas job cuts by industry (all-cause; AI-cited share tracked at the headline KPI)",measured
2026-08-18,US,healthcare,postings,126.3,index (Feb 2020=100),2026-08-07,"Indeed Hiring Lab sectors (US: Nursing, Physicians & Surgeons…)",measured
2026-08-18,US,healthcare,layoffs,48092,cuts YTD,July 2026,"Challenger, Gray & Christmas job cuts by industry (all-cause; AI-cited share tracked at the headline KPI)",measured
2026-08-18,US,retail,postings,97.6,index (Feb 2020=100),2026-08-07,"Indeed Hiring Lab sectors (US: Retail, Loading & Stocking)",measured
2026-08-18,US,retail,layoffs,12946,cuts YTD,July 2026,"Challenger, Gray & Christmas job cuts by industry (all-cause; AI-cited share tracked at the headline KPI)",measured
2026-08-18,US,professional,postings,94.2,index (Feb 2020=100),2026-08-07,"Indeed Hiring Lab sectors (US: Legal, Accounting…)",measured
2026-08-18,US,professional,layoffs,23942,cuts YTD,July 2026,"Challenger, Gray & Christmas job cuts by industry (all-cause; AI-cited share tracked at the headline KPI)",measured
2026-08-18,US,education,postings,110.1,index (Feb 2020=100),2026-08-07,Indeed Hiring Lab sectors (US: Education & Instruction),measured
2026-08-18,US,education,layoffs,15499,cuts YTD,July 2026,"Challenger, Gray & Christmas job cuts by industry (all-cause; AI-cited share tracked at the headline KPI)",measured
2026-08-18,US,government,postings,109.8,index (Feb 2020=100),2026-08-07,"Indeed Hiring Lab sectors (US: Community & Social Service, Security & Public Safety)",measured
2026-08-18,US,government,layoffs,20752,cuts YTD,July 2026,"Challenger, Gray & Christmas job cuts by industry (all-cause; AI-cited share tracked at the headline KPI)",measured
2026-08-18,US,insurance,layoffs,6908,cuts YTD,July 2026,"Challenger, Gray & Christmas job cuts by industry (all-cause; AI-cited share tracked at the headline KPI)",measured
2026-08-18,IN,banking,employment,6085.2,k persons,IND 2025-Q4,"ILOSTAT EMP_TEMP_SEX_ECO (ISIC K, IND)",measured
2026-08-18,IN,banking,momentum,-12.0,% YoY hiring,<![CDATA[Naukri JobSpeak: White-collar hiring grows 6% in Ju,Naukri JobSpeak monthly (text-parsed from published report),measured
2026-08-18,IN,insurance,employment,6085.2,k persons,IND 2025-Q4,"ILOSTAT EMP_TEMP_SEX_ECO (ISIC K, IND)",measured
2026-08-18,IN,insurance,momentum,16.0,% YoY hiring,<![CDATA[Naukri JobSpeak: White-collar hiring grows 6% in Ju,Naukri JobSpeak monthly (text-parsed from published report),measured
2026-08-18,IN,it_software,employment,6854.2,k persons,IND 2025-Q4,"ILOSTAT EMP_TEMP_SEX_ECO (ISIC J, IND)",measured
2026-08-18,IN,it_software,momentum,18.0,% YoY hiring,<![CDATA[Naukri JobSpeak: White-collar hiring grows 6% in Ju,Naukri JobSpeak monthly (text-parsed from published report),measured
2026-08-18,IN,telecom_media,employment,6854.2,k persons,IND 2025-Q4,"ILOSTAT EMP_TEMP_SEX_ECO (ISIC J, IND)",measured
2026-08-18,IN,telecom_media,momentum,6.0,% YoY hiring,<![CDATA[Naukri JobSpeak: White-collar hiring grows 6% in Ju,Naukri JobSpeak monthly (text-parsed from published report),measured
2026-08-18,IN,manufacturing,employment,60142.5,k persons,IND 2025-Q4,"ILOSTAT EMP_TEMP_SEX_ECO (ISIC C, IND)",measured
2026-08-18,IN,manufacturing,momentum,14.0,% YoY hiring,<![CDATA[Naukri JobSpeak: White-collar hiring grows 6% in Ju,Naukri JobSpeak monthly (text-parsed from published report),measured
2026-08-18,IN,healthcare,employment,8441.6,k persons,IND 2025-Q4,"ILOSTAT EMP_TEMP_SEX_ECO (ISIC Q, IND)",measured
2026-08-18,IN,healthcare,momentum,4.0,% YoY hiring,<![CDATA[Naukri JobSpeak: White-collar hiring grows 6% in Ju,Naukri JobSpeak monthly (text-parsed from published report),measured
2026-08-18,IN,retail,employment,52830.4,k persons,IND 2025-Q4,"ILOSTAT EMP_TEMP_SEX_ECO (ISIC G, IND)",measured
2026-08-18,IN,retail,momentum,-12.0,% YoY hiring,<![CDATA[Naukri JobSpeak: White-collar hiring grows 6% in Ju,Naukri JobSpeak monthly (text-parsed from published report),measured
2026-08-18,IN,professional,employment,4358.7,k persons,IND 2025-Q4,"ILOSTAT EMP_TEMP_SEX_ECO (ISIC M, IND)",measured
2026-08-18,IN,education,employment,16320.3,k persons,IND 2025-Q4,"ILOSTAT EMP_TEMP_SEX_ECO (ISIC P, IND)",measured
2026-08-18,IN,education,momentum,-4.0,% YoY hiring,<![CDATA[Naukri JobSpeak: White-collar hiring grows 6% in Ju,Naukri JobSpeak monthly (text-parsed from published report),measured
2026-08-18,IN,government,employment,7681.3,k persons,IND 2025-Q4,"ILOSTAT EMP_TEMP_SEX_ECO (ISIC O, IND)",measured
2026-08-18,APAC,banking,employment,1061.3,k persons,"KOR 2026-Q2, SGP 2025","ILOSTAT EMP_TEMP_SEX_ECO (ISIC K, pooled SGP+JPN+KOR)",measured
2026-08-18,APAC,banking,vacancies,8700,vacancies (SG),2025-Q4,Singapore MOM job vacancies by industry (SG proxy market),measured
2026-08-18,APAC,insurance,employment,1061.3,k persons,"KOR 2026-Q2, SGP 2025","ILOSTAT EMP_TEMP_SEX_ECO (ISIC K, pooled SGP+JPN+KOR)",measured
2026-08-18,APAC,insurance,vacancies,1200,vacancies (SG),2025-Q4,Singapore MOM job vacancies by industry (SG proxy market),measured
2026-08-18,APAC,it_software,employment,1303.8,k persons,"KOR 2026-Q2, SGP 2025","ILOSTAT EMP_TEMP_SEX_ECO (ISIC J, pooled SGP+JPN+KOR)",measured
2026-08-18,APAC,it_software,vacancies,10500,vacancies (SG),2025-Q4,Singapore MOM job vacancies by industry (SG proxy market),measured
2026-08-18,APAC,telecom_media,employment,1303.8,k persons,"KOR 2026-Q2, SGP 2025","ILOSTAT EMP_TEMP_SEX_ECO (ISIC J, pooled SGP+JPN+KOR)",measured
2026-08-18,APAC,telecom_media,vacancies,1100,vacancies (SG),2025-Q4,Singapore MOM job vacancies by industry (SG proxy market),measured
2026-08-18,APAC,manufacturing,employment,4528.2,k persons,"KOR 2026-Q2, SGP 2025","ILOSTAT EMP_TEMP_SEX_ECO (ISIC C, pooled SGP+JPN+KOR)",measured
2026-08-18,APAC,manufacturing,vacancies,16000,vacancies (SG),2025-Q4,Singapore MOM job vacancies by industry (SG proxy market),measured
2026-08-18,APAC,healthcare,employment,3630.2,k persons,"KOR 2026-Q2, SGP 2025","ILOSTAT EMP_TEMP_SEX_ECO (ISIC Q, pooled SGP+JPN+KOR)",measured
2026-08-18,APAC,healthcare,vacancies,10300,vacancies (SG),2025-Q4,Singapore MOM job vacancies by industry (SG proxy market),measured
2026-08-18,APAC,retail,employment,3535.5,k persons,"KOR 2026-Q2, SGP 2025","ILOSTAT EMP_TEMP_SEX_ECO (ISIC G, pooled SGP+JPN+KOR)",measured
2026-08-18,APAC,retail,vacancies,4200,vacancies (SG),2025-Q4,Singapore MOM job vacancies by industry (SG proxy market),measured
2026-08-18,APAC,professional,employment,1615.0,k persons,"KOR 2026-Q2, SGP 2025","ILOSTAT EMP_TEMP_SEX_ECO (ISIC M, pooled SGP+JPN+KOR)",measured
2026-08-18,APAC,professional,vacancies,13800,vacancies (SG),2025-Q4,Singapore MOM job vacancies by industry (SG proxy market),measured
2026-08-18,APAC,education,employment,2093.2,k persons,"KOR 2026-Q2, SGP 2025","ILOSTAT EMP_TEMP_SEX_ECO (ISIC P, pooled SGP+JPN+KOR)",measured
2026-08-18,APAC,government,employment,1515.7,k persons,"KOR 2026-Q2, SGP 2025","ILOSTAT EMP_TEMP_SEX_ECO (ISIC O, pooled SGP+JPN+KOR)",measured
2026-08-18,APAC,government,vacancies,14000,vacancies (SG),2025-Q4,Singapore MOM job vacancies by industry (SG proxy market incl. education (SSIC grouping)),measured
2026-08-20,UK,banking,postings,87.8,index (Feb 2020=100),2026-08-14,Indeed Hiring Lab sectors (GB: Banking & Finance),measured
2026-08-20,UK,banking,employment,1112.0,k jobs,2026 Q1,"ONS JOBS02 workforce jobs (JWS7, SA)",measured
2026-08-20,UK,banking,vacancies,30.0,k vacancies,2026 JUN,"ONS VACS02 vacancies (JP9Q, SA)",measured
2026-08-20,UK,insurance,employment,1112.0,k jobs,2026 Q1,"ONS JOBS02 workforce jobs (JWS7, SA)",measured
2026-08-20,UK,insurance,vacancies,30.0,k vacancies,2026 JUN,"ONS VACS02 vacancies (JP9Q, SA)",measured
2026-08-20,UK,it_software,postings,54.7,index (Feb 2020=100),2026-08-14,"Indeed Hiring Lab sectors (GB: Software Development, IT Infrastructure, Operations & Support…)",measured
2026-08-20,UK,it_software,employment,1577.0,k jobs,2026 Q1,"ONS JOBS02 workforce jobs (JWS6, SA)",measured
2026-08-20,UK,it_software,vacancies,39.0,k vacancies,2026 JUN,"ONS VACS02 vacancies (JP9P, SA)",measured
2026-08-20,UK,telecom_media,postings,44.6,index (Feb 2020=100),2026-08-14,Indeed Hiring Lab sectors (GB: Media & Communications),measured
2026-08-20,UK,telecom_media,employment,1577.0,k jobs,2026 Q1,"ONS JOBS02 workforce jobs (JWS6, SA)",measured
2026-08-20,UK,telecom_media,vacancies,39.0,k vacancies,2026 JUN,"ONS VACS02 vacancies (JP9P, SA)",measured
2026-08-20,UK,manufacturing,postings,102.5,index (Feb 2020=100),2026-08-14,"Indeed Hiring Lab sectors (GB: Production & Manufacturing, Industrial Engineering)",measured
2026-08-20,UK,manufacturing,employment,2482.0,k jobs,2026 Q1,"ONS JOBS02 workforce jobs (JWR7, SA)",measured
2026-08-20,UK,manufacturing,vacancies,47.0,k vacancies,2026 JUN,"ONS VACS02 vacancies (JP9I, SA)",measured
2026-08-20,UK,healthcare,postings,54.4,index (Feb 2020=100),2026-08-14,"Indeed Hiring Lab sectors (GB: Nursing, Physicians & Surgeons…)",measured
2026-08-20,UK,healthcare,employment,5090.0,k jobs,2026 Q1,"ONS JOBS02 workforce jobs (JWT5, SA)",measured
2026-08-20,UK,healthcare,vacancies,120.0,k vacancies,2026 JUN,"ONS VACS02 vacancies (JP9W, SA)",measured
2026-08-20,UK,retail,postings,83.5,index (Feb 2020=100),2026-08-14,"Indeed Hiring Lab sectors (GB: Retail, Loading & Stocking)",measured
2026-08-20,UK,retail,employment,4629.0,k jobs,2026 Q1,"ONS JOBS02 workforce jobs (JWS3, SA)",measured
2026-08-20,UK,retail,vacancies,87.0,k vacancies,2026 JUN,"ONS VACS02 vacancies (JP9M, SA)",measured
2026-08-20,UK,professional,postings,67.6,index (Feb 2020=100),2026-08-14,"Indeed Hiring Lab sectors (GB: Legal, Accounting…)",measured
2026-08-20,UK,professional,employment,3492.0,k jobs,2026 Q1,"ONS JOBS02 workforce jobs (JWS9, SA)",measured
2026-08-20,UK,professional,vacancies,70.0,k vacancies,2026 JUN,"ONS VACS02 vacancies (JP9S, SA)",measured
2026-08-20,UK,education,postings,119.2,index (Feb 2020=100),2026-08-14,Indeed Hiring Lab sectors (GB: Education & Instruction),measured
2026-08-20,UK,education,vacancies,45.0,k vacancies,2026 JUN,"ONS VACS02 vacancies (JP9V, SA)",measured
2026-08-20,UK,government,postings,86.9,index (Feb 2020=100),2026-08-14,"Indeed Hiring Lab sectors (GB: Community & Social Service, Security & Public Safety)",measured
2026-08-20,UK,government,vacancies,30.0,k vacancies,2026 JUN,"ONS VACS02 vacancies (JP9U, SA)",measured
2026-08-20,UK,power_utilities,employment,391.0,k jobs,2026 Q1,"ONS JOBS02 workforce jobs (JWR8+JWR9, SA)",measured
2026-08-20,UK,power_utilities,vacancies,9.0,k vacancies,2026 JUN,"ONS VACS02 vacancies (JP9J+JP9K, SA)",measured
2026-08-20,AU,banking,postings,113.8,index (Feb 2020=100),2026-08-14,Indeed Hiring Lab sectors (AU: Banking & Finance),measured
2026-08-20,AU,banking,employment,523.7,k persons,2026-Q1,"ABS Labour Account (ANZSIC K, measure M12)",measured
2026-08-20,AU,banking,vacancies,8.9,k vacancies,2026-Q2,ABS Job Vacancies (ANZSIC K),measured
2026-08-20,AU,insurance,employment,523.7,k persons,2026-Q1,"ABS Labour Account (ANZSIC K, measure M12)",measured
2026-08-20,AU,insurance,vacancies,8.9,k vacancies,2026-Q2,ABS Job Vacancies (ANZSIC K),measured
2026-08-20,AU,it_software,postings,100.8,index (Feb 2020=100),2026-08-14,"Indeed Hiring Lab sectors (AU: Software Development, IT Infrastructure, Operations & Support…)",measured
2026-08-20,AU,it_software,employment,207.5,k persons,2026-Q1,"ABS Labour Account (ANZSIC J, measure M12)",measured
2026-08-20,AU,it_software,vacancies,3.6,k vacancies,2026-Q2,ABS Job Vacancies (ANZSIC J),measured
2026-08-20,AU,telecom_media,postings,72.3,index (Feb 2020=100),2026-08-14,Indeed Hiring Lab sectors (AU: Media & Communications),measured
2026-08-20,AU,telecom_media,employment,207.5,k persons,2026-Q1,"ABS Labour Account (ANZSIC J, measure M12)",measured
2026-08-20,AU,telecom_media,vacancies,3.6,k vacancies,2026-Q2,ABS Job Vacancies (ANZSIC J),measured
2026-08-20,AU,manufacturing,postings,152.2,index (Feb 2020=100),2026-08-14,"Indeed Hiring Lab sectors (AU: Production & Manufacturing, Industrial Engineering)",measured
2026-08-20,AU,manufacturing,employment,904.3,k persons,2026-Q1,"ABS Labour Account (ANZSIC C, measure M12)",measured
2026-08-20,AU,manufacturing,vacancies,21.7,k vacancies,2026-Q2,ABS Job Vacancies (ANZSIC C),measured
2026-08-20,AU,healthcare,postings,133.5,index (Feb 2020=100),2026-08-14,"Indeed Hiring Lab sectors (AU: Nursing, Physicians & Surgeons…)",measured
2026-08-20,AU,healthcare,employment,2580.6,k persons,2026-Q1,"ABS Labour Account (ANZSIC Q, measure M12)",measured
2026-08-20,AU,healthcare,vacancies,56.7,k vacancies,2026-Q2,ABS Job Vacancies (ANZSIC Q),measured
2026-08-20,AU,retail,postings,224.7,index (Feb 2020=100),2026-08-14,"Indeed Hiring Lab sectors (AU: Retail, Loading & Stocking)",measured
2026-08-20,AU,retail,employment,1522.0,k persons,2026-Q1,"ABS Labour Account (ANZSIC G, measure M12)",measured
2026-08-20,AU,retail,vacancies,26.0,k vacancies,2026-Q2,ABS Job Vacancies (ANZSIC G),measured
2026-08-20,AU,professional,postings,116.0,index (Feb 2020=100),2026-08-14,"Indeed Hiring Lab sectors (AU: Legal, Accounting…)",measured
2026-08-20,AU,professional,employment,1323.5,k persons,2026-Q1,"ABS Labour Account (ANZSIC M, measure M12)",measured
2026-08-20,AU,professional,vacancies,35.7,k vacancies,2026-Q2,ABS Job Vacancies (ANZSIC M),measured
2026-08-20,AU,education,employment,1344.2,k persons,2026-Q1,"ABS Labour Account (ANZSIC P, measure M12)",measured
2026-08-20,AU,education,vacancies,11.0,k vacancies,2026-Q2,ABS Job Vacancies (ANZSIC P),measured
2026-08-20,AU,government,postings,163.0,index (Feb 2020=100),2026-08-14,"Indeed Hiring Lab sectors (AU: Community & Social Service, Security & Public Safety)",measured
2026-08-20,AU,government,employment,891.9,k persons,2026-Q1,"ABS Labour Account (ANZSIC O, measure M12)",measured
2026-08-20,AU,government,vacancies,21.2,k vacancies,2026-Q2,ABS Job Vacancies (ANZSIC O),measured
2026-08-20,AU,power_utilities,employment,153.6,k persons,2026-Q1,"ABS Labour Account (ANZSIC D, measure M12)",measured
2026-08-20,AU,power_utilities,vacancies,3.7,k vacancies,2026-Q2,ABS Job Vacancies (ANZSIC D),measured
2026-08-20,EU,banking,postings,86.2,index (Feb 2020=100),2026-08-14,Indeed Hiring Lab sectors (DE+FR: Banking & Finance),measured
2026-08-20,EU,banking,employment,3099.6,k persons,2025-Q4,"Eurostat lfsq_egan22d (K64), EU27",measured
2026-08-20,EU,banking,vacancies,1.7,% vacancy rate,2025-Q4,"Eurostat jvs_q_nace2 JVR (NACE K, EU27)",measured
2026-08-20,EU,banking,layoffs,10518,announced job losses (12mo),2025-08 onward,"Eurofound European Restructuring Monitor, EU27, 31 announcements - ERM's Financial bucket includes insurance & real estate",measured
2026-08-20,EU,insurance,employment,1167.5,k persons,2025-Q4,"Eurostat lfsq_egan22d (K65), EU27",measured
2026-08-20,EU,insurance,vacancies,1.7,% vacancy rate,2025-Q4,"Eurostat jvs_q_nace2 JVR (NACE K, EU27)",measured
2026-08-20,EU,it_software,postings,64.4,index (Feb 2020=100),2026-08-14,"Indeed Hiring Lab sectors (DE+FR: Software Development, IT Infrastructure, Operations & Support…)",measured
2026-08-20,EU,it_software,employment,8007.3,k persons,2025-Q4,"Eurostat lfsq_egan2 (NACE J), EU27",measured
2026-08-20,EU,it_software,vacancies,2.2,% vacancy rate,2025-Q4,"Eurostat jvs_q_nace2 JVR (NACE J, EU27)",measured
2026-08-20,EU,it_software,layoffs,25783,announced job losses (12mo),2025-08 onward,"Eurofound European Restructuring Monitor, EU27, 57 announcements",measured
2026-08-20,EU,telecom_media,postings,56.6,index (Feb 2020=100),2026-08-14,Indeed Hiring Lab sectors (DE+FR: Media & Communications),measured
2026-08-20,EU,telecom_media,employment,8007.3,k persons,2025-Q4,"Eurostat lfsq_egan2 (NACE J), EU27",measured
2026-08-20,EU,telecom_media,vacancies,2.2,% vacancy rate,2025-Q4,"Eurostat jvs_q_nace2 JVR (NACE J, EU27)",measured
2026-08-20,EU,telecom_media,layoffs,4282,announced job losses (12mo),2025-08 onward,"Eurofound European Restructuring Monitor, EU27, 23 announcements",measured
2026-08-20,EU,manufacturing,postings,89.2,index (Feb 2020=100),2026-08-14,"Indeed Hiring Lab sectors (DE+FR: Production & Manufacturing, Industrial Engineering)",measured
2026-08-20,EU,manufacturing,employment,31399.8,k persons,2025-Q4,"Eurostat lfsq_egan2 (NACE C), EU27",measured
2026-08-20,EU,manufacturing,vacancies,1.5,% vacancy rate,2025-Q4,"Eurostat jvs_q_nace2 JVR (NACE C, EU27)",measured
2026-08-20,EU,manufacturing,layoffs,136483,announced job losses (12mo),2025-08 onward,"Eurofound European Restructuring Monitor, EU27, 420 announcements",measured
2026-08-20,EU,healthcare,postings,152.7,index (Feb 2020=100),2026-08-14,"Indeed Hiring Lab sectors (DE+FR: Nursing, Physicians & Surgeons…)",measured
2026-08-20,EU,healthcare,employment,24095.3,k persons,2025-Q4,"Eurostat lfsq_egan2 (NACE Q), EU27",measured
2026-08-20,EU,healthcare,layoffs,6518,announced job losses (12mo),2025-08 onward,"Eurofound European Restructuring Monitor, EU27, 26 announcements",measured
2026-08-20,EU,retail,postings,111.2,index (Feb 2020=100),2026-08-14,"Indeed Hiring Lab sectors (DE+FR: Retail, Loading & Stocking)",measured
2026-08-20,EU,retail,employment,27991.8,k persons,2025-Q4,"Eurostat lfsq_egan2 (NACE G), EU27",measured
2026-08-20,EU,retail,vacancies,1.8,% vacancy rate,2025-Q4,"Eurostat jvs_q_nace2 JVR (NACE G, EU27)",measured
2026-08-20,EU,retail,layoffs,30608,announced job losses (12mo),2025-08 onward,"Eurofound European Restructuring Monitor, EU27, 80 announcements",measured
2026-08-20,EU,professional,postings,77.2,index (Feb 2020=100),2026-08-14,"Indeed Hiring Lab sectors (DE+FR: Legal, Accounting…)",measured
2026-08-20,EU,professional,employment,12806.6,k persons,2025-Q4,"Eurostat lfsq_egan2 (NACE M), EU27",measured
2026-08-20,EU,professional,vacancies,2.4,% vacancy rate,2025-Q4,"Eurostat jvs_q_nace2 JVR (NACE M, EU27)",measured
2026-08-20,EU,professional,layoffs,5140,announced job losses (12mo),2025-08 onward,"Eurofound European Restructuring Monitor, EU27, 17 announcements",measured
2026-08-20,EU,education,postings,110.1,index (Feb 2020=100),2026-08-14,Indeed Hiring Lab sectors (DE+FR: Education & Instruction),measured
2026-08-20,EU,education,employment,15960.8,k persons,2025-Q4,"Eurostat lfsq_egan2 (NACE P), EU27",measured
2026-08-20,EU,education,layoffs,3510,announced job losses (12mo),2025-08 onward,"Eurofound European Restructuring Monitor, EU27, 3 announcements",measured
2026-08-20,EU,government,postings,138.8,index (Feb 2020=100),2026-08-14,"Indeed Hiring Lab sectors (DE+FR: Community & Social Service, Security & Public Safety)",measured
2026-08-20,EU,government,employment,14666.3,k persons,2025-Q4,"Eurostat lfsq_egan2 (NACE O), EU27",measured
2026-08-20,EU,government,layoffs,7241,announced job losses (12mo),2025-08 onward,"Eurofound European Restructuring Monitor, EU27, 20 announcements",measured
2026-08-20,EU,power_utilities,employment,3475.3,k persons,2025-Q4,"Eurostat lfsq_egan2 (NACE D+E), EU27",measured
2026-08-20,EU,power_utilities,layoffs,3167,announced job losses (12mo),2025-08 onward,"Eurofound European Restructuring Monitor, EU27, 8 announcements",measured
2026-08-20,US,banking,postings,103.1,index (Feb 2020=100),2026-08-14,Indeed Hiring Lab sectors (US: Banking & Finance),measured
2026-08-20,US,banking,layoffs,25748,cuts YTD,July 2026,"Challenger, Gray & Christmas job cuts by industry (all-cause; AI-cited share tracked at the headline KPI)",measured
2026-08-20,US,it_software,postings,69.7,index (Feb 2020=100),2026-08-14,"Indeed Hiring Lab sectors (US: Software Development, IT Infrastructure, Operations & Support…)",measured
2026-08-20,US,it_software,layoffs,149023,cuts YTD,July 2026,"Challenger, Gray & Christmas job cuts by industry (all-cause; AI-cited share tracked at the headline KPI)",measured
2026-08-20,US,telecom_media,postings,72.7,index (Feb 2020=100),2026-08-14,Indeed Hiring Lab sectors (US: Media & Communications),measured
2026-08-20,US,telecom_media,layoffs,7761,cuts YTD,July 2026,"Challenger, Gray & Christmas job cuts by industry (all-cause; AI-cited share tracked at the headline KPI)",measured
2026-08-20,US,manufacturing,postings,117.4,index (Feb 2020=100),2026-08-14,"Indeed Hiring Lab sectors (US: Production & Manufacturing, Industrial Engineering)",measured
2026-08-20,US,manufacturing,layoffs,68332,cuts YTD,July 2026,"Challenger, Gray & Christmas job cuts by industry (all-cause; AI-cited share tracked at the headline KPI)",measured
2026-08-20,US,healthcare,postings,125.3,index (Feb 2020=100),2026-08-14,"Indeed Hiring Lab sectors (US: Nursing, Physicians & Surgeons…)",measured
2026-08-20,US,healthcare,layoffs,48092,cuts YTD,July 2026,"Challenger, Gray & Christmas job cuts by industry (all-cause; AI-cited share tracked at the headline KPI)",measured
2026-08-20,US,retail,postings,97.3,index (Feb 2020=100),2026-08-14,"Indeed Hiring Lab sectors (US: Retail, Loading & Stocking)",measured
2026-08-20,US,retail,layoffs,12946,cuts YTD,July 2026,"Challenger, Gray & Christmas job cuts by industry (all-cause; AI-cited share tracked at the headline KPI)",measured
2026-08-20,US,professional,postings,95.6,index (Feb 2020=100),2026-08-14,"Indeed Hiring Lab sectors (US: Legal, Accounting…)",measured
2026-08-20,US,professional,layoffs,23942,cuts YTD,July 2026,"Challenger, Gray & Christmas job cuts by industry (all-cause; AI-cited share tracked at the headline KPI)",measured
2026-08-20,US,education,postings,108.9,index (Feb 2020=100),2026-08-14,Indeed Hiring Lab sectors (US: Education & Instruction),measured
2026-08-20,US,education,layoffs,15499,cuts YTD,July 2026,"Challenger, Gray & Christmas job cuts by industry (all-cause; AI-cited share tracked at the headline KPI)",measured
2026-08-20,US,government,postings,110.0,index (Feb 2020=100),2026-08-14,"Indeed Hiring Lab sectors (US: Community & Social Service, Security & Public Safety)",measured
2026-08-20,US,government,layoffs,20752,cuts YTD,July 2026,"Challenger, Gray & Christmas job cuts by industry (all-cause; AI-cited share tracked at the headline KPI)",measured
2026-08-20,US,insurance,layoffs,6908,cuts YTD,July 2026,"Challenger, Gray & Christmas job cuts by industry (all-cause; AI-cited share tracked at the headline KPI)",measured
2026-08-20,US,power_utilities,layoffs,2978,cuts YTD,July 2026,"Challenger, Gray & Christmas job cuts by industry (all-cause; AI-cited share tracked at the headline KPI)",measured
2026-08-20,IN,banking,employment,6085.2,k persons,IND 2025-Q4,"ILOSTAT EMP_TEMP_SEX_ECO (ISIC K, IND)",measured
2026-08-20,IN,banking,momentum,-12.0,% YoY hiring,<![CDATA[Naukri JobSpeak: White-collar hiring grows 6% in Ju,Naukri JobSpeak monthly (text-parsed from published report),measured
2026-08-20,IN,insurance,employment,6085.2,k persons,IND 2025-Q4,"ILOSTAT EMP_TEMP_SEX_ECO (ISIC K, IND)",measured
2026-08-20,IN,insurance,momentum,16.0,% YoY hiring,<![CDATA[Naukri JobSpeak: White-collar hiring grows 6% in Ju,Naukri JobSpeak monthly (text-parsed from published report),measured
2026-08-20,IN,it_software,employment,6854.2,k persons,IND 2025-Q4,"ILOSTAT EMP_TEMP_SEX_ECO (ISIC J, IND)",measured
2026-08-20,IN,it_software,momentum,18.0,% YoY hiring,<![CDATA[Naukri JobSpeak: White-collar hiring grows 6% in Ju,Naukri JobSpeak monthly (text-parsed from published report),measured
2026-08-20,IN,telecom_media,employment,6854.2,k persons,IND 2025-Q4,"ILOSTAT EMP_TEMP_SEX_ECO (ISIC J, IND)",measured
2026-08-20,IN,telecom_media,momentum,6.0,% YoY hiring,<![CDATA[Naukri JobSpeak: White-collar hiring grows 6% in Ju,Naukri JobSpeak monthly (text-parsed from published report),measured
2026-08-20,IN,manufacturing,employment,60142.5,k persons,IND 2025-Q4,"ILOSTAT EMP_TEMP_SEX_ECO (ISIC C, IND)",measured
2026-08-20,IN,manufacturing,momentum,14.0,% YoY hiring,<![CDATA[Naukri JobSpeak: White-collar hiring grows 6% in Ju,Naukri JobSpeak monthly (text-parsed from published report),measured
2026-08-20,IN,healthcare,employment,8441.6,k persons,IND 2025-Q4,"ILOSTAT EMP_TEMP_SEX_ECO (ISIC Q, IND)",measured
2026-08-20,IN,healthcare,momentum,4.0,% YoY hiring,<![CDATA[Naukri JobSpeak: White-collar hiring grows 6% in Ju,Naukri JobSpeak monthly (text-parsed from published report),measured
2026-08-20,IN,retail,employment,52830.4,k persons,IND 2025-Q4,"ILOSTAT EMP_TEMP_SEX_ECO (ISIC G, IND)",measured
2026-08-20,IN,retail,momentum,-12.0,% YoY hiring,<![CDATA[Naukri JobSpeak: White-collar hiring grows 6% in Ju,Naukri JobSpeak monthly (text-parsed from published report),measured
2026-08-20,IN,professional,employment,4358.7,k persons,IND 2025-Q4,"ILOSTAT EMP_TEMP_SEX_ECO (ISIC M, IND)",measured
2026-08-20,IN,education,employment,16320.3,k persons,IND 2025-Q4,"ILOSTAT EMP_TEMP_SEX_ECO (ISIC P, IND)",measured
2026-08-20,IN,education,momentum,-4.0,% YoY hiring,<![CDATA[Naukri JobSpeak: White-collar hiring grows 6% in Ju,Naukri JobSpeak monthly (text-parsed from published report),measured
2026-08-20,IN,government,employment,7681.3,k persons,IND 2025-Q4,"ILOSTAT EMP_TEMP_SEX_ECO (ISIC O, IND)",measured
2026-08-20,IN,power_utilities,employment,3434.4,k persons,IND 2025-Q4,"ILOSTAT EMP_TEMP_SEX_ECO (ISIC D+E, IND)",measured
2026-08-20,APAC,banking,employment,1061.3,k persons,"KOR 2026-Q2, SGP 2025","ILOSTAT EMP_TEMP_SEX_ECO (ISIC K, pooled SGP+JPN+KOR)",measured
2026-08-20,APAC,banking,vacancies,8700,vacancies (SG),2025-Q4,Singapore MOM job vacancies by industry (SG proxy market),measured
2026-08-20,APAC,insurance,employment,1061.3,k persons,"KOR 2026-Q2, SGP 2025","ILOSTAT EMP_TEMP_SEX_ECO (ISIC K, pooled SGP+JPN+KOR)",measured
2026-08-20,APAC,insurance,vacancies,1200,vacancies (SG),2025-Q4,Singapore MOM job vacancies by industry (SG proxy market),measured
2026-08-20,APAC,it_software,employment,1303.8,k persons,"KOR 2026-Q2, SGP 2025","ILOSTAT EMP_TEMP_SEX_ECO (ISIC J, pooled SGP+JPN+KOR)",measured
2026-08-20,APAC,it_software,vacancies,10500,vacancies (SG),2025-Q4,Singapore MOM job vacancies by industry (SG proxy market),measured
2026-08-20,APAC,telecom_media,employment,1303.8,k persons,"KOR 2026-Q2, SGP 2025","ILOSTAT EMP_TEMP_SEX_ECO (ISIC J, pooled SGP+JPN+KOR)",measured
2026-08-20,APAC,telecom_media,vacancies,1100,vacancies (SG),2025-Q4,Singapore MOM job vacancies by industry (SG proxy market),measured
2026-08-20,APAC,manufacturing,employment,4528.2,k persons,"KOR 2026-Q2, SGP 2025","ILOSTAT EMP_TEMP_SEX_ECO (ISIC C, pooled SGP+JPN+KOR)",measured
2026-08-20,APAC,manufacturing,vacancies,16000,vacancies (SG),2025-Q4,Singapore MOM job vacancies by industry (SG proxy market),measured
2026-08-20,APAC,healthcare,employment,3630.2,k persons,"KOR 2026-Q2, SGP 2025","ILOSTAT EMP_TEMP_SEX_ECO (ISIC Q, pooled SGP+JPN+KOR)",measured
2026-08-20,APAC,healthcare,vacancies,10300,vacancies (SG),2025-Q4,Singapore MOM job vacancies by industry (SG proxy market),measured
2026-08-20,APAC,retail,employment,3535.5,k persons,"KOR 2026-Q2, SGP 2025","ILOSTAT EMP_TEMP_SEX_ECO (ISIC G, pooled SGP+JPN+KOR)",measured
2026-08-20,APAC,retail,vacancies,4200,vacancies (SG),2025-Q4,Singapore MOM job vacancies by industry (SG proxy market),measured
2026-08-20,APAC,professional,employment,1615.0,k persons,"KOR 2026-Q2, SGP 2025","ILOSTAT EMP_TEMP_SEX_ECO (ISIC M, pooled SGP+JPN+KOR)",measured
2026-08-20,APAC,professional,vacancies,13800,vacancies (SG),2025-Q4,Singapore MOM job vacancies by industry (SG proxy market),measured
2026-08-20,APAC,education,employment,2093.2,k persons,"KOR 2026-Q2, SGP 2025","ILOSTAT EMP_TEMP_SEX_ECO (ISIC P, pooled SGP+JPN+KOR)",measured
2026-08-20,APAC,government,employment,1515.7,k persons,"KOR 2026-Q2, SGP 2025","ILOSTAT EMP_TEMP_SEX_ECO (ISIC O, pooled SGP+JPN+KOR)",measured
2026-08-20,APAC,government,vacancies,14000,vacancies (SG),2025-Q4,Singapore MOM job vacancies by industry (SG proxy market incl. education (SSIC grouping)),measured
2026-08-20,APAC,power_utilities,employment,279.1,k persons,"KOR 2026-Q2, SGP 2025","ILOSTAT EMP_TEMP_SEX_ECO (ISIC D+E, pooled SGP+JPN+KOR)",measured
2026-08-20,IN,banking,postings,20053,live postings,2026-08-20,Adzuna (IN categories: accounting-finance-jobs),measured
2026-08-20,IN,it_software,postings,101006,live postings,2026-08-20,Adzuna (IN categories: it-jobs),measured
2026-08-20,IN,manufacturing,postings,2987,live postings,2026-08-20,Adzuna (IN categories: manufacturing-jobs),measured
2026-08-20,IN,healthcare,postings,2593,live postings,2026-08-20,Adzuna (IN categories: healthcare-nursing-jobs),measured
2026-08-20,IN,retail,postings,1913,live postings,2026-08-20,Adzuna (IN categories: retail-jobs),measured
2026-08-20,IN,professional,postings,9408,live postings,2026-08-20,"Adzuna (IN categories: consultancy-jobs, legal-jobs, hr-jobs)",measured
2026-08-20,IN,education,postings,2322,live postings,2026-08-20,Adzuna (IN categories: teaching-jobs),measured
2026-08-20,IN,power_utilities,postings,1368,live postings,2026-08-20,Adzuna (IN categories: energy-oil-gas-jobs),measured
2026-08-20,APAC,banking,postings,7450,live postings,2026-08-20,Adzuna (SG categories: accounting-finance-jobs),measured
2026-08-20,APAC,it_software,postings,13347,live postings,2026-08-20,Adzuna (SG categories: it-jobs),measured
2026-08-20,APAC,manufacturing,postings,631,live postings,2026-08-20,Adzuna (SG categories: manufacturing-jobs),measured
2026-08-20,APAC,healthcare,postings,940,live postings,2026-08-20,Adzuna (SG categories: healthcare-nursing-jobs),measured
2026-08-20,APAC,retail,postings,767,live postings,2026-08-20,Adzuna (SG categories: retail-jobs),measured
2026-08-20,APAC,professional,postings,3136,live postings,2026-08-20,"Adzuna (SG categories: consultancy-jobs, legal-jobs, hr-jobs)",measured
2026-08-20,APAC,education,postings,912,live postings,2026-08-20,Adzuna (SG categories: teaching-jobs),measured
2026-08-20,APAC,power_utilities,postings,372,live postings,2026-08-20,Adzuna (SG categories: energy-oil-gas-jobs),measured
2026-08-20,UK,banking,postings,87.8,index (Feb 2020=100),2026-08-14,Indeed Hiring Lab sectors (GB: Banking & Finance),measured
2026-08-20,UK,banking,employment,1112.0,k jobs,2026 Q1,"ONS JOBS02 workforce jobs (JWS7, SA)",measured
2026-08-20,UK,banking,vacancies,30.0,k vacancies,2026 JUN,"ONS VACS02 vacancies (JP9Q, SA)",measured
2026-08-20,UK,insurance,employment,1112.0,k jobs,2026 Q1,"ONS JOBS02 workforce jobs (JWS7, SA)",measured
2026-08-20,UK,insurance,vacancies,30.0,k vacancies,2026 JUN,"ONS VACS02 vacancies (JP9Q, SA)",measured
2026-08-20,UK,it_software,postings,54.7,index (Feb 2020=100),2026-08-14,"Indeed Hiring Lab sectors (GB: Software Development, IT Infrastructure, Operations & Support…)",measured
2026-08-20,UK,it_software,employment,1577.0,k jobs,2026 Q1,"ONS JOBS02 workforce jobs (JWS6, SA)",measured
2026-08-20,UK,it_software,vacancies,39.0,k vacancies,2026 JUN,"ONS VACS02 vacancies (JP9P, SA)",measured
2026-08-20,UK,telecom_media,postings,44.6,index (Feb 2020=100),2026-08-14,Indeed Hiring Lab sectors (GB: Media & Communications),measured
2026-08-20,UK,telecom_media,employment,1577.0,k jobs,2026 Q1,"ONS JOBS02 workforce jobs (JWS6, SA)",measured
2026-08-20,UK,telecom_media,vacancies,39.0,k vacancies,2026 JUN,"ONS VACS02 vacancies (JP9P, SA)",measured
2026-08-20,UK,manufacturing,postings,102.5,index (Feb 2020=100),2026-08-14,"Indeed Hiring Lab sectors (GB: Production & Manufacturing, Industrial Engineering)",measured
2026-08-20,UK,manufacturing,employment,2482.0,k jobs,2026 Q1,"ONS JOBS02 workforce jobs (JWR7, SA)",measured
2026-08-20,UK,manufacturing,vacancies,47.0,k vacancies,2026 JUN,"ONS VACS02 vacancies (JP9I, SA)",measured
2026-08-20,UK,healthcare,postings,54.4,index (Feb 2020=100),2026-08-14,"Indeed Hiring Lab sectors (GB: Nursing, Physicians & Surgeons…)",measured
2026-08-20,UK,healthcare,employment,5090.0,k jobs,2026 Q1,"ONS JOBS02 workforce jobs (JWT5, SA)",measured
2026-08-20,UK,healthcare,vacancies,120.0,k vacancies,2026 JUN,"ONS VACS02 vacancies (JP9W, SA)",measured
2026-08-20,UK,retail,postings,83.5,index (Feb 2020=100),2026-08-14,"Indeed Hiring Lab sectors (GB: Retail, Loading & Stocking)",measured
2026-08-20,UK,retail,employment,4629.0,k jobs,2026 Q1,"ONS JOBS02 workforce jobs (JWS3, SA)",measured
2026-08-20,UK,retail,vacancies,87.0,k vacancies,2026 JUN,"ONS VACS02 vacancies (JP9M, SA)",measured
2026-08-20,UK,professional,postings,67.6,index (Feb 2020=100),2026-08-14,"Indeed Hiring Lab sectors (GB: Legal, Accounting…)",measured
2026-08-20,UK,professional,employment,3492.0,k jobs,2026 Q1,"ONS JOBS02 workforce jobs (JWS9, SA)",measured
2026-08-20,UK,professional,vacancies,70.0,k vacancies,2026 JUN,"ONS VACS02 vacancies (JP9S, SA)",measured
2026-08-20,UK,education,postings,119.2,index (Feb 2020=100),2026-08-14,Indeed Hiring Lab sectors (GB: Education & Instruction),measured
2026-08-20,UK,education,vacancies,45.0,k vacancies,2026 JUN,"ONS VACS02 vacancies (JP9V, SA)",measured
2026-08-20,UK,government,postings,86.9,index (Feb 2020=100),2026-08-14,"Indeed Hiring Lab sectors (GB: Community & Social Service, Security & Public Safety)",measured
2026-08-20,UK,government,vacancies,30.0,k vacancies,2026 JUN,"ONS VACS02 vacancies (JP9U, SA)",measured
2026-08-20,UK,power_utilities,employment,391.0,k jobs,2026 Q1,"ONS JOBS02 workforce jobs (JWR8+JWR9, SA)",measured
2026-08-20,UK,power_utilities,vacancies,9.0,k vacancies,2026 JUN,"ONS VACS02 vacancies (JP9J+JP9K, SA)",measured
2026-08-20,AU,banking,postings,113.8,index (Feb 2020=100),2026-08-14,Indeed Hiring Lab sectors (AU: Banking & Finance),measured
2026-08-20,AU,banking,employment,523.7,k persons,2026-Q1,"ABS Labour Account (ANZSIC K, measure M12)",measured
2026-08-20,AU,banking,vacancies,8.9,k vacancies,2026-Q2,ABS Job Vacancies (ANZSIC K),measured
2026-08-20,AU,insurance,employment,523.7,k persons,2026-Q1,"ABS Labour Account (ANZSIC K, measure M12)",measured
2026-08-20,AU,insurance,vacancies,8.9,k vacancies,2026-Q2,ABS Job Vacancies (ANZSIC K),measured
2026-08-20,AU,it_software,postings,100.8,index (Feb 2020=100),2026-08-14,"Indeed Hiring Lab sectors (AU: Software Development, IT Infrastructure, Operations & Support…)",measured
2026-08-20,AU,it_software,employment,207.5,k persons,2026-Q1,"ABS Labour Account (ANZSIC J, measure M12)",measured
2026-08-20,AU,it_software,vacancies,3.6,k vacancies,2026-Q2,ABS Job Vacancies (ANZSIC J),measured
2026-08-20,AU,telecom_media,postings,72.3,index (Feb 2020=100),2026-08-14,Indeed Hiring Lab sectors (AU: Media & Communications),measured
2026-08-20,AU,telecom_media,employment,207.5,k persons,2026-Q1,"ABS Labour Account (ANZSIC J, measure M12)",measured
2026-08-20,AU,telecom_media,vacancies,3.6,k vacancies,2026-Q2,ABS Job Vacancies (ANZSIC J),measured
2026-08-20,AU,manufacturing,postings,152.2,index (Feb 2020=100),2026-08-14,"Indeed Hiring Lab sectors (AU: Production & Manufacturing, Industrial Engineering)",measured
2026-08-20,AU,manufacturing,employment,904.3,k persons,2026-Q1,"ABS Labour Account (ANZSIC C, measure M12)",measured
2026-08-20,AU,manufacturing,vacancies,21.7,k vacancies,2026-Q2,ABS Job Vacancies (ANZSIC C),measured
2026-08-20,AU,healthcare,postings,133.5,index (Feb 2020=100),2026-08-14,"Indeed Hiring Lab sectors (AU: Nursing, Physicians & Surgeons…)",measured
2026-08-20,AU,healthcare,employment,2580.6,k persons,2026-Q1,"ABS Labour Account (ANZSIC Q, measure M12)",measured
2026-08-20,AU,healthcare,vacancies,56.7,k vacancies,2026-Q2,ABS Job Vacancies (ANZSIC Q),measured
2026-08-20,AU,retail,postings,224.7,index (Feb 2020=100),2026-08-14,"Indeed Hiring Lab sectors (AU: Retail, Loading & Stocking)",measured
2026-08-20,AU,retail,employment,1522.0,k persons,2026-Q1,"ABS Labour Account (ANZSIC G, measure M12)",measured
2026-08-20,AU,retail,vacancies,26.0,k vacancies,2026-Q2,ABS Job Vacancies (ANZSIC G),measured
2026-08-20,AU,professional,postings,116.0,index (Feb 2020=100),2026-08-14,"Indeed Hiring Lab sectors (AU: Legal, Accounting…)",measured
2026-08-20,AU,professional,employment,1323.5,k persons,2026-Q1,"ABS Labour Account (ANZSIC M, measure M12)",measured
2026-08-20,AU,professional,vacancies,35.7,k vacancies,2026-Q2,ABS Job Vacancies (ANZSIC M),measured
2026-08-20,AU,education,employment,1344.2,k persons,2026-Q1,"ABS Labour Account (ANZSIC P, measure M12)",measured
2026-08-20,AU,education,vacancies,11.0,k vacancies,2026-Q2,ABS Job Vacancies (ANZSIC P),measured
2026-08-20,AU,government,postings,163.0,index (Feb 2020=100),2026-08-14,"Indeed Hiring Lab sectors (AU: Community & Social Service, Security & Public Safety)",measured
2026-08-20,AU,government,employment,891.9,k persons,2026-Q1,"ABS Labour Account (ANZSIC O, measure M12)",measured
2026-08-20,AU,government,vacancies,21.2,k vacancies,2026-Q2,ABS Job Vacancies (ANZSIC O),measured
2026-08-20,AU,power_utilities,employment,153.6,k persons,2026-Q1,"ABS Labour Account (ANZSIC D, measure M12)",measured
2026-08-20,AU,power_utilities,vacancies,3.7,k vacancies,2026-Q2,ABS Job Vacancies (ANZSIC D),measured
2026-08-20,EU,banking,postings,86.2,index (Feb 2020=100),2026-08-14,Indeed Hiring Lab sectors (DE+FR: Banking & Finance),measured
2026-08-20,EU,banking,employment,3099.6,k persons,2025-Q4,"Eurostat lfsq_egan22d (K64), EU27",measured
2026-08-20,EU,banking,vacancies,1.7,% vacancy rate,2025-Q4,"Eurostat jvs_q_nace2 JVR (NACE K, EU27)",measured
2026-08-20,EU,banking,layoffs,10478,announced job losses (12mo),2025-08 onward,"Eurofound European Restructuring Monitor, EU27, 31 announcements - ERM's Financial bucket includes insurance & real estate",measured
2026-08-20,EU,insurance,employment,1167.5,k persons,2025-Q4,"Eurostat lfsq_egan22d (K65), EU27",measured
2026-08-20,EU,insurance,vacancies,1.7,% vacancy rate,2025-Q4,"Eurostat jvs_q_nace2 JVR (NACE K, EU27)",measured
2026-08-20,EU,it_software,postings,64.4,index (Feb 2020=100),2026-08-14,"Indeed Hiring Lab sectors (DE+FR: Software Development, IT Infrastructure, Operations & Support…)",measured
2026-08-20,EU,it_software,employment,8007.3,k persons,2025-Q4,"Eurostat lfsq_egan2 (NACE J), EU27",measured
2026-08-20,EU,it_software,vacancies,2.2,% vacancy rate,2025-Q4,"Eurostat jvs_q_nace2 JVR (NACE J, EU27)",measured
2026-08-20,EU,it_software,layoffs,25783,announced job losses (12mo),2025-08 onward,"Eurofound European Restructuring Monitor, EU27, 57 announcements",measured
2026-08-20,EU,telecom_media,postings,56.6,index (Feb 2020=100),2026-08-14,Indeed Hiring Lab sectors (DE+FR: Media & Communications),measured
2026-08-20,EU,telecom_media,employment,8007.3,k persons,2025-Q4,"Eurostat lfsq_egan2 (NACE J), EU27",measured
2026-08-20,EU,telecom_media,vacancies,2.2,% vacancy rate,2025-Q4,"Eurostat jvs_q_nace2 JVR (NACE J, EU27)",measured
2026-08-20,EU,telecom_media,layoffs,4395,announced job losses (12mo),2025-08 onward,"Eurofound European Restructuring Monitor, EU27, 24 announcements",measured
2026-08-20,EU,manufacturing,postings,89.2,index (Feb 2020=100),2026-08-14,"Indeed Hiring Lab sectors (DE+FR: Production & Manufacturing, Industrial Engineering)",measured
2026-08-20,EU,manufacturing,employment,31399.8,k persons,2025-Q4,"Eurostat lfsq_egan2 (NACE C), EU27",measured
2026-08-20,EU,manufacturing,vacancies,1.5,% vacancy rate,2025-Q4,"Eurostat jvs_q_nace2 JVR (NACE C, EU27)",measured
2026-08-20,EU,manufacturing,layoffs,136741,announced job losses (12mo),2025-08 onward,"Eurofound European Restructuring Monitor, EU27, 417 announcements",measured
2026-08-20,EU,healthcare,postings,152.7,index (Feb 2020=100),2026-08-14,"Indeed Hiring Lab sectors (DE+FR: Nursing, Physicians & Surgeons…)",measured
2026-08-20,EU,healthcare,employment,24095.3,k persons,2025-Q4,"Eurostat lfsq_egan2 (NACE Q), EU27",measured
2026-08-20,EU,healthcare,layoffs,6468,announced job losses (12mo),2025-08 onward,"Eurofound European Restructuring Monitor, EU27, 26 announcements",measured
2026-08-20,EU,retail,postings,111.2,index (Feb 2020=100),2026-08-14,"Indeed Hiring Lab sectors (DE+FR: Retail, Loading & Stocking)",measured
2026-08-20,EU,retail,employment,27991.8,k persons,2025-Q4,"Eurostat lfsq_egan2 (NACE G), EU27",measured
2026-08-20,EU,retail,vacancies,1.8,% vacancy rate,2025-Q4,"Eurostat jvs_q_nace2 JVR (NACE G, EU27)",measured
2026-08-20,EU,retail,layoffs,30218,announced job losses (12mo),2025-08 onward,"Eurofound European Restructuring Monitor, EU27, 78 announcements",measured
2026-08-20,EU,professional,postings,77.2,index (Feb 2020=100),2026-08-14,"Indeed Hiring Lab sectors (DE+FR: Legal, Accounting…)",measured
2026-08-20,EU,professional,employment,12806.6,k persons,2025-Q4,"Eurostat lfsq_egan2 (NACE M), EU27",measured
2026-08-20,EU,professional,vacancies,2.4,% vacancy rate,2025-Q4,"Eurostat jvs_q_nace2 JVR (NACE M, EU27)",measured
2026-08-20,EU,professional,layoffs,5140,announced job losses (12mo),2025-08 onward,"Eurofound European Restructuring Monitor, EU27, 17 announcements",measured
2026-08-20,EU,education,postings,110.1,index (Feb 2020=100),2026-08-14,Indeed Hiring Lab sectors (DE+FR: Education & Instruction),measured
2026-08-20,EU,education,employment,15960.8,k persons,2025-Q4,"Eurostat lfsq_egan2 (NACE P), EU27",measured
2026-08-20,EU,education,layoffs,3510,announced job losses (12mo),2025-08 onward,"Eurofound European Restructuring Monitor, EU27, 3 announcements",measured
2026-08-20,EU,government,postings,138.8,index (Feb 2020=100),2026-08-14,"Indeed Hiring Lab sectors (DE+FR: Community & Social Service, Security & Public Safety)",measured
2026-08-20,EU,government,employment,14666.3,k persons,2025-Q4,"Eurostat lfsq_egan2 (NACE O), EU27",measured
2026-08-20,EU,government,layoffs,7241,announced job losses (12mo),2025-08 onward,"Eurofound European Restructuring Monitor, EU27, 20 announcements",measured
2026-08-20,EU,power_utilities,employment,3475.3,k persons,2025-Q4,"Eurostat lfsq_egan2 (NACE D+E), EU27",measured
2026-08-20,EU,power_utilities,layoffs,3167,announced job losses (12mo),2025-08 onward,"Eurofound European Restructuring Monitor, EU27, 8 announcements",measured
2026-08-20,US,banking,postings,103.1,index (Feb 2020=100),2026-08-14,Indeed Hiring Lab sectors (US: Banking & Finance),measured
2026-08-20,US,banking,employment,6652.2,k jobs,2026-07,"BLS CES (CES5552000001, SA)",measured
2026-08-20,US,it_software,postings,69.7,index (Feb 2020=100),2026-08-14,"Indeed Hiring Lab sectors (US: Software Development, IT Infrastructure, Operations & Support…)",measured
2026-08-20,US,it_software,employment,2780.0,k jobs,2026-07,"BLS CES (CES5000000001, SA)",measured
2026-08-20,US,telecom_media,postings,72.7,index (Feb 2020=100),2026-08-14,Indeed Hiring Lab sectors (US: Media & Communications),measured
2026-08-20,US,telecom_media,employment,571.8,k jobs,2026-07,"BLS CES (CES5051700001, SA)",measured
2026-08-20,US,manufacturing,postings,117.4,index (Feb 2020=100),2026-08-14,"Indeed Hiring Lab sectors (US: Production & Manufacturing, Industrial Engineering)",measured
2026-08-20,US,manufacturing,employment,12611.0,k jobs,2026-07,"BLS CES (CES3000000001, SA)",measured
2026-08-20,US,healthcare,postings,125.3,index (Feb 2020=100),2026-08-14,"Indeed Hiring Lab sectors (US: Nursing, Physicians & Surgeons…)",measured
2026-08-20,US,healthcare,employment,23912.2,k jobs,2026-07,"BLS CES (CES6562000001, SA)",measured
2026-08-20,US,retail,postings,97.3,index (Feb 2020=100),2026-08-14,"Indeed Hiring Lab sectors (US: Retail, Loading & Stocking)",measured
2026-08-20,US,retail,employment,15440.9,k jobs,2026-07,"BLS CES (CES4200000001, SA)",measured
2026-08-20,US,professional,postings,95.6,index (Feb 2020=100),2026-08-14,"Indeed Hiring Lab sectors (US: Legal, Accounting…)",measured
2026-08-20,US,professional,employment,10837.3,k jobs,2026-07,"BLS CES (CES6054000001, SA)",measured
2026-08-20,US,education,postings,108.9,index (Feb 2020=100),2026-08-14,Indeed Hiring Lab sectors (US: Education & Instruction),measured
2026-08-20,US,education,employment,4049.7,k jobs,2026-07,"BLS CES (CES6561000001, SA)",measured
2026-08-20,US,government,postings,110.0,index (Feb 2020=100),2026-08-14,"Indeed Hiring Lab sectors (US: Community & Social Service, Security & Public Safety)",measured
2026-08-20,US,government,employment,23270.0,k jobs,2026-07,"BLS CES (CES9000000001, SA)",measured
2026-08-20,US,insurance,employment,2935.6,k jobs,2026-07,"BLS CES (CES5552400001, SA)",measured
2026-08-20,US,power_utilities,employment,608.1,k jobs,2026-07,"BLS CES (CES4422000001, SA)",measured
2026-08-20,IN,banking,employment,6085.2,k persons,IND 2025-Q4,"ILOSTAT EMP_TEMP_SEX_ECO (ISIC K, IND)",measured
2026-08-20,IN,banking,momentum,-12.0,% YoY hiring,<![CDATA[Naukri JobSpeak: White-collar hiring grows 6% in Ju,Naukri JobSpeak monthly (text-parsed from published report),measured
2026-08-20,IN,insurance,employment,6085.2,k persons,IND 2025-Q4,"ILOSTAT EMP_TEMP_SEX_ECO (ISIC K, IND)",measured
2026-08-20,IN,insurance,momentum,16.0,% YoY hiring,<![CDATA[Naukri JobSpeak: White-collar hiring grows 6% in Ju,Naukri JobSpeak monthly (text-parsed from published report),measured
2026-08-20,IN,it_software,employment,6854.2,k persons,IND 2025-Q4,"ILOSTAT EMP_TEMP_SEX_ECO (ISIC J, IND)",measured
2026-08-20,IN,it_software,momentum,18.0,% YoY hiring,<![CDATA[Naukri JobSpeak: White-collar hiring grows 6% in Ju,Naukri JobSpeak monthly (text-parsed from published report),measured
2026-08-20,IN,telecom_media,employment,6854.2,k persons,IND 2025-Q4,"ILOSTAT EMP_TEMP_SEX_ECO (ISIC J, IND)",measured
2026-08-20,IN,telecom_media,momentum,6.0,% YoY hiring,<![CDATA[Naukri JobSpeak: White-collar hiring grows 6% in Ju,Naukri JobSpeak monthly (text-parsed from published report),measured
2026-08-20,IN,manufacturing,employment,60142.5,k persons,IND 2025-Q4,"ILOSTAT EMP_TEMP_SEX_ECO (ISIC C, IND)",measured
2026-08-20,IN,manufacturing,momentum,14.0,% YoY hiring,<![CDATA[Naukri JobSpeak: White-collar hiring grows 6% in Ju,Naukri JobSpeak monthly (text-parsed from published report),measured
2026-08-20,IN,healthcare,employment,8441.6,k persons,IND 2025-Q4,"ILOSTAT EMP_TEMP_SEX_ECO (ISIC Q, IND)",measured
2026-08-20,IN,healthcare,momentum,4.0,% YoY hiring,<![CDATA[Naukri JobSpeak: White-collar hiring grows 6% in Ju,Naukri JobSpeak monthly (text-parsed from published report),measured
2026-08-20,IN,retail,employment,52830.4,k persons,IND 2025-Q4,"ILOSTAT EMP_TEMP_SEX_ECO (ISIC G, IND)",measured
2026-08-20,IN,retail,momentum,-12.0,% YoY hiring,<![CDATA[Naukri JobSpeak: White-collar hiring grows 6% in Ju,Naukri JobSpeak monthly (text-parsed from published report),measured
2026-08-20,IN,professional,employment,4358.7,k persons,IND 2025-Q4,"ILOSTAT EMP_TEMP_SEX_ECO (ISIC M, IND)",measured
2026-08-20,IN,education,employment,16320.3,k persons,IND 2025-Q4,"ILOSTAT EMP_TEMP_SEX_ECO (ISIC P, IND)",measured
2026-08-20,IN,education,momentum,-4.0,% YoY hiring,<![CDATA[Naukri JobSpeak: White-collar hiring grows 6% in Ju,Naukri JobSpeak monthly (text-parsed from published report),measured
2026-08-20,IN,government,employment,7681.3,k persons,IND 2025-Q4,"ILOSTAT EMP_TEMP_SEX_ECO (ISIC O, IND)",measured
2026-08-20,IN,power_utilities,employment,3434.4,k persons,IND 2025-Q4,"ILOSTAT EMP_TEMP_SEX_ECO (ISIC D+E, IND)",measured
2026-08-20,APAC,banking,employment,1061.3,k persons,"KOR 2026-Q2, SGP 2025","ILOSTAT EMP_TEMP_SEX_ECO (ISIC K, pooled SGP+JPN+KOR)",measured
2026-08-20,APAC,banking,vacancies,8700,vacancies (SG),2025-Q4,Singapore MOM job vacancies by industry (SG proxy market),measured
2026-08-20,APAC,insurance,employment,1061.3,k persons,"KOR 2026-Q2, SGP 2025","ILOSTAT EMP_TEMP_SEX_ECO (ISIC K, pooled SGP+JPN+KOR)",measured
2026-08-20,APAC,insurance,vacancies,1200,vacancies (SG),2025-Q4,Singapore MOM job vacancies by industry (SG proxy market),measured
2026-08-20,APAC,it_software,employment,1303.8,k persons,"KOR 2026-Q2, SGP 2025","ILOSTAT EMP_TEMP_SEX_ECO (ISIC J, pooled SGP+JPN+KOR)",measured
2026-08-20,APAC,it_software,vacancies,10500,vacancies (SG),2025-Q4,Singapore MOM job vacancies by industry (SG proxy market),measured
2026-08-20,APAC,telecom_media,employment,1303.8,k persons,"KOR 2026-Q2, SGP 2025","ILOSTAT EMP_TEMP_SEX_ECO (ISIC J, pooled SGP+JPN+KOR)",measured
2026-08-20,APAC,telecom_media,vacancies,1100,vacancies (SG),2025-Q4,Singapore MOM job vacancies by industry (SG proxy market),measured
2026-08-20,APAC,manufacturing,employment,4528.2,k persons,"KOR 2026-Q2, SGP 2025","ILOSTAT EMP_TEMP_SEX_ECO (ISIC C, pooled SGP+JPN+KOR)",measured
2026-08-20,APAC,manufacturing,vacancies,16000,vacancies (SG),2025-Q4,Singapore MOM job vacancies by industry (SG proxy market),measured
2026-08-20,APAC,healthcare,employment,3630.2,k persons,"KOR 2026-Q2, SGP 2025","ILOSTAT EMP_TEMP_SEX_ECO (ISIC Q, pooled SGP+JPN+KOR)",measured
2026-08-20,APAC,healthcare,vacancies,10300,vacancies (SG),2025-Q4,Singapore MOM job vacancies by industry (SG proxy market),measured
2026-08-20,APAC,retail,employment,3535.5,k persons,"KOR 2026-Q2, SGP 2025","ILOSTAT EMP_TEMP_SEX_ECO (ISIC G, pooled SGP+JPN+KOR)",measured
2026-08-20,APAC,retail,vacancies,4200,vacancies (SG),2025-Q4,Singapore MOM job vacancies by industry (SG proxy market),measured
2026-08-20,APAC,professional,employment,1615.0,k persons,"KOR 2026-Q2, SGP 2025","ILOSTAT EMP_TEMP_SEX_ECO (ISIC M, pooled SGP+JPN+KOR)",measured
2026-08-20,APAC,professional,vacancies,13800,vacancies (SG),2025-Q4,Singapore MOM job vacancies by industry (SG proxy market),measured
2026-08-20,APAC,education,employment,2093.2,k persons,"KOR 2026-Q2, SGP 2025","ILOSTAT EMP_TEMP_SEX_ECO (ISIC P, pooled SGP+JPN+KOR)",measured
2026-08-20,APAC,government,employment,1515.7,k persons,"KOR 2026-Q2, SGP 2025","ILOSTAT EMP_TEMP_SEX_ECO (ISIC O, pooled SGP+JPN+KOR)",measured
2026-08-20,APAC,government,vacancies,14000,vacancies (SG),2025-Q4,Singapore MOM job vacancies by industry (SG proxy market incl. education (SSIC grouping)),measured
2026-08-20,APAC,power_utilities,employment,279.1,k persons,"KOR 2026-Q2, SGP 2025","ILOSTAT EMP_TEMP_SEX_ECO (ISIC D+E, pooled SGP+JPN+KOR)",measured
2026-08-20,UK,banking,postings,87.8,index (Feb 2020=100),2026-08-14,Indeed Hiring Lab sectors (GB: Banking & Finance),measured
2026-08-20,UK,banking,employment,1112.0,k jobs,2026 Q1,"ONS JOBS02 workforce jobs (JWS7, SA)",measured
2026-08-20,UK,banking,vacancies,30.0,k vacancies,2026 JUN,"ONS VACS02 vacancies (JP9Q, SA)",measured
2026-08-20,UK,insurance,employment,1112.0,k jobs,2026 Q1,"ONS JOBS02 workforce jobs (JWS7, SA)",measured
2026-08-20,UK,insurance,vacancies,30.0,k vacancies,2026 JUN,"ONS VACS02 vacancies (JP9Q, SA)",measured
2026-08-20,UK,it_software,postings,54.7,index (Feb 2020=100),2026-08-14,"Indeed Hiring Lab sectors (GB: Software Development, IT Infrastructure, Operations & Support…)",measured
2026-08-20,UK,it_software,employment,1577.0,k jobs,2026 Q1,"ONS JOBS02 workforce jobs (JWS6, SA)",measured
2026-08-20,UK,it_software,vacancies,39.0,k vacancies,2026 JUN,"ONS VACS02 vacancies (JP9P, SA)",measured
2026-08-20,UK,telecom_media,postings,44.6,index (Feb 2020=100),2026-08-14,Indeed Hiring Lab sectors (GB: Media & Communications),measured
2026-08-20,UK,telecom_media,employment,1577.0,k jobs,2026 Q1,"ONS JOBS02 workforce jobs (JWS6, SA)",measured
2026-08-20,UK,telecom_media,vacancies,39.0,k vacancies,2026 JUN,"ONS VACS02 vacancies (JP9P, SA)",measured
2026-08-20,UK,manufacturing,postings,102.5,index (Feb 2020=100),2026-08-14,"Indeed Hiring Lab sectors (GB: Production & Manufacturing, Industrial Engineering)",measured
2026-08-20,UK,manufacturing,employment,2482.0,k jobs,2026 Q1,"ONS JOBS02 workforce jobs (JWR7, SA)",measured
2026-08-20,UK,manufacturing,vacancies,47.0,k vacancies,2026 JUN,"ONS VACS02 vacancies (JP9I, SA)",measured
2026-08-20,UK,healthcare,postings,54.4,index (Feb 2020=100),2026-08-14,"Indeed Hiring Lab sectors (GB: Nursing, Physicians & Surgeons…)",measured
2026-08-20,UK,healthcare,employment,5090.0,k jobs,2026 Q1,"ONS JOBS02 workforce jobs (JWT5, SA)",measured
2026-08-20,UK,healthcare,vacancies,120.0,k vacancies,2026 JUN,"ONS VACS02 vacancies (JP9W, SA)",measured
2026-08-20,UK,retail,postings,83.5,index (Feb 2020=100),2026-08-14,"Indeed Hiring Lab sectors (GB: Retail, Loading & Stocking)",measured
2026-08-20,UK,retail,employment,4629.0,k jobs,2026 Q1,"ONS JOBS02 workforce jobs (JWS3, SA)",measured
2026-08-20,UK,retail,vacancies,87.0,k vacancies,2026 JUN,"ONS VACS02 vacancies (JP9M, SA)",measured
2026-08-20,UK,professional,postings,67.6,index (Feb 2020=100),2026-08-14,"Indeed Hiring Lab sectors (GB: Legal, Accounting…)",measured
2026-08-20,UK,professional,employment,3492.0,k jobs,2026 Q1,"ONS JOBS02 workforce jobs (JWS9, SA)",measured
2026-08-20,UK,professional,vacancies,70.0,k vacancies,2026 JUN,"ONS VACS02 vacancies (JP9S, SA)",measured
2026-08-20,UK,education,postings,119.2,index (Feb 2020=100),2026-08-14,Indeed Hiring Lab sectors (GB: Education & Instruction),measured
2026-08-20,UK,education,vacancies,45.0,k vacancies,2026 JUN,"ONS VACS02 vacancies (JP9V, SA)",measured
2026-08-20,UK,government,postings,86.9,index (Feb 2020=100),2026-08-14,"Indeed Hiring Lab sectors (GB: Community & Social Service, Security & Public Safety)",measured
2026-08-20,UK,government,vacancies,30.0,k vacancies,2026 JUN,"ONS VACS02 vacancies (JP9U, SA)",measured
2026-08-20,UK,power_utilities,employment,391.0,k jobs,2026 Q1,"ONS JOBS02 workforce jobs (JWR8+JWR9, SA)",measured
2026-08-20,UK,power_utilities,vacancies,9.0,k vacancies,2026 JUN,"ONS VACS02 vacancies (JP9J+JP9K, SA)",measured
2026-08-20,AU,banking,postings,113.8,index (Feb 2020=100),2026-08-14,Indeed Hiring Lab sectors (AU: Banking & Finance),measured
2026-08-20,AU,banking,employment,523.7,k persons,2026-Q1,"ABS Labour Account (ANZSIC K, measure M12)",measured
2026-08-20,AU,banking,vacancies,8.9,k vacancies,2026-Q2,ABS Job Vacancies (ANZSIC K),measured
2026-08-20,AU,insurance,employment,523.7,k persons,2026-Q1,"ABS Labour Account (ANZSIC K, measure M12)",measured
2026-08-20,AU,insurance,vacancies,8.9,k vacancies,2026-Q2,ABS Job Vacancies (ANZSIC K),measured
2026-08-20,AU,it_software,postings,100.8,index (Feb 2020=100),2026-08-14,"Indeed Hiring Lab sectors (AU: Software Development, IT Infrastructure, Operations & Support…)",measured
2026-08-20,AU,it_software,employment,207.5,k persons,2026-Q1,"ABS Labour Account (ANZSIC J, measure M12)",measured
2026-08-20,AU,it_software,vacancies,3.6,k vacancies,2026-Q2,ABS Job Vacancies (ANZSIC J),measured
2026-08-20,AU,telecom_media,postings,72.3,index (Feb 2020=100),2026-08-14,Indeed Hiring Lab sectors (AU: Media & Communications),measured
2026-08-20,AU,telecom_media,employment,207.5,k persons,2026-Q1,"ABS Labour Account (ANZSIC J, measure M12)",measured
2026-08-20,AU,telecom_media,vacancies,3.6,k vacancies,2026-Q2,ABS Job Vacancies (ANZSIC J),measured
2026-08-20,AU,manufacturing,postings,152.2,index (Feb 2020=100),2026-08-14,"Indeed Hiring Lab sectors (AU: Production & Manufacturing, Industrial Engineering)",measured
2026-08-20,AU,manufacturing,employment,904.3,k persons,2026-Q1,"ABS Labour Account (ANZSIC C, measure M12)",measured
2026-08-20,AU,manufacturing,vacancies,21.7,k vacancies,2026-Q2,ABS Job Vacancies (ANZSIC C),measured
2026-08-20,AU,healthcare,postings,133.5,index (Feb 2020=100),2026-08-14,"Indeed Hiring Lab sectors (AU: Nursing, Physicians & Surgeons…)",measured
2026-08-20,AU,healthcare,employment,2580.6,k persons,2026-Q1,"ABS Labour Account (ANZSIC Q, measure M12)",measured
2026-08-20,AU,healthcare,vacancies,56.7,k vacancies,2026-Q2,ABS Job Vacancies (ANZSIC Q),measured
2026-08-20,AU,retail,postings,224.7,index (Feb 2020=100),2026-08-14,"Indeed Hiring Lab sectors (AU: Retail, Loading & Stocking)",measured
2026-08-20,AU,retail,employment,1522.0,k persons,2026-Q1,"ABS Labour Account (ANZSIC G, measure M12)",measured
2026-08-20,AU,retail,vacancies,26.0,k vacancies,2026-Q2,ABS Job Vacancies (ANZSIC G),measured
2026-08-20,AU,professional,postings,116.0,index (Feb 2020=100),2026-08-14,"Indeed Hiring Lab sectors (AU: Legal, Accounting…)",measured
2026-08-20,AU,professional,employment,1323.5,k persons,2026-Q1,"ABS Labour Account (ANZSIC M, measure M12)",measured
2026-08-20,AU,professional,vacancies,35.7,k vacancies,2026-Q2,ABS Job Vacancies (ANZSIC M),measured
2026-08-20,AU,education,employment,1344.2,k persons,2026-Q1,"ABS Labour Account (ANZSIC P, measure M12)",measured
2026-08-20,AU,education,vacancies,11.0,k vacancies,2026-Q2,ABS Job Vacancies (ANZSIC P),measured
2026-08-20,AU,government,postings,163.0,index (Feb 2020=100),2026-08-14,"Indeed Hiring Lab sectors (AU: Community & Social Service, Security & Public Safety)",measured
2026-08-20,AU,government,employment,891.9,k persons,2026-Q1,"ABS Labour Account (ANZSIC O, measure M12)",measured
2026-08-20,AU,government,vacancies,21.2,k vacancies,2026-Q2,ABS Job Vacancies (ANZSIC O),measured
2026-08-20,AU,power_utilities,employment,153.6,k persons,2026-Q1,"ABS Labour Account (ANZSIC D, measure M12)",measured
2026-08-20,AU,power_utilities,vacancies,3.7,k vacancies,2026-Q2,ABS Job Vacancies (ANZSIC D),measured
2026-08-20,EU,banking,postings,86.2,index (Feb 2020=100),2026-08-14,Indeed Hiring Lab sectors (DE+FR: Banking & Finance),measured
2026-08-20,EU,banking,employment,3099.6,k persons,2025-Q4,"Eurostat lfsq_egan22d (K64), EU27",measured
2026-08-20,EU,banking,vacancies,1.7,% vacancy rate,2025-Q4,"Eurostat jvs_q_nace2 JVR (NACE K, EU27)",measured
2026-08-20,EU,banking,layoffs,10518,announced job losses (12mo),2025-08 onward,"Eurofound European Restructuring Monitor, EU27, 31 announcements - ERM's Financial bucket includes insurance & real estate",measured
2026-08-20,EU,insurance,employment,1167.5,k persons,2025-Q4,"Eurostat lfsq_egan22d (K65), EU27",measured
2026-08-20,EU,insurance,vacancies,1.7,% vacancy rate,2025-Q4,"Eurostat jvs_q_nace2 JVR (NACE K, EU27)",measured
2026-08-20,EU,it_software,postings,64.4,index (Feb 2020=100),2026-08-14,"Indeed Hiring Lab sectors (DE+FR: Software Development, IT Infrastructure, Operations & Support…)",measured
2026-08-20,EU,it_software,employment,8007.3,k persons,2025-Q4,"Eurostat lfsq_egan2 (NACE J), EU27",measured
2026-08-20,EU,it_software,vacancies,2.2,% vacancy rate,2025-Q4,"Eurostat jvs_q_nace2 JVR (NACE J, EU27)",measured
2026-08-20,EU,it_software,layoffs,25783,announced job losses (12mo),2025-08 onward,"Eurofound European Restructuring Monitor, EU27, 57 announcements",measured
2026-08-20,EU,telecom_media,postings,56.6,index (Feb 2020=100),2026-08-14,Indeed Hiring Lab sectors (DE+FR: Media & Communications),measured
2026-08-20,EU,telecom_media,employment,8007.3,k persons,2025-Q4,"Eurostat lfsq_egan2 (NACE J), EU27",measured
2026-08-20,EU,telecom_media,vacancies,2.2,% vacancy rate,2025-Q4,"Eurostat jvs_q_nace2 JVR (NACE J, EU27)",measured
2026-08-20,EU,telecom_media,layoffs,4282,announced job losses (12mo),2025-08 onward,"Eurofound European Restructuring Monitor, EU27, 23 announcements",measured
2026-08-20,EU,manufacturing,postings,89.2,index (Feb 2020=100),2026-08-14,"Indeed Hiring Lab sectors (DE+FR: Production & Manufacturing, Industrial Engineering)",measured
2026-08-20,EU,manufacturing,employment,31399.8,k persons,2025-Q4,"Eurostat lfsq_egan2 (NACE C), EU27",measured
2026-08-20,EU,manufacturing,vacancies,1.5,% vacancy rate,2025-Q4,"Eurostat jvs_q_nace2 JVR (NACE C, EU27)",measured
2026-08-20,EU,manufacturing,layoffs,136483,announced job losses (12mo),2025-08 onward,"Eurofound European Restructuring Monitor, EU27, 420 announcements",measured
2026-08-20,EU,healthcare,postings,152.7,index (Feb 2020=100),2026-08-14,"Indeed Hiring Lab sectors (DE+FR: Nursing, Physicians & Surgeons…)",measured
2026-08-20,EU,healthcare,employment,24095.3,k persons,2025-Q4,"Eurostat lfsq_egan2 (NACE Q), EU27",measured
2026-08-20,EU,healthcare,layoffs,6518,announced job losses (12mo),2025-08 onward,"Eurofound European Restructuring Monitor, EU27, 26 announcements",measured
2026-08-20,EU,retail,postings,111.2,index (Feb 2020=100),2026-08-14,"Indeed Hiring Lab sectors (DE+FR: Retail, Loading & Stocking)",measured
2026-08-20,EU,retail,employment,27991.8,k persons,2025-Q4,"Eurostat lfsq_egan2 (NACE G), EU27",measured
2026-08-20,EU,retail,vacancies,1.8,% vacancy rate,2025-Q4,"Eurostat jvs_q_nace2 JVR (NACE G, EU27)",measured
2026-08-20,EU,retail,layoffs,30608,announced job losses (12mo),2025-08 onward,"Eurofound European Restructuring Monitor, EU27, 80 announcements",measured
2026-08-20,EU,professional,postings,77.2,index (Feb 2020=100),2026-08-14,"Indeed Hiring Lab sectors (DE+FR: Legal, Accounting…)",measured
2026-08-20,EU,professional,employment,12806.6,k persons,2025-Q4,"Eurostat lfsq_egan2 (NACE M), EU27",measured
2026-08-20,EU,professional,vacancies,2.4,% vacancy rate,2025-Q4,"Eurostat jvs_q_nace2 JVR (NACE M, EU27)",measured
2026-08-20,EU,professional,layoffs,5140,announced job losses (12mo),2025-08 onward,"Eurofound European Restructuring Monitor, EU27, 17 announcements",measured
2026-08-20,EU,education,postings,110.1,index (Feb 2020=100),2026-08-14,Indeed Hiring Lab sectors (DE+FR: Education & Instruction),measured
2026-08-20,EU,education,employment,15960.8,k persons,2025-Q4,"Eurostat lfsq_egan2 (NACE P), EU27",measured
2026-08-20,EU,education,layoffs,3510,announced job losses (12mo),2025-08 onward,"Eurofound European Restructuring Monitor, EU27, 3 announcements",measured
2026-08-20,EU,government,postings,138.8,index (Feb 2020=100),2026-08-14,"Indeed Hiring Lab sectors (DE+FR: Community & Social Service, Security & Public Safety)",measured
2026-08-20,EU,government,employment,14666.3,k persons,2025-Q4,"Eurostat lfsq_egan2 (NACE O), EU27",measured
2026-08-20,EU,government,layoffs,7241,announced job losses (12mo),2025-08 onward,"Eurofound European Restructuring Monitor, EU27, 20 announcements",measured
2026-08-20,EU,power_utilities,employment,3475.3,k persons,2025-Q4,"Eurostat lfsq_egan2 (NACE D+E), EU27",measured
2026-08-20,EU,power_utilities,layoffs,3167,announced job losses (12mo),2025-08 onward,"Eurofound European Restructuring Monitor, EU27, 8 announcements",measured
2026-08-20,US,banking,postings,103.1,index (Feb 2020=100),2026-08-14,Indeed Hiring Lab sectors (US: Banking & Finance),measured
2026-08-20,US,banking,employment,6652.2,k jobs,2026-07,"BLS CES (CES5552000001, SA)",measured
2026-08-20,US,banking,layoffs,25748,cuts YTD,July 2026,"Challenger, Gray & Christmas job cuts by industry (all-cause; AI-cited share tracked at the headline KPI)",measured
2026-08-20,US,it_software,postings,69.7,index (Feb 2020=100),2026-08-14,"Indeed Hiring Lab sectors (US: Software Development, IT Infrastructure, Operations & Support…)",measured
2026-08-20,US,it_software,employment,2780.0,k jobs,2026-07,"BLS CES (CES5000000001, SA)",measured
2026-08-20,US,it_software,layoffs,149023,cuts YTD,July 2026,"Challenger, Gray & Christmas job cuts by industry (all-cause; AI-cited share tracked at the headline KPI)",measured
2026-08-20,US,telecom_media,postings,72.7,index (Feb 2020=100),2026-08-14,Indeed Hiring Lab sectors (US: Media & Communications),measured
2026-08-20,US,telecom_media,employment,571.8,k jobs,2026-07,"BLS CES (CES5051700001, SA)",measured
2026-08-20,US,telecom_media,layoffs,7761,cuts YTD,July 2026,"Challenger, Gray & Christmas job cuts by industry (all-cause; AI-cited share tracked at the headline KPI)",measured
2026-08-20,US,manufacturing,postings,117.4,index (Feb 2020=100),2026-08-14,"Indeed Hiring Lab sectors (US: Production & Manufacturing, Industrial Engineering)",measured
2026-08-20,US,manufacturing,employment,12611.0,k jobs,2026-07,"BLS CES (CES3000000001, SA)",measured
2026-08-20,US,manufacturing,layoffs,68332,cuts YTD,July 2026,"Challenger, Gray & Christmas job cuts by industry (all-cause; AI-cited share tracked at the headline KPI)",measured
2026-08-20,US,healthcare,postings,125.3,index (Feb 2020=100),2026-08-14,"Indeed Hiring Lab sectors (US: Nursing, Physicians & Surgeons…)",measured
2026-08-20,US,healthcare,employment,23912.2,k jobs,2026-07,"BLS CES (CES6562000001, SA)",measured
2026-08-20,US,healthcare,layoffs,48092,cuts YTD,July 2026,"Challenger, Gray & Christmas job cuts by industry (all-cause; AI-cited share tracked at the headline KPI)",measured
2026-08-20,US,retail,postings,97.3,index (Feb 2020=100),2026-08-14,"Indeed Hiring Lab sectors (US: Retail, Loading & Stocking)",measured
2026-08-20,US,retail,employment,15440.9,k jobs,2026-07,"BLS CES (CES4200000001, SA)",measured
2026-08-20,US,retail,layoffs,12946,cuts YTD,July 2026,"Challenger, Gray & Christmas job cuts by industry (all-cause; AI-cited share tracked at the headline KPI)",measured
2026-08-20,US,professional,postings,95.6,index (Feb 2020=100),2026-08-14,"Indeed Hiring Lab sectors (US: Legal, Accounting…)",measured
2026-08-20,US,professional,employment,10837.3,k jobs,2026-07,"BLS CES (CES6054000001, SA)",measured
2026-08-20,US,professional,layoffs,23942,cuts YTD,July 2026,"Challenger, Gray & Christmas job cuts by industry (all-cause; AI-cited share tracked at the headline KPI)",measured
2026-08-20,US,education,postings,108.9,index (Feb 2020=100),2026-08-14,Indeed Hiring Lab sectors (US: Education & Instruction),measured
2026-08-20,US,education,employment,4049.7,k jobs,2026-07,"BLS CES (CES6561000001, SA)",measured
2026-08-20,US,education,layoffs,15499,cuts YTD,July 2026,"Challenger, Gray & Christmas job cuts by industry (all-cause; AI-cited share tracked at the headline KPI)",measured
2026-08-20,US,government,postings,110.0,index (Feb 2020=100),2026-08-14,"Indeed Hiring Lab sectors (US: Community & Social Service, Security & Public Safety)",measured
2026-08-20,US,government,employment,23270.0,k jobs,2026-07,"BLS CES (CES9000000001, SA)",measured
2026-08-20,US,government,layoffs,20752,cuts YTD,July 2026,"Challenger, Gray & Christmas job cuts by industry (all-cause; AI-cited share tracked at the headline KPI)",measured
2026-08-20,US,insurance,employment,2935.6,k jobs,2026-07,"BLS CES (CES5552400001, SA)",measured
2026-08-20,US,insurance,layoffs,6908,cuts YTD,July 2026,"Challenger, Gray & Christmas job cuts by industry (all-cause; AI-cited share tracked at the headline KPI)",measured
2026-08-20,US,power_utilities,layoffs,2978,cuts YTD,July 2026,"Challenger, Gray & Christmas job cuts by industry (all-cause; AI-cited share tracked at the headline KPI)",measured
2026-08-20,US,power_utilities,employment,608.1,k jobs,2026-07,"BLS CES (CES4422000001, SA)",measured
2026-08-20,IN,banking,employment,6085.2,k persons,IND 2025-Q4,"ILOSTAT EMP_TEMP_SEX_ECO (ISIC K, IND)",measured
2026-08-20,IN,banking,momentum,-12.0,% YoY hiring,<![CDATA[Naukri JobSpeak: White-collar hiring grows 6% in Ju,Naukri JobSpeak monthly (text-parsed from published report),measured
2026-08-20,IN,insurance,employment,6085.2,k persons,IND 2025-Q4,"ILOSTAT EMP_TEMP_SEX_ECO (ISIC K, IND)",measured
2026-08-20,IN,insurance,momentum,16.0,% YoY hiring,<![CDATA[Naukri JobSpeak: White-collar hiring grows 6% in Ju,Naukri JobSpeak monthly (text-parsed from published report),measured
2026-08-20,IN,it_software,employment,6854.2,k persons,IND 2025-Q4,"ILOSTAT EMP_TEMP_SEX_ECO (ISIC J, IND)",measured
2026-08-20,IN,it_software,momentum,18.0,% YoY hiring,<![CDATA[Naukri JobSpeak: White-collar hiring grows 6% in Ju,Naukri JobSpeak monthly (text-parsed from published report),measured
2026-08-20,IN,telecom_media,employment,6854.2,k persons,IND 2025-Q4,"ILOSTAT EMP_TEMP_SEX_ECO (ISIC J, IND)",measured
2026-08-20,IN,telecom_media,momentum,6.0,% YoY hiring,<![CDATA[Naukri JobSpeak: White-collar hiring grows 6% in Ju,Naukri JobSpeak monthly (text-parsed from published report),measured
2026-08-20,IN,manufacturing,employment,60142.5,k persons,IND 2025-Q4,"ILOSTAT EMP_TEMP_SEX_ECO (ISIC C, IND)",measured
2026-08-20,IN,manufacturing,momentum,14.0,% YoY hiring,<![CDATA[Naukri JobSpeak: White-collar hiring grows 6% in Ju,Naukri JobSpeak monthly (text-parsed from published report),measured
2026-08-20,IN,healthcare,employment,8441.6,k persons,IND 2025-Q4,"ILOSTAT EMP_TEMP_SEX_ECO (ISIC Q, IND)",measured
2026-08-20,IN,healthcare,momentum,4.0,% YoY hiring,<![CDATA[Naukri JobSpeak: White-collar hiring grows 6% in Ju,Naukri JobSpeak monthly (text-parsed from published report),measured
2026-08-20,IN,retail,employment,52830.4,k persons,IND 2025-Q4,"ILOSTAT EMP_TEMP_SEX_ECO (ISIC G, IND)",measured
2026-08-20,IN,retail,momentum,-12.0,% YoY hiring,<![CDATA[Naukri JobSpeak: White-collar hiring grows 6% in Ju,Naukri JobSpeak monthly (text-parsed from published report),measured
2026-08-20,IN,professional,employment,4358.7,k persons,IND 2025-Q4,"ILOSTAT EMP_TEMP_SEX_ECO (ISIC M, IND)",measured
2026-08-20,IN,education,employment,16320.3,k persons,IND 2025-Q4,"ILOSTAT EMP_TEMP_SEX_ECO (ISIC P, IND)",measured
2026-08-20,IN,education,momentum,-4.0,% YoY hiring,<![CDATA[Naukri JobSpeak: White-collar hiring grows 6% in Ju,Naukri JobSpeak monthly (text-parsed from published report),measured
2026-08-20,IN,government,employment,7681.3,k persons,IND 2025-Q4,"ILOSTAT EMP_TEMP_SEX_ECO (ISIC O, IND)",measured
2026-08-20,IN,power_utilities,employment,3434.4,k persons,IND 2025-Q4,"ILOSTAT EMP_TEMP_SEX_ECO (ISIC D+E, IND)",measured
2026-08-20,APAC,banking,employment,1061.3,k persons,"KOR 2026-Q2, SGP 2025","ILOSTAT EMP_TEMP_SEX_ECO (ISIC K, pooled SGP+JPN+KOR)",measured
2026-08-20,APAC,banking,vacancies,8700,vacancies (SG),2025-Q4,Singapore MOM job vacancies by industry (SG proxy market),measured
2026-08-20,APAC,insurance,employment,1061.3,k persons,"KOR 2026-Q2, SGP 2025","ILOSTAT EMP_TEMP_SEX_ECO (ISIC K, pooled SGP+JPN+KOR)",measured
2026-08-20,APAC,insurance,vacancies,1200,vacancies (SG),2025-Q4,Singapore MOM job vacancies by industry (SG proxy market),measured
2026-08-20,APAC,it_software,employment,1303.8,k persons,"KOR 2026-Q2, SGP 2025","ILOSTAT EMP_TEMP_SEX_ECO (ISIC J, pooled SGP+JPN+KOR)",measured
2026-08-20,APAC,it_software,vacancies,10500,vacancies (SG),2025-Q4,Singapore MOM job vacancies by industry (SG proxy market),measured
2026-08-20,APAC,telecom_media,employment,1303.8,k persons,"KOR 2026-Q2, SGP 2025","ILOSTAT EMP_TEMP_SEX_ECO (ISIC J, pooled SGP+JPN+KOR)",measured
2026-08-20,APAC,telecom_media,vacancies,1100,vacancies (SG),2025-Q4,Singapore MOM job vacancies by industry (SG proxy market),measured
2026-08-20,APAC,manufacturing,employment,4528.2,k persons,"KOR 2026-Q2, SGP 2025","ILOSTAT EMP_TEMP_SEX_ECO (ISIC C, pooled SGP+JPN+KOR)",measured
2026-08-20,APAC,manufacturing,vacancies,16000,vacancies (SG),2025-Q4,Singapore MOM job vacancies by industry (SG proxy market),measured
2026-08-20,APAC,healthcare,employment,3630.2,k persons,"KOR 2026-Q2, SGP 2025","ILOSTAT EMP_TEMP_SEX_ECO (ISIC Q, pooled SGP+JPN+KOR)",measured
2026-08-20,APAC,healthcare,vacancies,10300,vacancies (SG),2025-Q4,Singapore MOM job vacancies by industry (SG proxy market),measured
2026-08-20,APAC,retail,employment,3535.5,k persons,"KOR 2026-Q2, SGP 2025","ILOSTAT EMP_TEMP_SEX_ECO (ISIC G, pooled SGP+JPN+KOR)",measured
2026-08-20,APAC,retail,vacancies,4200,vacancies (SG),2025-Q4,Singapore MOM job vacancies by industry (SG proxy market),measured
2026-08-20,APAC,professional,employment,1615.0,k persons,"KOR 2026-Q2, SGP 2025","ILOSTAT EMP_TEMP_SEX_ECO (ISIC M, pooled SGP+JPN+KOR)",measured
2026-08-20,APAC,professional,vacancies,13800,vacancies (SG),2025-Q4,Singapore MOM job vacancies by industry (SG proxy market),measured
2026-08-20,APAC,education,employment,2093.2,k persons,"KOR 2026-Q2, SGP 2025","ILOSTAT EMP_TEMP_SEX_ECO (ISIC P, pooled SGP+JPN+KOR)",measured
2026-08-20,APAC,government,employment,1515.7,k persons,"KOR 2026-Q2, SGP 2025","ILOSTAT EMP_TEMP_SEX_ECO (ISIC O, pooled SGP+JPN+KOR)",measured
2026-08-20,APAC,government,vacancies,14000,vacancies (SG),2025-Q4,Singapore MOM job vacancies by industry (SG proxy market incl. education (SSIC grouping)),measured
2026-08-20,APAC,power_utilities,employment,279.1,k persons,"KOR 2026-Q2, SGP 2025","ILOSTAT EMP_TEMP_SEX_ECO (ISIC D+E, pooled SGP+JPN+KOR)",measured
2026-08-21,UK,banking,postings,87.8,index (Feb 2020=100),2026-08-14,Indeed Hiring Lab sectors (GB: Banking & Finance),measured
2026-08-21,UK,banking,employment,1112.0,k jobs,2026 Q1,"ONS JOBS02 workforce jobs (JWS7, SA)",measured
2026-08-21,UK,banking,vacancies,30.0,k vacancies,2026 JUN,"ONS VACS02 vacancies (JP9Q, SA)",measured
2026-08-21,UK,insurance,employment,1112.0,k jobs,2026 Q1,"ONS JOBS02 workforce jobs (JWS7, SA)",measured
2026-08-21,UK,insurance,vacancies,30.0,k vacancies,2026 JUN,"ONS VACS02 vacancies (JP9Q, SA)",measured
2026-08-21,UK,it_software,postings,54.7,index (Feb 2020=100),2026-08-14,"Indeed Hiring Lab sectors (GB: Software Development, IT Infrastructure, Operations & Support…)",measured
2026-08-21,UK,it_software,employment,1577.0,k jobs,2026 Q1,"ONS JOBS02 workforce jobs (JWS6, SA)",measured
2026-08-21,UK,it_software,vacancies,39.0,k vacancies,2026 JUN,"ONS VACS02 vacancies (JP9P, SA)",measured
2026-08-21,UK,telecom_media,postings,44.6,index (Feb 2020=100),2026-08-14,Indeed Hiring Lab sectors (GB: Media & Communications),measured
2026-08-21,UK,telecom_media,employment,1577.0,k jobs,2026 Q1,"ONS JOBS02 workforce jobs (JWS6, SA)",measured
2026-08-21,UK,telecom_media,vacancies,39.0,k vacancies,2026 JUN,"ONS VACS02 vacancies (JP9P, SA)",measured
2026-08-21,UK,manufacturing,postings,102.5,index (Feb 2020=100),2026-08-14,"Indeed Hiring Lab sectors (GB: Production & Manufacturing, Industrial Engineering)",measured
2026-08-21,UK,manufacturing,employment,2482.0,k jobs,2026 Q1,"ONS JOBS02 workforce jobs (JWR7, SA)",measured
2026-08-21,UK,manufacturing,vacancies,47.0,k vacancies,2026 JUN,"ONS VACS02 vacancies (JP9I, SA)",measured
2026-08-21,UK,healthcare,postings,54.4,index (Feb 2020=100),2026-08-14,"Indeed Hiring Lab sectors (GB: Nursing, Physicians & Surgeons…)",measured
2026-08-21,UK,healthcare,employment,5090.0,k jobs,2026 Q1,"ONS JOBS02 workforce jobs (JWT5, SA)",measured
2026-08-21,UK,healthcare,vacancies,120.0,k vacancies,2026 JUN,"ONS VACS02 vacancies (JP9W, SA)",measured
2026-08-21,UK,retail,postings,83.5,index (Feb 2020=100),2026-08-14,"Indeed Hiring Lab sectors (GB: Retail, Loading & Stocking)",measured
2026-08-21,UK,retail,employment,4629.0,k jobs,2026 Q1,"ONS JOBS02 workforce jobs (JWS3, SA)",measured
2026-08-21,UK,retail,vacancies,87.0,k vacancies,2026 JUN,"ONS VACS02 vacancies (JP9M, SA)",measured
2026-08-21,UK,professional,postings,67.6,index (Feb 2020=100),2026-08-14,"Indeed Hiring Lab sectors (GB: Legal, Accounting…)",measured
2026-08-21,UK,professional,employment,3492.0,k jobs,2026 Q1,"ONS JOBS02 workforce jobs (JWS9, SA)",measured
2026-08-21,UK,professional,vacancies,70.0,k vacancies,2026 JUN,"ONS VACS02 vacancies (JP9S, SA)",measured
2026-08-21,UK,education,postings,119.2,index (Feb 2020=100),2026-08-14,Indeed Hiring Lab sectors (GB: Education & Instruction),measured
2026-08-21,UK,education,vacancies,45.0,k vacancies,2026 JUN,"ONS VACS02 vacancies (JP9V, SA)",measured
2026-08-21,UK,government,postings,86.9,index (Feb 2020=100),2026-08-14,"Indeed Hiring Lab sectors (GB: Community & Social Service, Security & Public Safety)",measured
2026-08-21,UK,government,vacancies,30.0,k vacancies,2026 JUN,"ONS VACS02 vacancies (JP9U, SA)",measured
2026-08-21,UK,power_utilities,employment,391.0,k jobs,2026 Q1,"ONS JOBS02 workforce jobs (JWR8+JWR9, SA)",measured
2026-08-21,UK,power_utilities,vacancies,9.0,k vacancies,2026 JUN,"ONS VACS02 vacancies (JP9J+JP9K, SA)",measured
2026-08-21,AU,banking,postings,113.8,index (Feb 2020=100),2026-08-14,Indeed Hiring Lab sectors (AU: Banking & Finance),measured
2026-08-21,AU,banking,employment,523.7,k persons,2026-Q1,"ABS Labour Account (ANZSIC K, measure M12)",measured
2026-08-21,AU,banking,vacancies,8.9,k vacancies,2026-Q2,ABS Job Vacancies (ANZSIC K),measured
2026-08-21,AU,insurance,employment,523.7,k persons,2026-Q1,"ABS Labour Account (ANZSIC K, measure M12)",measured
2026-08-21,AU,insurance,vacancies,8.9,k vacancies,2026-Q2,ABS Job Vacancies (ANZSIC K),measured
2026-08-21,AU,it_software,postings,100.8,index (Feb 2020=100),2026-08-14,"Indeed Hiring Lab sectors (AU: Software Development, IT Infrastructure, Operations & Support…)",measured
2026-08-21,AU,it_software,employment,207.5,k persons,2026-Q1,"ABS Labour Account (ANZSIC J, measure M12)",measured
2026-08-21,AU,it_software,vacancies,3.6,k vacancies,2026-Q2,ABS Job Vacancies (ANZSIC J),measured
2026-08-21,AU,telecom_media,postings,72.3,index (Feb 2020=100),2026-08-14,Indeed Hiring Lab sectors (AU: Media & Communications),measured
2026-08-21,AU,telecom_media,employment,207.5,k persons,2026-Q1,"ABS Labour Account (ANZSIC J, measure M12)",measured
2026-08-21,AU,telecom_media,vacancies,3.6,k vacancies,2026-Q2,ABS Job Vacancies (ANZSIC J),measured
2026-08-21,AU,manufacturing,postings,152.2,index (Feb 2020=100),2026-08-14,"Indeed Hiring Lab sectors (AU: Production & Manufacturing, Industrial Engineering)",measured
2026-08-21,AU,manufacturing,employment,904.3,k persons,2026-Q1,"ABS Labour Account (ANZSIC C, measure M12)",measured
2026-08-21,AU,manufacturing,vacancies,21.7,k vacancies,2026-Q2,ABS Job Vacancies (ANZSIC C),measured
2026-08-21,AU,healthcare,postings,133.5,index (Feb 2020=100),2026-08-14,"Indeed Hiring Lab sectors (AU: Nursing, Physicians & Surgeons…)",measured
2026-08-21,AU,healthcare,employment,2580.6,k persons,2026-Q1,"ABS Labour Account (ANZSIC Q, measure M12)",measured
2026-08-21,AU,healthcare,vacancies,56.7,k vacancies,2026-Q2,ABS Job Vacancies (ANZSIC Q),measured
2026-08-21,AU,retail,postings,224.7,index (Feb 2020=100),2026-08-14,"Indeed Hiring Lab sectors (AU: Retail, Loading & Stocking)",measured
2026-08-21,AU,retail,employment,1522.0,k persons,2026-Q1,"ABS Labour Account (ANZSIC G, measure M12)",measured
2026-08-21,AU,retail,vacancies,26.0,k vacancies,2026-Q2,ABS Job Vacancies (ANZSIC G),measured
2026-08-21,AU,professional,postings,116.0,index (Feb 2020=100),2026-08-14,"Indeed Hiring Lab sectors (AU: Legal, Accounting…)",measured
2026-08-21,AU,professional,employment,1323.5,k persons,2026-Q1,"ABS Labour Account (ANZSIC M, measure M12)",measured
2026-08-21,AU,professional,vacancies,35.7,k vacancies,2026-Q2,ABS Job Vacancies (ANZSIC M),measured
2026-08-21,AU,education,employment,1344.2,k persons,2026-Q1,"ABS Labour Account (ANZSIC P, measure M12)",measured
2026-08-21,AU,education,vacancies,11.0,k vacancies,2026-Q2,ABS Job Vacancies (ANZSIC P),measured
2026-08-21,AU,government,postings,163.0,index (Feb 2020=100),2026-08-14,"Indeed Hiring Lab sectors (AU: Community & Social Service, Security & Public Safety)",measured
2026-08-21,AU,government,employment,891.9,k persons,2026-Q1,"ABS Labour Account (ANZSIC O, measure M12)",measured
2026-08-21,AU,government,vacancies,21.2,k vacancies,2026-Q2,ABS Job Vacancies (ANZSIC O),measured
2026-08-21,AU,power_utilities,employment,153.6,k persons,2026-Q1,"ABS Labour Account (ANZSIC D, measure M12)",measured
2026-08-21,AU,power_utilities,vacancies,3.7,k vacancies,2026-Q2,ABS Job Vacancies (ANZSIC D),measured
2026-08-21,EU,banking,postings,86.2,index (Feb 2020=100),2026-08-14,Indeed Hiring Lab sectors (DE+FR: Banking & Finance),measured
2026-08-21,EU,banking,employment,3099.6,k persons,2025-Q4,"Eurostat lfsq_egan22d (K64), EU27",measured
2026-08-21,EU,banking,vacancies,1.7,% vacancy rate,2025-Q4,"Eurostat jvs_q_nace2 JVR (NACE K, EU27)",measured
2026-08-21,EU,banking,layoffs,10518,announced job losses (12mo),2025-08 onward,"Eurofound European Restructuring Monitor, EU27, 31 announcements - ERM's Financial bucket includes insurance & real estate",measured
2026-08-21,EU,insurance,employment,1167.5,k persons,2025-Q4,"Eurostat lfsq_egan22d (K65), EU27",measured
2026-08-21,EU,insurance,vacancies,1.7,% vacancy rate,2025-Q4,"Eurostat jvs_q_nace2 JVR (NACE K, EU27)",measured
2026-08-21,EU,it_software,postings,64.4,index (Feb 2020=100),2026-08-14,"Indeed Hiring Lab sectors (DE+FR: Software Development, IT Infrastructure, Operations & Support…)",measured
2026-08-21,EU,it_software,employment,8007.3,k persons,2025-Q4,"Eurostat lfsq_egan2 (NACE J), EU27",measured
2026-08-21,EU,it_software,vacancies,2.2,% vacancy rate,2025-Q4,"Eurostat jvs_q_nace2 JVR (NACE J, EU27)",measured
2026-08-21,EU,it_software,layoffs,25783,announced job losses (12mo),2025-08 onward,"Eurofound European Restructuring Monitor, EU27, 57 announcements",measured
2026-08-21,EU,telecom_media,postings,56.6,index (Feb 2020=100),2026-08-14,Indeed Hiring Lab sectors (DE+FR: Media & Communications),measured
2026-08-21,EU,telecom_media,employment,8007.3,k persons,2025-Q4,"Eurostat lfsq_egan2 (NACE J), EU27",measured
2026-08-21,EU,telecom_media,vacancies,2.2,% vacancy rate,2025-Q4,"Eurostat jvs_q_nace2 JVR (NACE J, EU27)",measured
2026-08-21,EU,telecom_media,layoffs,4282,announced job losses (12mo),2025-08 onward,"Eurofound European Restructuring Monitor, EU27, 23 announcements",measured
2026-08-21,EU,manufacturing,postings,89.2,index (Feb 2020=100),2026-08-14,"Indeed Hiring Lab sectors (DE+FR: Production & Manufacturing, Industrial Engineering)",measured
2026-08-21,EU,manufacturing,employment,31399.8,k persons,2025-Q4,"Eurostat lfsq_egan2 (NACE C), EU27",measured
2026-08-21,EU,manufacturing,vacancies,1.5,% vacancy rate,2025-Q4,"Eurostat jvs_q_nace2 JVR (NACE C, EU27)",measured
2026-08-21,EU,manufacturing,layoffs,136483,announced job losses (12mo),2025-08 onward,"Eurofound European Restructuring Monitor, EU27, 420 announcements",measured
2026-08-21,EU,healthcare,postings,152.7,index (Feb 2020=100),2026-08-14,"Indeed Hiring Lab sectors (DE+FR: Nursing, Physicians & Surgeons…)",measured
2026-08-21,EU,healthcare,employment,24095.3,k persons,2025-Q4,"Eurostat lfsq_egan2 (NACE Q), EU27",measured
2026-08-21,EU,healthcare,layoffs,7088,announced job losses (12mo),2025-08 onward,"Eurofound European Restructuring Monitor, EU27, 27 announcements",measured
2026-08-21,EU,retail,postings,111.2,index (Feb 2020=100),2026-08-14,"Indeed Hiring Lab sectors (DE+FR: Retail, Loading & Stocking)",measured
2026-08-21,EU,retail,employment,27991.8,k persons,2025-Q4,"Eurostat lfsq_egan2 (NACE G), EU27",measured
2026-08-21,EU,retail,vacancies,1.8,% vacancy rate,2025-Q4,"Eurostat jvs_q_nace2 JVR (NACE G, EU27)",measured
2026-08-21,EU,retail,layoffs,30608,announced job losses (12mo),2025-08 onward,"Eurofound European Restructuring Monitor, EU27, 80 announcements",measured
2026-08-21,EU,professional,postings,77.2,index (Feb 2020=100),2026-08-14,"Indeed Hiring Lab sectors (DE+FR: Legal, Accounting…)",measured
2026-08-21,EU,professional,employment,12806.6,k persons,2025-Q4,"Eurostat lfsq_egan2 (NACE M), EU27",measured
2026-08-21,EU,professional,vacancies,2.4,% vacancy rate,2025-Q4,"Eurostat jvs_q_nace2 JVR (NACE M, EU27)",measured
2026-08-21,EU,professional,layoffs,5140,announced job losses (12mo),2025-08 onward,"Eurofound European Restructuring Monitor, EU27, 17 announcements",measured
2026-08-21,EU,education,postings,110.1,index (Feb 2020=100),2026-08-14,Indeed Hiring Lab sectors (DE+FR: Education & Instruction),measured
2026-08-21,EU,education,employment,15960.8,k persons,2025-Q4,"Eurostat lfsq_egan2 (NACE P), EU27",measured
2026-08-21,EU,education,layoffs,3510,announced job losses (12mo),2025-08 onward,"Eurofound European Restructuring Monitor, EU27, 3 announcements",measured
2026-08-21,EU,government,postings,138.8,index (Feb 2020=100),2026-08-14,"Indeed Hiring Lab sectors (DE+FR: Community & Social Service, Security & Public Safety)",measured
2026-08-21,EU,government,employment,14666.3,k persons,2025-Q4,"Eurostat lfsq_egan2 (NACE O), EU27",measured
2026-08-21,EU,government,layoffs,7241,announced job losses (12mo),2025-08 onward,"Eurofound European Restructuring Monitor, EU27, 20 announcements",measured
2026-08-21,EU,power_utilities,employment,3475.3,k persons,2025-Q4,"Eurostat lfsq_egan2 (NACE D+E), EU27",measured
2026-08-21,EU,power_utilities,layoffs,3167,announced job losses (12mo),2025-08 onward,"Eurofound European Restructuring Monitor, EU27, 8 announcements",measured
2026-08-21,US,banking,postings,103.1,index (Feb 2020=100),2026-08-14,Indeed Hiring Lab sectors (US: Banking & Finance),measured
2026-08-21,US,banking,employment,6652.2,k jobs,2026-07,"BLS CES (CES5552000001, SA)",measured
2026-08-21,US,banking,layoffs,25748,cuts YTD,July 2026,"Challenger, Gray & Christmas job cuts by industry (all-cause; AI-cited share tracked at the headline KPI)",measured
2026-08-21,US,it_software,postings,69.7,index (Feb 2020=100),2026-08-14,"Indeed Hiring Lab sectors (US: Software Development, IT Infrastructure, Operations & Support…)",measured
2026-08-21,US,it_software,employment,2780.0,k jobs,2026-07,"BLS CES (CES5000000001, SA)",measured
2026-08-21,US,it_software,layoffs,149023,cuts YTD,July 2026,"Challenger, Gray & Christmas job cuts by industry (all-cause; AI-cited share tracked at the headline KPI)",measured
2026-08-21,US,telecom_media,postings,72.7,index (Feb 2020=100),2026-08-14,Indeed Hiring Lab sectors (US: Media & Communications),measured
2026-08-21,US,telecom_media,employment,571.8,k jobs,2026-07,"BLS CES (CES5051700001, SA)",measured
2026-08-21,US,telecom_media,layoffs,7761,cuts YTD,July 2026,"Challenger, Gray & Christmas job cuts by industry (all-cause; AI-cited share tracked at the headline KPI)",measured
2026-08-21,US,manufacturing,postings,117.4,index (Feb 2020=100),2026-08-14,"Indeed Hiring Lab sectors (US: Production & Manufacturing, Industrial Engineering)",measured
2026-08-21,US,manufacturing,employment,12611.0,k jobs,2026-07,"BLS CES (CES3000000001, SA)",measured
2026-08-21,US,manufacturing,layoffs,68332,cuts YTD,July 2026,"Challenger, Gray & Christmas job cuts by industry (all-cause; AI-cited share tracked at the headline KPI)",measured
2026-08-21,US,healthcare,postings,125.3,index (Feb 2020=100),2026-08-14,"Indeed Hiring Lab sectors (US: Nursing, Physicians & Surgeons…)",measured
2026-08-21,US,healthcare,employment,23912.2,k jobs,2026-07,"BLS CES (CES6562000001, SA)",measured
2026-08-21,US,healthcare,layoffs,48092,cuts YTD,July 2026,"Challenger, Gray & Christmas job cuts by industry (all-cause; AI-cited share tracked at the headline KPI)",measured
2026-08-21,US,retail,postings,97.3,index (Feb 2020=100),2026-08-14,"Indeed Hiring Lab sectors (US: Retail, Loading & Stocking)",measured
2026-08-21,US,retail,employment,15440.9,k jobs,2026-07,"BLS CES (CES4200000001, SA)",measured
2026-08-21,US,retail,layoffs,12946,cuts YTD,July 2026,"Challenger, Gray & Christmas job cuts by industry (all-cause; AI-cited share tracked at the headline KPI)",measured
2026-08-21,US,professional,postings,95.6,index (Feb 2020=100),2026-08-14,"Indeed Hiring Lab sectors (US: Legal, Accounting…)",measured
2026-08-21,US,professional,employment,10837.3,k jobs,2026-07,"BLS CES (CES6054000001, SA)",measured
2026-08-21,US,professional,layoffs,23942,cuts YTD,July 2026,"Challenger, Gray & Christmas job cuts by industry (all-cause; AI-cited share tracked at the headline KPI)",measured
2026-08-21,US,education,postings,108.9,index (Feb 2020=100),2026-08-14,Indeed Hiring Lab sectors (US: Education & Instruction),measured
2026-08-21,US,education,employment,4049.7,k jobs,2026-07,"BLS CES (CES6561000001, SA)",measured
2026-08-21,US,education,layoffs,15499,cuts YTD,July 2026,"Challenger, Gray & Christmas job cuts by industry (all-cause; AI-cited share tracked at the headline KPI)",measured
2026-08-21,US,government,postings,110.0,index (Feb 2020=100),2026-08-14,"Indeed Hiring Lab sectors (US: Community & Social Service, Security & Public Safety)",measured
2026-08-21,US,government,employment,23270.0,k jobs,2026-07,"BLS CES (CES9000000001, SA)",measured
2026-08-21,US,government,layoffs,20752,cuts YTD,July 2026,"Challenger, Gray & Christmas job cuts by industry (all-cause; AI-cited share tracked at the headline KPI)",measured
2026-08-21,US,insurance,employment,2935.6,k jobs,2026-07,"BLS CES (CES5552400001, SA)",measured
2026-08-21,US,insurance,layoffs,6908,cuts YTD,July 2026,"Challenger, Gray & Christmas job cuts by industry (all-cause; AI-cited share tracked at the headline KPI)",measured
2026-08-21,US,power_utilities,layoffs,2978,cuts YTD,July 2026,"Challenger, Gray & Christmas job cuts by industry (all-cause; AI-cited share tracked at the headline KPI)",measured
2026-08-21,US,power_utilities,employment,608.1,k jobs,2026-07,"BLS CES (CES4422000001, SA)",measured
2026-08-21,IN,banking,employment,6085.2,k persons,IND 2025-Q4,"ILOSTAT EMP_TEMP_SEX_ECO (ISIC K, IND)",measured
2026-08-21,IN,banking,momentum,-12.0,% YoY hiring,<![CDATA[Naukri JobSpeak: White-collar hiring grows 6% in Ju,Naukri JobSpeak monthly (text-parsed from published report),measured
2026-08-21,IN,insurance,employment,6085.2,k persons,IND 2025-Q4,"ILOSTAT EMP_TEMP_SEX_ECO (ISIC K, IND)",measured
2026-08-21,IN,insurance,momentum,16.0,% YoY hiring,<![CDATA[Naukri JobSpeak: White-collar hiring grows 6% in Ju,Naukri JobSpeak monthly (text-parsed from published report),measured
2026-08-21,IN,it_software,employment,6854.2,k persons,IND 2025-Q4,"ILOSTAT EMP_TEMP_SEX_ECO (ISIC J, IND)",measured
2026-08-21,IN,it_software,momentum,18.0,% YoY hiring,<![CDATA[Naukri JobSpeak: White-collar hiring grows 6% in Ju,Naukri JobSpeak monthly (text-parsed from published report),measured
2026-08-21,IN,telecom_media,employment,6854.2,k persons,IND 2025-Q4,"ILOSTAT EMP_TEMP_SEX_ECO (ISIC J, IND)",measured
2026-08-21,IN,telecom_media,momentum,6.0,% YoY hiring,<![CDATA[Naukri JobSpeak: White-collar hiring grows 6% in Ju,Naukri JobSpeak monthly (text-parsed from published report),measured
2026-08-21,IN,manufacturing,employment,60142.5,k persons,IND 2025-Q4,"ILOSTAT EMP_TEMP_SEX_ECO (ISIC C, IND)",measured
2026-08-21,IN,manufacturing,momentum,14.0,% YoY hiring,<![CDATA[Naukri JobSpeak: White-collar hiring grows 6% in Ju,Naukri JobSpeak monthly (text-parsed from published report),measured
2026-08-21,IN,healthcare,employment,8441.6,k persons,IND 2025-Q4,"ILOSTAT EMP_TEMP_SEX_ECO (ISIC Q, IND)",measured
2026-08-21,IN,healthcare,momentum,4.0,% YoY hiring,<![CDATA[Naukri JobSpeak: White-collar hiring grows 6% in Ju,Naukri JobSpeak monthly (text-parsed from published report),measured
2026-08-21,IN,retail,employment,52830.4,k persons,IND 2025-Q4,"ILOSTAT EMP_TEMP_SEX_ECO (ISIC G, IND)",measured
2026-08-21,IN,retail,momentum,-12.0,% YoY hiring,<![CDATA[Naukri JobSpeak: White-collar hiring grows 6% in Ju,Naukri JobSpeak monthly (text-parsed from published report),measured
2026-08-21,IN,professional,employment,4358.7,k persons,IND 2025-Q4,"ILOSTAT EMP_TEMP_SEX_ECO (ISIC M, IND)",measured
2026-08-21,IN,education,employment,16320.3,k persons,IND 2025-Q4,"ILOSTAT EMP_TEMP_SEX_ECO (ISIC P, IND)",measured
2026-08-21,IN,education,momentum,-4.0,% YoY hiring,<![CDATA[Naukri JobSpeak: White-collar hiring grows 6% in Ju,Naukri JobSpeak monthly (text-parsed from published report),measured
2026-08-21,IN,government,employment,7681.3,k persons,IND 2025-Q4,"ILOSTAT EMP_TEMP_SEX_ECO (ISIC O, IND)",measured
2026-08-21,IN,power_utilities,employment,3434.4,k persons,IND 2025-Q4,"ILOSTAT EMP_TEMP_SEX_ECO (ISIC D+E, IND)",measured
2026-08-21,APAC,banking,employment,1061.3,k persons,"KOR 2026-Q2, SGP 2025","ILOSTAT EMP_TEMP_SEX_ECO (ISIC K, pooled SGP+JPN+KOR)",measured
2026-08-21,APAC,banking,vacancies,8700,vacancies (SG),2025-Q4,Singapore MOM job vacancies by industry (SG proxy market),measured
2026-08-21,APAC,insurance,employment,1061.3,k persons,"KOR 2026-Q2, SGP 2025","ILOSTAT EMP_TEMP_SEX_ECO (ISIC K, pooled SGP+JPN+KOR)",measured
2026-08-21,APAC,insurance,vacancies,1200,vacancies (SG),2025-Q4,Singapore MOM job vacancies by industry (SG proxy market),measured
2026-08-21,APAC,it_software,employment,1303.8,k persons,"KOR 2026-Q2, SGP 2025","ILOSTAT EMP_TEMP_SEX_ECO (ISIC J, pooled SGP+JPN+KOR)",measured
2026-08-21,APAC,it_software,vacancies,10500,vacancies (SG),2025-Q4,Singapore MOM job vacancies by industry (SG proxy market),measured
2026-08-21,APAC,telecom_media,employment,1303.8,k persons,"KOR 2026-Q2, SGP 2025","ILOSTAT EMP_TEMP_SEX_ECO (ISIC J, pooled SGP+JPN+KOR)",measured
2026-08-21,APAC,telecom_media,vacancies,1100,vacancies (SG),2025-Q4,Singapore MOM job vacancies by industry (SG proxy market),measured
2026-08-21,APAC,manufacturing,employment,4528.2,k persons,"KOR 2026-Q2, SGP 2025","ILOSTAT EMP_TEMP_SEX_ECO (ISIC C, pooled SGP+JPN+KOR)",measured
2026-08-21,APAC,manufacturing,vacancies,16000,vacancies (SG),2025-Q4,Singapore MOM job vacancies by industry (SG proxy market),measured
2026-08-21,APAC,healthcare,employment,3630.2,k persons,"KOR 2026-Q2, SGP 2025","ILOSTAT EMP_TEMP_SEX_ECO (ISIC Q, pooled SGP+JPN+KOR)",measured
2026-08-21,APAC,healthcare,vacancies,10300,vacancies (SG),2025-Q4,Singapore MOM job vacancies by industry (SG proxy market),measured
2026-08-21,APAC,retail,employment,3535.5,k persons,"KOR 2026-Q2, SGP 2025","ILOSTAT EMP_TEMP_SEX_ECO (ISIC G, pooled SGP+JPN+KOR)",measured
2026-08-21,APAC,retail,vacancies,4200,vacancies (SG),2025-Q4,Singapore MOM job vacancies by industry (SG proxy market),measured
2026-08-21,APAC,professional,employment,1615.0,k persons,"KOR 2026-Q2, SGP 2025","ILOSTAT EMP_TEMP_SEX_ECO (ISIC M, pooled SGP+JPN+KOR)",measured
2026-08-21,APAC,professional,vacancies,13800,vacancies (SG),2025-Q4,Singapore MOM job vacancies by industry (SG proxy market),measured
2026-08-21,APAC,education,employment,2093.2,k persons,"KOR 2026-Q2, SGP 2025","ILOSTAT EMP_TEMP_SEX_ECO (ISIC P, pooled SGP+JPN+KOR)",measured
2026-08-21,APAC,government,employment,1515.7,k persons,"KOR 2026-Q2, SGP 2025","ILOSTAT EMP_TEMP_SEX_ECO (ISIC O, pooled SGP+JPN+KOR)",measured
2026-08-21,APAC,government,vacancies,14000,vacancies (SG),2025-Q4,Singapore MOM job vacancies by industry (SG proxy market incl. education (SSIC grouping)),measured
2026-08-21,APAC,power_utilities,employment,279.1,k persons,"KOR 2026-Q2, SGP 2025","ILOSTAT EMP_TEMP_SEX_ECO (ISIC D+E, pooled SGP+JPN+KOR)",measured
2026-08-21,UK,banking,postings,87.8,index (Feb 2020=100),2026-08-14,Indeed Hiring Lab sectors (GB: Banking & Finance),measured
2026-08-21,UK,banking,employment,1112.0,k jobs,2026 Q1,"ONS JOBS02 workforce jobs (JWS7, SA)",measured
2026-08-21,UK,banking,vacancies,30.0,k vacancies,2026 JUN,"ONS VACS02 vacancies (JP9Q, SA)",measured
2026-08-21,UK,insurance,employment,1112.0,k jobs,2026 Q1,"ONS JOBS02 workforce jobs (JWS7, SA)",measured
2026-08-21,UK,insurance,vacancies,30.0,k vacancies,2026 JUN,"ONS VACS02 vacancies (JP9Q, SA)",measured
2026-08-21,UK,it_software,postings,54.7,index (Feb 2020=100),2026-08-14,"Indeed Hiring Lab sectors (GB: Software Development, IT Infrastructure, Operations & Support…)",measured
2026-08-21,UK,it_software,employment,1577.0,k jobs,2026 Q1,"ONS JOBS02 workforce jobs (JWS6, SA)",measured
2026-08-21,UK,it_software,vacancies,39.0,k vacancies,2026 JUN,"ONS VACS02 vacancies (JP9P, SA)",measured
2026-08-21,UK,telecom_media,postings,44.6,index (Feb 2020=100),2026-08-14,Indeed Hiring Lab sectors (GB: Media & Communications),measured
2026-08-21,UK,telecom_media,employment,1577.0,k jobs,2026 Q1,"ONS JOBS02 workforce jobs (JWS6, SA)",measured
2026-08-21,UK,telecom_media,vacancies,39.0,k vacancies,2026 JUN,"ONS VACS02 vacancies (JP9P, SA)",measured
2026-08-21,UK,manufacturing,postings,102.5,index (Feb 2020=100),2026-08-14,"Indeed Hiring Lab sectors (GB: Production & Manufacturing, Industrial Engineering)",measured
2026-08-21,UK,manufacturing,employment,2482.0,k jobs,2026 Q1,"ONS JOBS02 workforce jobs (JWR7, SA)",measured
2026-08-21,UK,manufacturing,vacancies,47.0,k vacancies,2026 JUN,"ONS VACS02 vacancies (JP9I, SA)",measured
2026-08-21,UK,healthcare,postings,54.4,index (Feb 2020=100),2026-08-14,"Indeed Hiring Lab sectors (GB: Nursing, Physicians & Surgeons…)",measured
2026-08-21,UK,healthcare,employment,5090.0,k jobs,2026 Q1,"ONS JOBS02 workforce jobs (JWT5, SA)",measured
2026-08-21,UK,healthcare,vacancies,120.0,k vacancies,2026 JUN,"ONS VACS02 vacancies (JP9W, SA)",measured
2026-08-21,UK,retail,postings,83.5,index (Feb 2020=100),2026-08-14,"Indeed Hiring Lab sectors (GB: Retail, Loading & Stocking)",measured
2026-08-21,UK,retail,employment,4629.0,k jobs,2026 Q1,"ONS JOBS02 workforce jobs (JWS3, SA)",measured
2026-08-21,UK,retail,vacancies,87.0,k vacancies,2026 JUN,"ONS VACS02 vacancies (JP9M, SA)",measured
2026-08-21,UK,professional,postings,67.6,index (Feb 2020=100),2026-08-14,"Indeed Hiring Lab sectors (GB: Legal, Accounting…)",measured
2026-08-21,UK,professional,employment,3492.0,k jobs,2026 Q1,"ONS JOBS02 workforce jobs (JWS9, SA)",measured
2026-08-21,UK,professional,vacancies,70.0,k vacancies,2026 JUN,"ONS VACS02 vacancies (JP9S, SA)",measured
2026-08-21,UK,education,postings,119.2,index (Feb 2020=100),2026-08-14,Indeed Hiring Lab sectors (GB: Education & Instruction),measured
2026-08-21,UK,education,vacancies,45.0,k vacancies,2026 JUN,"ONS VACS02 vacancies (JP9V, SA)",measured
2026-08-21,UK,government,postings,86.9,index (Feb 2020=100),2026-08-14,"Indeed Hiring Lab sectors (GB: Community & Social Service, Security & Public Safety)",measured
2026-08-21,UK,government,vacancies,30.0,k vacancies,2026 JUN,"ONS VACS02 vacancies (JP9U, SA)",measured
2026-08-21,UK,power_utilities,employment,391.0,k jobs,2026 Q1,"ONS JOBS02 workforce jobs (JWR8+JWR9, SA)",measured
2026-08-21,UK,power_utilities,vacancies,9.0,k vacancies,2026 JUN,"ONS VACS02 vacancies (JP9J+JP9K, SA)",measured
2026-08-21,AU,banking,postings,113.8,index (Feb 2020=100),2026-08-14,Indeed Hiring Lab sectors (AU: Banking & Finance),measured
2026-08-21,AU,banking,employment,523.7,k persons,2026-Q1,"ABS Labour Account (ANZSIC K, measure M12)",measured
2026-08-21,AU,banking,vacancies,8.9,k vacancies,2026-Q2,ABS Job Vacancies (ANZSIC K),measured
2026-08-21,AU,insurance,employment,523.7,k persons,2026-Q1,"ABS Labour Account (ANZSIC K, measure M12)",measured
2026-08-21,AU,insurance,vacancies,8.9,k vacancies,2026-Q2,ABS Job Vacancies (ANZSIC K),measured
2026-08-21,AU,it_software,postings,100.8,index (Feb 2020=100),2026-08-14,"Indeed Hiring Lab sectors (AU: Software Development, IT Infrastructure, Operations & Support…)",measured
2026-08-21,AU,it_software,employment,207.5,k persons,2026-Q1,"ABS Labour Account (ANZSIC J, measure M12)",measured
2026-08-21,AU,it_software,vacancies,3.6,k vacancies,2026-Q2,ABS Job Vacancies (ANZSIC J),measured
2026-08-21,AU,telecom_media,postings,72.3,index (Feb 2020=100),2026-08-14,Indeed Hiring Lab sectors (AU: Media & Communications),measured
2026-08-21,AU,telecom_media,employment,207.5,k persons,2026-Q1,"ABS Labour Account (ANZSIC J, measure M12)",measured
2026-08-21,AU,telecom_media,vacancies,3.6,k vacancies,2026-Q2,ABS Job Vacancies (ANZSIC J),measured
2026-08-21,AU,manufacturing,postings,152.2,index (Feb 2020=100),2026-08-14,"Indeed Hiring Lab sectors (AU: Production & Manufacturing, Industrial Engineering)",measured
2026-08-21,AU,manufacturing,employment,904.3,k persons,2026-Q1,"ABS Labour Account (ANZSIC C, measure M12)",measured
2026-08-21,AU,manufacturing,vacancies,21.7,k vacancies,2026-Q2,ABS Job Vacancies (ANZSIC C),measured
2026-08-21,AU,healthcare,postings,133.5,index (Feb 2020=100),2026-08-14,"Indeed Hiring Lab sectors (AU: Nursing, Physicians & Surgeons…)",measured
2026-08-21,AU,healthcare,employment,2580.6,k persons,2026-Q1,"ABS Labour Account (ANZSIC Q, measure M12)",measured
2026-08-21,AU,healthcare,vacancies,56.7,k vacancies,2026-Q2,ABS Job Vacancies (ANZSIC Q),measured
2026-08-21,AU,retail,postings,224.7,index (Feb 2020=100),2026-08-14,"Indeed Hiring Lab sectors (AU: Retail, Loading & Stocking)",measured
2026-08-21,AU,retail,employment,1522.0,k persons,2026-Q1,"ABS Labour Account (ANZSIC G, measure M12)",measured
2026-08-21,AU,retail,vacancies,26.0,k vacancies,2026-Q2,ABS Job Vacancies (ANZSIC G),measured
2026-08-21,AU,professional,postings,116.0,index (Feb 2020=100),2026-08-14,"Indeed Hiring Lab sectors (AU: Legal, Accounting…)",measured
2026-08-21,AU,professional,employment,1323.5,k persons,2026-Q1,"ABS Labour Account (ANZSIC M, measure M12)",measured
2026-08-21,AU,professional,vacancies,35.7,k vacancies,2026-Q2,ABS Job Vacancies (ANZSIC M),measured
2026-08-21,AU,education,employment,1344.2,k persons,2026-Q1,"ABS Labour Account (ANZSIC P, measure M12)",measured
2026-08-21,AU,education,vacancies,11.0,k vacancies,2026-Q2,ABS Job Vacancies (ANZSIC P),measured
2026-08-21,AU,government,postings,163.0,index (Feb 2020=100),2026-08-14,"Indeed Hiring Lab sectors (AU: Community & Social Service, Security & Public Safety)",measured
2026-08-21,AU,government,employment,891.9,k persons,2026-Q1,"ABS Labour Account (ANZSIC O, measure M12)",measured
2026-08-21,AU,government,vacancies,21.2,k vacancies,2026-Q2,ABS Job Vacancies (ANZSIC O),measured
2026-08-21,AU,power_utilities,employment,153.6,k persons,2026-Q1,"ABS Labour Account (ANZSIC D, measure M12)",measured
2026-08-21,AU,power_utilities,vacancies,3.7,k vacancies,2026-Q2,ABS Job Vacancies (ANZSIC D),measured
2026-08-21,EU,banking,postings,86.2,index (Feb 2020=100),2026-08-14,Indeed Hiring Lab sectors (DE+FR: Banking & Finance),measured
2026-08-21,EU,banking,employment,3099.6,k persons,2025-Q4,"Eurostat lfsq_egan22d (K64), EU27",measured
2026-08-21,EU,banking,vacancies,1.7,% vacancy rate,2025-Q4,"Eurostat jvs_q_nace2 JVR (NACE K, EU27)",measured
2026-08-21,EU,banking,layoffs,10518,announced job losses (12mo),2025-08 onward,"Eurofound European Restructuring Monitor, EU27, 31 announcements - ERM's Financial bucket includes insurance & real estate",measured
2026-08-21,EU,insurance,employment,1167.5,k persons,2025-Q4,"Eurostat lfsq_egan22d (K65), EU27",measured
2026-08-21,EU,insurance,vacancies,1.7,% vacancy rate,2025-Q4,"Eurostat jvs_q_nace2 JVR (NACE K, EU27)",measured
2026-08-21,EU,it_software,postings,64.4,index (Feb 2020=100),2026-08-14,"Indeed Hiring Lab sectors (DE+FR: Software Development, IT Infrastructure, Operations & Support…)",measured
2026-08-21,EU,it_software,employment,8007.3,k persons,2025-Q4,"Eurostat lfsq_egan2 (NACE J), EU27",measured
2026-08-21,EU,it_software,vacancies,2.2,% vacancy rate,2025-Q4,"Eurostat jvs_q_nace2 JVR (NACE J, EU27)",measured
2026-08-21,EU,it_software,layoffs,25783,announced job losses (12mo),2025-08 onward,"Eurofound European Restructuring Monitor, EU27, 57 announcements",measured
2026-08-21,EU,telecom_media,postings,56.6,index (Feb 2020=100),2026-08-14,Indeed Hiring Lab sectors (DE+FR: Media & Communications),measured
2026-08-21,EU,telecom_media,employment,8007.3,k persons,2025-Q4,"Eurostat lfsq_egan2 (NACE J), EU27",measured
2026-08-21,EU,telecom_media,vacancies,2.2,% vacancy rate,2025-Q4,"Eurostat jvs_q_nace2 JVR (NACE J, EU27)",measured
2026-08-21,EU,telecom_media,layoffs,4282,announced job losses (12mo),2025-08 onward,"Eurofound European Restructuring Monitor, EU27, 23 announcements",measured
2026-08-21,EU,manufacturing,postings,89.2,index (Feb 2020=100),2026-08-14,"Indeed Hiring Lab sectors (DE+FR: Production & Manufacturing, Industrial Engineering)",measured
2026-08-21,EU,manufacturing,employment,31399.8,k persons,2025-Q4,"Eurostat lfsq_egan2 (NACE C), EU27",measured
2026-08-21,EU,manufacturing,vacancies,1.5,% vacancy rate,2025-Q4,"Eurostat jvs_q_nace2 JVR (NACE C, EU27)",measured
2026-08-21,EU,manufacturing,layoffs,136483,announced job losses (12mo),2025-08 onward,"Eurofound European Restructuring Monitor, EU27, 420 announcements",measured
2026-08-21,EU,healthcare,postings,152.7,index (Feb 2020=100),2026-08-14,"Indeed Hiring Lab sectors (DE+FR: Nursing, Physicians & Surgeons…)",measured
2026-08-21,EU,healthcare,employment,24095.3,k persons,2025-Q4,"Eurostat lfsq_egan2 (NACE Q), EU27",measured
2026-08-21,EU,healthcare,layoffs,7088,announced job losses (12mo),2025-08 onward,"Eurofound European Restructuring Monitor, EU27, 27 announcements",measured
2026-08-21,EU,retail,postings,111.2,index (Feb 2020=100),2026-08-14,"Indeed Hiring Lab sectors (DE+FR: Retail, Loading & Stocking)",measured
2026-08-21,EU,retail,employment,27991.8,k persons,2025-Q4,"Eurostat lfsq_egan2 (NACE G), EU27",measured
2026-08-21,EU,retail,vacancies,1.8,% vacancy rate,2025-Q4,"Eurostat jvs_q_nace2 JVR (NACE G, EU27)",measured
2026-08-21,EU,retail,layoffs,30608,announced job losses (12mo),2025-08 onward,"Eurofound European Restructuring Monitor, EU27, 80 announcements",measured
2026-08-21,EU,professional,postings,77.2,index (Feb 2020=100),2026-08-14,"Indeed Hiring Lab sectors (DE+FR: Legal, Accounting…)",measured
2026-08-21,EU,professional,employment,12806.6,k persons,2025-Q4,"Eurostat lfsq_egan2 (NACE M), EU27",measured
2026-08-21,EU,professional,vacancies,2.4,% vacancy rate,2025-Q4,"Eurostat jvs_q_nace2 JVR (NACE M, EU27)",measured
2026-08-21,EU,professional,layoffs,5140,announced job losses (12mo),2025-08 onward,"Eurofound European Restructuring Monitor, EU27, 17 announcements",measured
2026-08-21,EU,education,postings,110.1,index (Feb 2020=100),2026-08-14,Indeed Hiring Lab sectors (DE+FR: Education & Instruction),measured
2026-08-21,EU,education,employment,15960.8,k persons,2025-Q4,"Eurostat lfsq_egan2 (NACE P), EU27",measured
2026-08-21,EU,education,layoffs,3510,announced job losses (12mo),2025-08 onward,"Eurofound European Restructuring Monitor, EU27, 3 announcements",measured
2026-08-21,EU,government,postings,138.8,index (Feb 2020=100),2026-08-14,"Indeed Hiring Lab sectors (DE+FR: Community & Social Service, Security & Public Safety)",measured
2026-08-21,EU,government,employment,14666.3,k persons,2025-Q4,"Eurostat lfsq_egan2 (NACE O), EU27",measured
2026-08-21,EU,government,layoffs,7241,announced job losses (12mo),2025-08 onward,"Eurofound European Restructuring Monitor, EU27, 20 announcements",measured
2026-08-21,EU,power_utilities,employment,3475.3,k persons,2025-Q4,"Eurostat lfsq_egan2 (NACE D+E), EU27",measured
2026-08-21,EU,power_utilities,layoffs,3167,announced job losses (12mo),2025-08 onward,"Eurofound European Restructuring Monitor, EU27, 8 announcements",measured
2026-08-21,US,banking,postings,103.1,index (Feb 2020=100),2026-08-14,Indeed Hiring Lab sectors (US: Banking & Finance),measured
2026-08-21,US,banking,employment,6652.2,k jobs,2026-07,"BLS CES (CES5552000001, SA)",measured
2026-08-21,US,it_software,postings,69.7,index (Feb 2020=100),2026-08-14,"Indeed Hiring Lab sectors (US: Software Development, IT Infrastructure, Operations & Support…)",measured
2026-08-21,US,it_software,employment,2780.0,k jobs,2026-07,"BLS CES (CES5000000001, SA)",measured
2026-08-21,US,telecom_media,postings,72.7,index (Feb 2020=100),2026-08-14,Indeed Hiring Lab sectors (US: Media & Communications),measured
2026-08-21,US,telecom_media,employment,571.8,k jobs,2026-07,"BLS CES (CES5051700001, SA)",measured
2026-08-21,US,manufacturing,postings,117.4,index (Feb 2020=100),2026-08-14,"Indeed Hiring Lab sectors (US: Production & Manufacturing, Industrial Engineering)",measured
2026-08-21,US,manufacturing,employment,12611.0,k jobs,2026-07,"BLS CES (CES3000000001, SA)",measured
2026-08-21,US,healthcare,postings,125.3,index (Feb 2020=100),2026-08-14,"Indeed Hiring Lab sectors (US: Nursing, Physicians & Surgeons…)",measured
2026-08-21,US,healthcare,employment,23912.2,k jobs,2026-07,"BLS CES (CES6562000001, SA)",measured
2026-08-21,US,retail,postings,97.3,index (Feb 2020=100),2026-08-14,"Indeed Hiring Lab sectors (US: Retail, Loading & Stocking)",measured
2026-08-21,US,retail,employment,15440.9,k jobs,2026-07,"BLS CES (CES4200000001, SA)",measured
2026-08-21,US,professional,postings,95.6,index (Feb 2020=100),2026-08-14,"Indeed Hiring Lab sectors (US: Legal, Accounting…)",measured
2026-08-21,US,professional,employment,10837.3,k jobs,2026-07,"BLS CES (CES6054000001, SA)",measured
2026-08-21,US,education,postings,108.9,index (Feb 2020=100),2026-08-14,Indeed Hiring Lab sectors (US: Education & Instruction),measured
2026-08-21,US,education,employment,4049.7,k jobs,2026-07,"BLS CES (CES6561000001, SA)",measured
2026-08-21,US,government,postings,110.0,index (Feb 2020=100),2026-08-14,"Indeed Hiring Lab sectors (US: Community & Social Service, Security & Public Safety)",measured
2026-08-21,US,government,employment,23270.0,k jobs,2026-07,"BLS CES (CES9000000001, SA)",measured
2026-08-21,US,insurance,employment,2935.6,k jobs,2026-07,"BLS CES (CES5552400001, SA)",measured
2026-08-21,US,power_utilities,employment,608.1,k jobs,2026-07,"BLS CES (CES4422000001, SA)",measured
2026-08-21,IN,banking,employment,6085.2,k persons,IND 2025-Q4,"ILOSTAT EMP_TEMP_SEX_ECO (ISIC K, IND)",measured
2026-08-21,IN,banking,momentum,-12.0,% YoY hiring,<![CDATA[Naukri JobSpeak: White-collar hiring grows 6% in Ju,Naukri JobSpeak monthly (text-parsed from published report),measured
2026-08-21,IN,insurance,employment,6085.2,k persons,IND 2025-Q4,"ILOSTAT EMP_TEMP_SEX_ECO (ISIC K, IND)",measured
2026-08-21,IN,insurance,momentum,16.0,% YoY hiring,<![CDATA[Naukri JobSpeak: White-collar hiring grows 6% in Ju,Naukri JobSpeak monthly (text-parsed from published report),measured
2026-08-21,IN,it_software,employment,6854.2,k persons,IND 2025-Q4,"ILOSTAT EMP_TEMP_SEX_ECO (ISIC J, IND)",measured
2026-08-21,IN,it_software,momentum,18.0,% YoY hiring,<![CDATA[Naukri JobSpeak: White-collar hiring grows 6% in Ju,Naukri JobSpeak monthly (text-parsed from published report),measured
2026-08-21,IN,telecom_media,employment,6854.2,k persons,IND 2025-Q4,"ILOSTAT EMP_TEMP_SEX_ECO (ISIC J, IND)",measured
2026-08-21,IN,telecom_media,momentum,6.0,% YoY hiring,<![CDATA[Naukri JobSpeak: White-collar hiring grows 6% in Ju,Naukri JobSpeak monthly (text-parsed from published report),measured
2026-08-21,IN,manufacturing,employment,60142.5,k persons,IND 2025-Q4,"ILOSTAT EMP_TEMP_SEX_ECO (ISIC C, IND)",measured
2026-08-21,IN,manufacturing,momentum,14.0,% YoY hiring,<![CDATA[Naukri JobSpeak: White-collar hiring grows 6% in Ju,Naukri JobSpeak monthly (text-parsed from published report),measured
2026-08-21,IN,healthcare,employment,8441.6,k persons,IND 2025-Q4,"ILOSTAT EMP_TEMP_SEX_ECO (ISIC Q, IND)",measured
2026-08-21,IN,healthcare,momentum,4.0,% YoY hiring,<![CDATA[Naukri JobSpeak: White-collar hiring grows 6% in Ju,Naukri JobSpeak monthly (text-parsed from published report),measured
2026-08-21,IN,retail,employment,52830.4,k persons,IND 2025-Q4,"ILOSTAT EMP_TEMP_SEX_ECO (ISIC G, IND)",measured
2026-08-21,IN,retail,momentum,-12.0,% YoY hiring,<![CDATA[Naukri JobSpeak: White-collar hiring grows 6% in Ju,Naukri JobSpeak monthly (text-parsed from published report),measured
2026-08-21,IN,professional,employment,4358.7,k persons,IND 2025-Q4,"ILOSTAT EMP_TEMP_SEX_ECO (ISIC M, IND)",measured
2026-08-21,IN,education,employment,16320.3,k persons,IND 2025-Q4,"ILOSTAT EMP_TEMP_SEX_ECO (ISIC P, IND)",measured
2026-08-21,IN,education,momentum,-4.0,% YoY hiring,<![CDATA[Naukri JobSpeak: White-collar hiring grows 6% in Ju,Naukri JobSpeak monthly (text-parsed from published report),measured
2026-08-21,IN,government,employment,7681.3,k persons,IND 2025-Q4,"ILOSTAT EMP_TEMP_SEX_ECO (ISIC O, IND)",measured
2026-08-21,IN,power_utilities,employment,3434.4,k persons,IND 2025-Q4,"ILOSTAT EMP_TEMP_SEX_ECO (ISIC D+E, IND)",measured
2026-08-21,APAC,banking,employment,1061.3,k persons,"KOR 2026-Q2, SGP 2025","ILOSTAT EMP_TEMP_SEX_ECO (ISIC K, pooled SGP+JPN+KOR)",measured
2026-08-21,APAC,banking,vacancies,8700,vacancies (SG),2025-Q4,Singapore MOM job vacancies by industry (SG proxy market),measured
2026-08-21,APAC,insurance,employment,1061.3,k persons,"KOR 2026-Q2, SGP 2025","ILOSTAT EMP_TEMP_SEX_ECO (ISIC K, pooled SGP+JPN+KOR)",measured
2026-08-21,APAC,insurance,vacancies,1200,vacancies (SG),2025-Q4,Singapore MOM job vacancies by industry (SG proxy market),measured
2026-08-21,APAC,it_software,employment,1303.8,k persons,"KOR 2026-Q2, SGP 2025","ILOSTAT EMP_TEMP_SEX_ECO (ISIC J, pooled SGP+JPN+KOR)",measured
2026-08-21,APAC,it_software,vacancies,10500,vacancies (SG),2025-Q4,Singapore MOM job vacancies by industry (SG proxy market),measured
2026-08-21,APAC,telecom_media,employment,1303.8,k persons,"KOR 2026-Q2, SGP 2025","ILOSTAT EMP_TEMP_SEX_ECO (ISIC J, pooled SGP+JPN+KOR)",measured
2026-08-21,APAC,telecom_media,vacancies,1100,vacancies (SG),2025-Q4,Singapore MOM job vacancies by industry (SG proxy market),measured
2026-08-21,APAC,manufacturing,employment,4528.2,k persons,"KOR 2026-Q2, SGP 2025","ILOSTAT EMP_TEMP_SEX_ECO (ISIC C, pooled SGP+JPN+KOR)",measured
2026-08-21,APAC,manufacturing,vacancies,16000,vacancies (SG),2025-Q4,Singapore MOM job vacancies by industry (SG proxy market),measured
2026-08-21,APAC,healthcare,employment,3630.2,k persons,"KOR 2026-Q2, SGP 2025","ILOSTAT EMP_TEMP_SEX_ECO (ISIC Q, pooled SGP+JPN+KOR)",measured
2026-08-21,APAC,healthcare,vacancies,10300,vacancies (SG),2025-Q4,Singapore MOM job vacancies by industry (SG proxy market),measured
2026-08-21,APAC,retail,employment,3535.5,k persons,"KOR 2026-Q2, SGP 2025","ILOSTAT EMP_TEMP_SEX_ECO (ISIC G, pooled SGP+JPN+KOR)",measured
2026-08-21,APAC,retail,vacancies,4200,vacancies (SG),2025-Q4,Singapore MOM job vacancies by industry (SG proxy market),measured
2026-08-21,APAC,professional,employment,1615.0,k persons,"KOR 2026-Q2, SGP 2025","ILOSTAT EMP_TEMP_SEX_ECO (ISIC M, pooled SGP+JPN+KOR)",measured
2026-08-21,APAC,professional,vacancies,13800,vacancies (SG),2025-Q4,Singapore MOM job vacancies by industry (SG proxy market),measured
2026-08-21,APAC,education,employment,2093.2,k persons,"KOR 2026-Q2, SGP 2025","ILOSTAT EMP_TEMP_SEX_ECO (ISIC P, pooled SGP+JPN+KOR)",measured
2026-08-21,APAC,government,employment,1515.7,k persons,"KOR 2026-Q2, SGP 2025","ILOSTAT EMP_TEMP_SEX_ECO (ISIC O, pooled SGP+JPN+KOR)",measured
2026-08-21,APAC,government,vacancies,14000,vacancies (SG),2025-Q4,Singapore MOM job vacancies by industry (SG proxy market incl. education (SSIC grouping)),measured
2026-08-21,APAC,power_utilities,employment,279.1,k persons,"KOR 2026-Q2, SGP 2025","ILOSTAT EMP_TEMP_SEX_ECO (ISIC D+E, pooled SGP+JPN+KOR)",measured
2026-08-24,UK,banking,postings,87.8,index (Feb 2020=100),2026-08-14,Indeed Hiring Lab sectors (GB: Banking & Finance),measured
2026-08-24,UK,banking,employment,1112.0,k jobs,2026 Q1,"ONS JOBS02 workforce jobs (JWS7, SA)",measured
2026-08-24,UK,banking,vacancies,30.0,k vacancies,2026 JUN,"ONS VACS02 vacancies (JP9Q, SA)",measured
2026-08-24,UK,insurance,employment,1112.0,k jobs,2026 Q1,"ONS JOBS02 workforce jobs (JWS7, SA)",measured
2026-08-24,UK,insurance,vacancies,30.0,k vacancies,2026 JUN,"ONS VACS02 vacancies (JP9Q, SA)",measured
2026-08-24,UK,it_software,postings,54.7,index (Feb 2020=100),2026-08-14,"Indeed Hiring Lab sectors (GB: Software Development, IT Infrastructure, Operations & Support…)",measured
2026-08-24,UK,it_software,employment,1577.0,k jobs,2026 Q1,"ONS JOBS02 workforce jobs (JWS6, SA)",measured
2026-08-24,UK,it_software,vacancies,39.0,k vacancies,2026 JUN,"ONS VACS02 vacancies (JP9P, SA)",measured
2026-08-24,UK,telecom_media,postings,44.6,index (Feb 2020=100),2026-08-14,Indeed Hiring Lab sectors (GB: Media & Communications),measured
2026-08-24,UK,telecom_media,employment,1577.0,k jobs,2026 Q1,"ONS JOBS02 workforce jobs (JWS6, SA)",measured
2026-08-24,UK,telecom_media,vacancies,39.0,k vacancies,2026 JUN,"ONS VACS02 vacancies (JP9P, SA)",measured
2026-08-24,UK,manufacturing,postings,102.5,index (Feb 2020=100),2026-08-14,"Indeed Hiring Lab sectors (GB: Production & Manufacturing, Industrial Engineering)",measured
2026-08-24,UK,manufacturing,employment,2482.0,k jobs,2026 Q1,"ONS JOBS02 workforce jobs (JWR7, SA)",measured
2026-08-24,UK,manufacturing,vacancies,47.0,k vacancies,2026 JUN,"ONS VACS02 vacancies (JP9I, SA)",measured
2026-08-24,UK,healthcare,postings,54.4,index (Feb 2020=100),2026-08-14,"Indeed Hiring Lab sectors (GB: Nursing, Physicians & Surgeons…)",measured
2026-08-24,UK,healthcare,employment,5090.0,k jobs,2026 Q1,"ONS JOBS02 workforce jobs (JWT5, SA)",measured
2026-08-24,UK,healthcare,vacancies,120.0,k vacancies,2026 JUN,"ONS VACS02 vacancies (JP9W, SA)",measured
2026-08-24,UK,retail,postings,83.5,index (Feb 2020=100),2026-08-14,"Indeed Hiring Lab sectors (GB: Retail, Loading & Stocking)",measured
2026-08-24,UK,retail,employment,4629.0,k jobs,2026 Q1,"ONS JOBS02 workforce jobs (JWS3, SA)",measured
2026-08-24,UK,retail,vacancies,87.0,k vacancies,2026 JUN,"ONS VACS02 vacancies (JP9M, SA)",measured
2026-08-24,UK,professional,postings,67.6,index (Feb 2020=100),2026-08-14,"Indeed Hiring Lab sectors (GB: Legal, Accounting…)",measured
2026-08-24,UK,professional,employment,3492.0,k jobs,2026 Q1,"ONS JOBS02 workforce jobs (JWS9, SA)",measured
2026-08-24,UK,professional,vacancies,70.0,k vacancies,2026 JUN,"ONS VACS02 vacancies (JP9S, SA)",measured
2026-08-24,UK,education,postings,119.2,index (Feb 2020=100),2026-08-14,Indeed Hiring Lab sectors (GB: Education & Instruction),measured
2026-08-24,UK,education,vacancies,45.0,k vacancies,2026 JUN,"ONS VACS02 vacancies (JP9V, SA)",measured
2026-08-24,UK,government,postings,86.9,index (Feb 2020=100),2026-08-14,"Indeed Hiring Lab sectors (GB: Community & Social Service, Security & Public Safety)",measured
2026-08-24,UK,government,vacancies,30.0,k vacancies,2026 JUN,"ONS VACS02 vacancies (JP9U, SA)",measured
2026-08-24,UK,power_utilities,employment,391.0,k jobs,2026 Q1,"ONS JOBS02 workforce jobs (JWR8+JWR9, SA)",measured
2026-08-24,UK,power_utilities,vacancies,9.0,k vacancies,2026 JUN,"ONS VACS02 vacancies (JP9J+JP9K, SA)",measured
2026-08-24,AU,banking,postings,113.8,index (Feb 2020=100),2026-08-14,Indeed Hiring Lab sectors (AU: Banking & Finance),measured
2026-08-24,AU,banking,employment,523.7,k persons,2026-Q1,"ABS Labour Account (ANZSIC K, measure M12)",measured
2026-08-24,AU,banking,vacancies,8.9,k vacancies,2026-Q2,ABS Job Vacancies (ANZSIC K),measured
2026-08-24,AU,insurance,employment,523.7,k persons,2026-Q1,"ABS Labour Account (ANZSIC K, measure M12)",measured
2026-08-24,AU,insurance,vacancies,8.9,k vacancies,2026-Q2,ABS Job Vacancies (ANZSIC K),measured
2026-08-24,AU,it_software,postings,100.8,index (Feb 2020=100),2026-08-14,"Indeed Hiring Lab sectors (AU: Software Development, IT Infrastructure, Operations & Support…)",measured
2026-08-24,AU,it_software,employment,207.5,k persons,2026-Q1,"ABS Labour Account (ANZSIC J, measure M12)",measured
2026-08-24,AU,it_software,vacancies,3.6,k vacancies,2026-Q2,ABS Job Vacancies (ANZSIC J),measured
2026-08-24,AU,telecom_media,postings,72.3,index (Feb 2020=100),2026-08-14,Indeed Hiring Lab sectors (AU: Media & Communications),measured
2026-08-24,AU,telecom_media,employment,207.5,k persons,2026-Q1,"ABS Labour Account (ANZSIC J, measure M12)",measured
2026-08-24,AU,telecom_media,vacancies,3.6,k vacancies,2026-Q2,ABS Job Vacancies (ANZSIC J),measured
2026-08-24,AU,manufacturing,postings,152.2,index (Feb 2020=100),2026-08-14,"Indeed Hiring Lab sectors (AU: Production & Manufacturing, Industrial Engineering)",measured
2026-08-24,AU,manufacturing,employment,904.3,k persons,2026-Q1,"ABS Labour Account (ANZSIC C, measure M12)",measured
2026-08-24,AU,manufacturing,vacancies,21.7,k vacancies,2026-Q2,ABS Job Vacancies (ANZSIC C),measured
2026-08-24,AU,healthcare,postings,133.5,index (Feb 2020=100),2026-08-14,"Indeed Hiring Lab sectors (AU: Nursing, Physicians & Surgeons…)",measured
2026-08-24,AU,healthcare,employment,2580.6,k persons,2026-Q1,"ABS Labour Account (ANZSIC Q, measure M12)",measured
2026-08-24,AU,healthcare,vacancies,56.7,k vacancies,2026-Q2,ABS Job Vacancies (ANZSIC Q),measured
2026-08-24,AU,retail,postings,224.7,index (Feb 2020=100),2026-08-14,"Indeed Hiring Lab sectors (AU: Retail, Loading & Stocking)",measured
2026-08-24,AU,retail,employment,1522.0,k persons,2026-Q1,"ABS Labour Account (ANZSIC G, measure M12)",measured
2026-08-24,AU,retail,vacancies,26.0,k vacancies,2026-Q2,ABS Job Vacancies (ANZSIC G),measured
2026-08-24,AU,professional,postings,116.0,index (Feb 2020=100),2026-08-14,"Indeed Hiring Lab sectors (AU: Legal, Accounting…)",measured
2026-08-24,AU,professional,employment,1323.5,k persons,2026-Q1,"ABS Labour Account (ANZSIC M, measure M12)",measured
2026-08-24,AU,professional,vacancies,35.7,k vacancies,2026-Q2,ABS Job Vacancies (ANZSIC M),measured
2026-08-24,AU,education,employment,1344.2,k persons,2026-Q1,"ABS Labour Account (ANZSIC P, measure M12)",measured
2026-08-24,AU,education,vacancies,11.0,k vacancies,2026-Q2,ABS Job Vacancies (ANZSIC P),measured
2026-08-24,AU,government,postings,163.0,index (Feb 2020=100),2026-08-14,"Indeed Hiring Lab sectors (AU: Community & Social Service, Security & Public Safety)",measured
2026-08-24,AU,government,employment,891.9,k persons,2026-Q1,"ABS Labour Account (ANZSIC O, measure M12)",measured
2026-08-24,AU,government,vacancies,21.2,k vacancies,2026-Q2,ABS Job Vacancies (ANZSIC O),measured
2026-08-24,AU,power_utilities,employment,153.6,k persons,2026-Q1,"ABS Labour Account (ANZSIC D, measure M12)",measured
2026-08-24,AU,power_utilities,vacancies,3.7,k vacancies,2026-Q2,ABS Job Vacancies (ANZSIC D),measured
2026-08-24,EU,banking,postings,86.2,index (Feb 2020=100),2026-08-14,Indeed Hiring Lab sectors (DE+FR: Banking & Finance),measured
2026-08-24,EU,banking,employment,3099.6,k persons,2025-Q4,"Eurostat lfsq_egan22d (K64), EU27",measured
2026-08-24,EU,banking,vacancies,1.7,% vacancy rate,2025-Q4,"Eurostat jvs_q_nace2 JVR (NACE K, EU27)",measured
2026-08-24,EU,banking,layoffs,10518,announced job losses (12mo),2025-08 onward,"Eurofound European Restructuring Monitor, EU27, 31 announcements - ERM's Financial bucket includes insurance & real estate",measured
2026-08-24,EU,insurance,employment,1167.5,k persons,2025-Q4,"Eurostat lfsq_egan22d (K65), EU27",measured
2026-08-24,EU,insurance,vacancies,1.7,% vacancy rate,2025-Q4,"Eurostat jvs_q_nace2 JVR (NACE K, EU27)",measured
2026-08-24,EU,it_software,postings,64.4,index (Feb 2020=100),2026-08-14,"Indeed Hiring Lab sectors (DE+FR: Software Development, IT Infrastructure, Operations & Support…)",measured
2026-08-24,EU,it_software,employment,8007.3,k persons,2025-Q4,"Eurostat lfsq_egan2 (NACE J), EU27",measured
2026-08-24,EU,it_software,vacancies,2.2,% vacancy rate,2025-Q4,"Eurostat jvs_q_nace2 JVR (NACE J, EU27)",measured
2026-08-24,EU,it_software,layoffs,25783,announced job losses (12mo),2025-08 onward,"Eurofound European Restructuring Monitor, EU27, 57 announcements",measured
2026-08-24,EU,telecom_media,postings,56.6,index (Feb 2020=100),2026-08-14,Indeed Hiring Lab sectors (DE+FR: Media & Communications),measured
2026-08-24,EU,telecom_media,employment,8007.3,k persons,2025-Q4,"Eurostat lfsq_egan2 (NACE J), EU27",measured
2026-08-24,EU,telecom_media,vacancies,2.2,% vacancy rate,2025-Q4,"Eurostat jvs_q_nace2 JVR (NACE J, EU27)",measured
2026-08-24,EU,telecom_media,layoffs,4282,announced job losses (12mo),2025-08 onward,"Eurofound European Restructuring Monitor, EU27, 23 announcements",measured
2026-08-24,EU,manufacturing,postings,89.2,index (Feb 2020=100),2026-08-14,"Indeed Hiring Lab sectors (DE+FR: Production & Manufacturing, Industrial Engineering)",measured
2026-08-24,EU,manufacturing,employment,31399.8,k persons,2025-Q4,"Eurostat lfsq_egan2 (NACE C), EU27",measured
2026-08-24,EU,manufacturing,vacancies,1.5,% vacancy rate,2025-Q4,"Eurostat jvs_q_nace2 JVR (NACE C, EU27)",measured
2026-08-24,EU,manufacturing,layoffs,137356,announced job losses (12mo),2025-08 onward,"Eurofound European Restructuring Monitor, EU27, 425 announcements",measured
2026-08-24,EU,healthcare,postings,152.7,index (Feb 2020=100),2026-08-14,"Indeed Hiring Lab sectors (DE+FR: Nursing, Physicians & Surgeons…)",measured
2026-08-24,EU,healthcare,employment,24095.3,k persons,2025-Q4,"Eurostat lfsq_egan2 (NACE Q), EU27",measured
2026-08-24,EU,healthcare,layoffs,7088,announced job losses (12mo),2025-08 onward,"Eurofound European Restructuring Monitor, EU27, 27 announcements",measured
2026-08-24,EU,retail,postings,111.2,index (Feb 2020=100),2026-08-14,"Indeed Hiring Lab sectors (DE+FR: Retail, Loading & Stocking)",measured
2026-08-24,EU,retail,employment,27991.8,k persons,2025-Q4,"Eurostat lfsq_egan2 (NACE G), EU27",measured
2026-08-24,EU,retail,vacancies,1.8,% vacancy rate,2025-Q4,"Eurostat jvs_q_nace2 JVR (NACE G, EU27)",measured
2026-08-24,EU,retail,layoffs,30608,announced job losses (12mo),2025-08 onward,"Eurofound European Restructuring Monitor, EU27, 80 announcements",measured
2026-08-24,EU,professional,postings,77.2,index (Feb 2020=100),2026-08-14,"Indeed Hiring Lab sectors (DE+FR: Legal, Accounting…)",measured
2026-08-24,EU,professional,employment,12806.6,k persons,2025-Q4,"Eurostat lfsq_egan2 (NACE M), EU27",measured
2026-08-24,EU,professional,vacancies,2.4,% vacancy rate,2025-Q4,"Eurostat jvs_q_nace2 JVR (NACE M, EU27)",measured
2026-08-24,EU,professional,layoffs,5140,announced job losses (12mo),2025-08 onward,"Eurofound European Restructuring Monitor, EU27, 17 announcements",measured
2026-08-24,EU,education,postings,110.1,index (Feb 2020=100),2026-08-14,Indeed Hiring Lab sectors (DE+FR: Education & Instruction),measured
2026-08-24,EU,education,employment,15960.8,k persons,2025-Q4,"Eurostat lfsq_egan2 (NACE P), EU27",measured
2026-08-24,EU,education,layoffs,3510,announced job losses (12mo),2025-08 onward,"Eurofound European Restructuring Monitor, EU27, 3 announcements",measured
2026-08-24,EU,government,postings,138.8,index (Feb 2020=100),2026-08-14,"Indeed Hiring Lab sectors (DE+FR: Community & Social Service, Security & Public Safety)",measured
2026-08-24,EU,government,employment,14666.3,k persons,2025-Q4,"Eurostat lfsq_egan2 (NACE O), EU27",measured
2026-08-24,EU,government,layoffs,7241,announced job losses (12mo),2025-08 onward,"Eurofound European Restructuring Monitor, EU27, 20 announcements",measured
2026-08-24,EU,power_utilities,employment,3475.3,k persons,2025-Q4,"Eurostat lfsq_egan2 (NACE D+E), EU27",measured
2026-08-24,EU,power_utilities,layoffs,3167,announced job losses (12mo),2025-08 onward,"Eurofound European Restructuring Monitor, EU27, 8 announcements",measured
2026-08-24,US,banking,postings,103.1,index (Feb 2020=100),2026-08-14,Indeed Hiring Lab sectors (US: Banking & Finance),measured
2026-08-24,US,banking,employment,6652.2,k jobs,2026-07,"BLS CES (CES5552000001, SA)",measured
2026-08-24,US,banking,layoffs,25748,cuts YTD,July 2026,"Challenger, Gray & Christmas job cuts by industry (all-cause; AI-cited share tracked at the headline KPI)",measured
2026-08-24,US,it_software,postings,69.7,index (Feb 2020=100),2026-08-14,"Indeed Hiring Lab sectors (US: Software Development, IT Infrastructure, Operations & Support…)",measured
2026-08-24,US,it_software,employment,2780.0,k jobs,2026-07,"BLS CES (CES5000000001, SA)",measured
2026-08-24,US,it_software,layoffs,149023,cuts YTD,July 2026,"Challenger, Gray & Christmas job cuts by industry (all-cause; AI-cited share tracked at the headline KPI)",measured
2026-08-24,US,telecom_media,postings,72.7,index (Feb 2020=100),2026-08-14,Indeed Hiring Lab sectors (US: Media & Communications),measured
2026-08-24,US,telecom_media,employment,571.8,k jobs,2026-07,"BLS CES (CES5051700001, SA)",measured
2026-08-24,US,telecom_media,layoffs,7761,cuts YTD,July 2026,"Challenger, Gray & Christmas job cuts by industry (all-cause; AI-cited share tracked at the headline KPI)",measured
2026-08-24,US,manufacturing,postings,117.4,index (Feb 2020=100),2026-08-14,"Indeed Hiring Lab sectors (US: Production & Manufacturing, Industrial Engineering)",measured
2026-08-24,US,manufacturing,employment,12611.0,k jobs,2026-07,"BLS CES (CES3000000001, SA)",measured
2026-08-24,US,manufacturing,layoffs,68332,cuts YTD,July 2026,"Challenger, Gray & Christmas job cuts by industry (all-cause; AI-cited share tracked at the headline KPI)",measured
2026-08-24,US,healthcare,postings,125.3,index (Feb 2020=100),2026-08-14,"Indeed Hiring Lab sectors (US: Nursing, Physicians & Surgeons…)",measured
2026-08-24,US,healthcare,employment,23912.2,k jobs,2026-07,"BLS CES (CES6562000001, SA)",measured
2026-08-24,US,healthcare,layoffs,48092,cuts YTD,July 2026,"Challenger, Gray & Christmas job cuts by industry (all-cause; AI-cited share tracked at the headline KPI)",measured
2026-08-24,US,retail,postings,97.3,index (Feb 2020=100),2026-08-14,"Indeed Hiring Lab sectors (US: Retail, Loading & Stocking)",measured
2026-08-24,US,retail,employment,15440.9,k jobs,2026-07,"BLS CES (CES4200000001, SA)",measured
2026-08-24,US,retail,layoffs,12946,cuts YTD,July 2026,"Challenger, Gray & Christmas job cuts by industry (all-cause; AI-cited share tracked at the headline KPI)",measured
2026-08-24,US,professional,postings,95.6,index (Feb 2020=100),2026-08-14,"Indeed Hiring Lab sectors (US: Legal, Accounting…)",measured
2026-08-24,US,professional,employment,10837.3,k jobs,2026-07,"BLS CES (CES6054000001, SA)",measured
2026-08-24,US,professional,layoffs,23942,cuts YTD,July 2026,"Challenger, Gray & Christmas job cuts by industry (all-cause; AI-cited share tracked at the headline KPI)",measured
2026-08-24,US,education,postings,108.9,index (Feb 2020=100),2026-08-14,Indeed Hiring Lab sectors (US: Education & Instruction),measured
2026-08-24,US,education,employment,4049.7,k jobs,2026-07,"BLS CES (CES6561000001, SA)",measured
2026-08-24,US,education,layoffs,15499,cuts YTD,July 2026,"Challenger, Gray & Christmas job cuts by industry (all-cause; AI-cited share tracked at the headline KPI)",measured
2026-08-24,US,government,postings,110.0,index (Feb 2020=100),2026-08-14,"Indeed Hiring Lab sectors (US: Community & Social Service, Security & Public Safety)",measured
2026-08-24,US,government,employment,23270.0,k jobs,2026-07,"BLS CES (CES9000000001, SA)",measured
2026-08-24,US,government,layoffs,20752,cuts YTD,July 2026,"Challenger, Gray & Christmas job cuts by industry (all-cause; AI-cited share tracked at the headline KPI)",measured
2026-08-24,US,insurance,employment,2935.6,k jobs,2026-07,"BLS CES (CES5552400001, SA)",measured
2026-08-24,US,insurance,layoffs,6908,cuts YTD,July 2026,"Challenger, Gray & Christmas job cuts by industry (all-cause; AI-cited share tracked at the headline KPI)",measured
2026-08-24,US,power_utilities,layoffs,2978,cuts YTD,July 2026,"Challenger, Gray & Christmas job cuts by industry (all-cause; AI-cited share tracked at the headline KPI)",measured
2026-08-24,US,power_utilities,employment,608.1,k jobs,2026-07,"BLS CES (CES4422000001, SA)",measured
2026-08-24,IN,banking,employment,6085.2,k persons,IND 2025-Q4,"ILOSTAT EMP_TEMP_SEX_ECO (ISIC K, IND)",measured
2026-08-24,IN,banking,momentum,-12.0,% YoY hiring,<![CDATA[Naukri JobSpeak: White-collar hiring grows 6% in Ju,Naukri JobSpeak monthly (text-parsed from published report),measured
2026-08-24,IN,insurance,employment,6085.2,k persons,IND 2025-Q4,"ILOSTAT EMP_TEMP_SEX_ECO (ISIC K, IND)",measured
2026-08-24,IN,insurance,momentum,16.0,% YoY hiring,<![CDATA[Naukri JobSpeak: White-collar hiring grows 6% in Ju,Naukri JobSpeak monthly (text-parsed from published report),measured
2026-08-24,IN,it_software,employment,6854.2,k persons,IND 2025-Q4,"ILOSTAT EMP_TEMP_SEX_ECO (ISIC J, IND)",measured
2026-08-24,IN,it_software,momentum,18.0,% YoY hiring,<![CDATA[Naukri JobSpeak: White-collar hiring grows 6% in Ju,Naukri JobSpeak monthly (text-parsed from published report),measured
2026-08-24,IN,telecom_media,employment,6854.2,k persons,IND 2025-Q4,"ILOSTAT EMP_TEMP_SEX_ECO (ISIC J, IND)",measured
2026-08-24,IN,telecom_media,momentum,6.0,% YoY hiring,<![CDATA[Naukri JobSpeak: White-collar hiring grows 6% in Ju,Naukri JobSpeak monthly (text-parsed from published report),measured
2026-08-24,IN,manufacturing,employment,60142.5,k persons,IND 2025-Q4,"ILOSTAT EMP_TEMP_SEX_ECO (ISIC C, IND)",measured
2026-08-24,IN,manufacturing,momentum,14.0,% YoY hiring,<![CDATA[Naukri JobSpeak: White-collar hiring grows 6% in Ju,Naukri JobSpeak monthly (text-parsed from published report),measured
2026-08-24,IN,healthcare,employment,8441.6,k persons,IND 2025-Q4,"ILOSTAT EMP_TEMP_SEX_ECO (ISIC Q, IND)",measured
2026-08-24,IN,healthcare,momentum,4.0,% YoY hiring,<![CDATA[Naukri JobSpeak: White-collar hiring grows 6% in Ju,Naukri JobSpeak monthly (text-parsed from published report),measured
2026-08-24,IN,retail,employment,52830.4,k persons,IND 2025-Q4,"ILOSTAT EMP_TEMP_SEX_ECO (ISIC G, IND)",measured
2026-08-24,IN,retail,momentum,-12.0,% YoY hiring,<![CDATA[Naukri JobSpeak: White-collar hiring grows 6% in Ju,Naukri JobSpeak monthly (text-parsed from published report),measured
2026-08-24,IN,professional,employment,4358.7,k persons,IND 2025-Q4,"ILOSTAT EMP_TEMP_SEX_ECO (ISIC M, IND)",measured
2026-08-24,IN,education,employment,16320.3,k persons,IND 2025-Q4,"ILOSTAT EMP_TEMP_SEX_ECO (ISIC P, IND)",measured
2026-08-24,IN,education,momentum,-4.0,% YoY hiring,<![CDATA[Naukri JobSpeak: White-collar hiring grows 6% in Ju,Naukri JobSpeak monthly (text-parsed from published report),measured
2026-08-24,IN,government,employment,7681.3,k persons,IND 2025-Q4,"ILOSTAT EMP_TEMP_SEX_ECO (ISIC O, IND)",measured
2026-08-24,IN,power_utilities,employment,3434.4,k persons,IND 2025-Q4,"ILOSTAT EMP_TEMP_SEX_ECO (ISIC D+E, IND)",measured
2026-08-24,APAC,banking,employment,1061.3,k persons,"KOR 2026-Q2, SGP 2025","ILOSTAT EMP_TEMP_SEX_ECO (ISIC K, pooled SGP+JPN+KOR)",measured
2026-08-24,APAC,banking,vacancies,8700,vacancies (SG),2025-Q4,Singapore MOM job vacancies by industry (SG proxy market),measured
2026-08-24,APAC,insurance,employment,1061.3,k persons,"KOR 2026-Q2, SGP 2025","ILOSTAT EMP_TEMP_SEX_ECO (ISIC K, pooled SGP+JPN+KOR)",measured
2026-08-24,APAC,insurance,vacancies,1200,vacancies (SG),2025-Q4,Singapore MOM job vacancies by industry (SG proxy market),measured
2026-08-24,APAC,it_software,employment,1303.8,k persons,"KOR 2026-Q2, SGP 2025","ILOSTAT EMP_TEMP_SEX_ECO (ISIC J, pooled SGP+JPN+KOR)",measured
2026-08-24,APAC,it_software,vacancies,10500,vacancies (SG),2025-Q4,Singapore MOM job vacancies by industry (SG proxy market),measured
2026-08-24,APAC,telecom_media,employment,1303.8,k persons,"KOR 2026-Q2, SGP 2025","ILOSTAT EMP_TEMP_SEX_ECO (ISIC J, pooled SGP+JPN+KOR)",measured
2026-08-24,APAC,telecom_media,vacancies,1100,vacancies (SG),2025-Q4,Singapore MOM job vacancies by industry (SG proxy market),measured
2026-08-24,APAC,manufacturing,employment,4528.2,k persons,"KOR 2026-Q2, SGP 2025","ILOSTAT EMP_TEMP_SEX_ECO (ISIC C, pooled SGP+JPN+KOR)",measured
2026-08-24,APAC,manufacturing,vacancies,16000,vacancies (SG),2025-Q4,Singapore MOM job vacancies by industry (SG proxy market),measured
2026-08-24,APAC,healthcare,employment,3630.2,k persons,"KOR 2026-Q2, SGP 2025","ILOSTAT EMP_TEMP_SEX_ECO (ISIC Q, pooled SGP+JPN+KOR)",measured
2026-08-24,APAC,healthcare,vacancies,10300,vacancies (SG),2025-Q4,Singapore MOM job vacancies by industry (SG proxy market),measured
2026-08-24,APAC,retail,employment,3535.5,k persons,"KOR 2026-Q2, SGP 2025","ILOSTAT EMP_TEMP_SEX_ECO (ISIC G, pooled SGP+JPN+KOR)",measured
2026-08-24,APAC,retail,vacancies,4200,vacancies (SG),2025-Q4,Singapore MOM job vacancies by industry (SG proxy market),measured
2026-08-24,APAC,professional,employment,1615.0,k persons,"KOR 2026-Q2, SGP 2025","ILOSTAT EMP_TEMP_SEX_ECO (ISIC M, pooled SGP+JPN+KOR)",measured
2026-08-24,APAC,professional,vacancies,13800,vacancies (SG),2025-Q4,Singapore MOM job vacancies by industry (SG proxy market),measured
2026-08-24,APAC,education,employment,2093.2,k persons,"KOR 2026-Q2, SGP 2025","ILOSTAT EMP_TEMP_SEX_ECO (ISIC P, pooled SGP+JPN+KOR)",measured
2026-08-24,APAC,government,employment,1515.7,k persons,"KOR 2026-Q2, SGP 2025","ILOSTAT EMP_TEMP_SEX_ECO (ISIC O, pooled SGP+JPN+KOR)",measured
2026-08-24,APAC,government,vacancies,14000,vacancies (SG),2025-Q4,Singapore MOM job vacancies by industry (SG proxy market incl. education (SSIC grouping)),measured
2026-08-24,APAC,power_utilities,employment,279.1,k persons,"KOR 2026-Q2, SGP 2025","ILOSTAT EMP_TEMP_SEX_ECO (ISIC D+E, pooled SGP+JPN+KOR)",measured
2026-08-31,UK,banking,postings,88.8,index (Feb 2020=100),2026-08-21,Indeed Hiring Lab sectors (GB: Banking & Finance),measured
2026-08-31,UK,banking,employment,1112.0,k jobs,2026 Q1,"ONS JOBS02 workforce jobs (JWS7, SA)",measured
2026-08-31,UK,banking,vacancies,30.0,k vacancies,2026 JUN,"ONS VACS02 vacancies (JP9Q, SA)",measured
2026-08-31,UK,insurance,employment,1112.0,k jobs,2026 Q1,"ONS JOBS02 workforce jobs (JWS7, SA)",measured
2026-08-31,UK,insurance,vacancies,30.0,k vacancies,2026 JUN,"ONS VACS02 vacancies (JP9Q, SA)",measured
2026-08-31,UK,it_software,postings,54.9,index (Feb 2020=100),2026-08-21,"Indeed Hiring Lab sectors (GB: Software Development, IT Infrastructure, Operations & Support…)",measured
2026-08-31,UK,it_software,employment,1577.0,k jobs,2026 Q1,"ONS JOBS02 workforce jobs (JWS6, SA)",measured
2026-08-31,UK,it_software,vacancies,39.0,k vacancies,2026 JUN,"ONS VACS02 vacancies (JP9P, SA)",measured
2026-08-31,UK,telecom_media,postings,45.3,index (Feb 2020=100),2026-08-21,Indeed Hiring Lab sectors (GB: Media & Communications),measured
2026-08-31,UK,telecom_media,employment,1577.0,k jobs,2026 Q1,"ONS JOBS02 workforce jobs (JWS6, SA)",measured
2026-08-31,UK,telecom_media,vacancies,39.0,k vacancies,2026 JUN,"ONS VACS02 vacancies (JP9P, SA)",measured
2026-08-31,UK,manufacturing,postings,102.9,index (Feb 2020=100),2026-08-21,"Indeed Hiring Lab sectors (GB: Production & Manufacturing, Industrial Engineering)",measured
2026-08-31,UK,manufacturing,employment,2482.0,k jobs,2026 Q1,"ONS JOBS02 workforce jobs (JWR7, SA)",measured
2026-08-31,UK,manufacturing,vacancies,47.0,k vacancies,2026 JUN,"ONS VACS02 vacancies (JP9I, SA)",measured
2026-08-31,UK,healthcare,postings,54.3,index (Feb 2020=100),2026-08-21,"Indeed Hiring Lab sectors (GB: Nursing, Physicians & Surgeons…)",measured
2026-08-31,UK,healthcare,employment,5090.0,k jobs,2026 Q1,"ONS JOBS02 workforce jobs (JWT5, SA)",measured
2026-08-31,UK,healthcare,vacancies,120.0,k vacancies,2026 JUN,"ONS VACS02 vacancies (JP9W, SA)",measured
2026-08-31,UK,retail,postings,84.3,index (Feb 2020=100),2026-08-21,"Indeed Hiring Lab sectors (GB: Retail, Loading & Stocking)",measured
2026-08-31,UK,retail,employment,4629.0,k jobs,2026 Q1,"ONS JOBS02 workforce jobs (JWS3, SA)",measured
2026-08-31,UK,retail,vacancies,87.0,k vacancies,2026 JUN,"ONS VACS02 vacancies (JP9M, SA)",measured
2026-08-31,UK,professional,postings,67.7,index (Feb 2020=100),2026-08-21,"Indeed Hiring Lab sectors (GB: Legal, Accounting…)",measured
2026-08-31,UK,professional,employment,3492.0,k jobs,2026 Q1,"ONS JOBS02 workforce jobs (JWS9, SA)",measured
2026-08-31,UK,professional,vacancies,70.0,k vacancies,2026 JUN,"ONS VACS02 vacancies (JP9S, SA)",measured
2026-08-31,UK,education,postings,120.3,index (Feb 2020=100),2026-08-21,Indeed Hiring Lab sectors (GB: Education & Instruction),measured
2026-08-31,UK,education,vacancies,45.0,k vacancies,2026 JUN,"ONS VACS02 vacancies (JP9V, SA)",measured
2026-08-31,UK,government,postings,89.4,index (Feb 2020=100),2026-08-21,"Indeed Hiring Lab sectors (GB: Community & Social Service, Security & Public Safety)",measured
2026-08-31,UK,government,vacancies,30.0,k vacancies,2026 JUN,"ONS VACS02 vacancies (JP9U, SA)",measured
2026-08-31,UK,power_utilities,employment,391.0,k jobs,2026 Q1,"ONS JOBS02 workforce jobs (JWR8+JWR9, SA)",measured
2026-08-31,UK,power_utilities,vacancies,9.0,k vacancies,2026 JUN,"ONS VACS02 vacancies (JP9J+JP9K, SA)",measured
2026-08-31,AU,banking,postings,115.5,index (Feb 2020=100),2026-08-21,Indeed Hiring Lab sectors (AU: Banking & Finance),measured
2026-08-31,AU,banking,employment,523.7,k persons,2026-Q1,"ABS Labour Account (ANZSIC K, measure M12)",measured
2026-08-31,AU,banking,vacancies,8.9,k vacancies,2026-Q2,ABS Job Vacancies (ANZSIC K),measured
2026-08-31,AU,insurance,employment,523.7,k persons,2026-Q1,"ABS Labour Account (ANZSIC K, measure M12)",measured
2026-08-31,AU,insurance,vacancies,8.9,k vacancies,2026-Q2,ABS Job Vacancies (ANZSIC K),measured
2026-08-31,AU,it_software,postings,100.3,index (Feb 2020=100),2026-08-21,"Indeed Hiring Lab sectors (AU: Software Development, IT Infrastructure, Operations & Support…)",measured
2026-08-31,AU,it_software,employment,207.5,k persons,2026-Q1,"ABS Labour Account (ANZSIC J, measure M12)",measured
2026-08-31,AU,it_software,vacancies,3.6,k vacancies,2026-Q2,ABS Job Vacancies (ANZSIC J),measured
2026-08-31,AU,telecom_media,postings,74.9,index (Feb 2020=100),2026-08-21,Indeed Hiring Lab sectors (AU: Media & Communications),measured
2026-08-31,AU,telecom_media,employment,207.5,k persons,2026-Q1,"ABS Labour Account (ANZSIC J, measure M12)",measured
2026-08-31,AU,telecom_media,vacancies,3.6,k vacancies,2026-Q2,ABS Job Vacancies (ANZSIC J),measured
2026-08-31,AU,manufacturing,postings,153.0,index (Feb 2020=100),2026-08-21,"Indeed Hiring Lab sectors (AU: Production & Manufacturing, Industrial Engineering)",measured
2026-08-31,AU,manufacturing,employment,904.3,k persons,2026-Q1,"ABS Labour Account (ANZSIC C, measure M12)",measured
2026-08-31,AU,manufacturing,vacancies,21.7,k vacancies,2026-Q2,ABS Job Vacancies (ANZSIC C),measured
2026-08-31,AU,healthcare,postings,136.1,index (Feb 2020=100),2026-08-21,"Indeed Hiring Lab sectors (AU: Nursing, Physicians & Surgeons…)",measured
2026-08-31,AU,healthcare,employment,2580.6,k persons,2026-Q1,"ABS Labour Account (ANZSIC Q, measure M12)",measured
2026-08-31,AU,healthcare,vacancies,56.7,k vacancies,2026-Q2,ABS Job Vacancies (ANZSIC Q),measured
2026-08-31,AU,retail,postings,226.8,index (Feb 2020=100),2026-08-21,"Indeed Hiring Lab sectors (AU: Retail, Loading & Stocking)",measured
2026-08-31,AU,retail,employment,1522.0,k persons,2026-Q1,"ABS Labour Account (ANZSIC G, measure M12)",measured
2026-08-31,AU,retail,vacancies,26.0,k vacancies,2026-Q2,ABS Job Vacancies (ANZSIC G),measured
2026-08-31,AU,professional,postings,117.2,index (Feb 2020=100),2026-08-21,"Indeed Hiring Lab sectors (AU: Legal, Accounting…)",measured
2026-08-31,AU,professional,employment,1323.5,k persons,2026-Q1,"ABS Labour Account (ANZSIC M, measure M12)",measured
2026-08-31,AU,professional,vacancies,35.7,k vacancies,2026-Q2,ABS Job Vacancies (ANZSIC M),measured
2026-08-31,AU,education,employment,1344.2,k persons,2026-Q1,"ABS Labour Account (ANZSIC P, measure M12)",measured
2026-08-31,AU,education,vacancies,11.0,k vacancies,2026-Q2,ABS Job Vacancies (ANZSIC P),measured
2026-08-31,AU,government,postings,167.3,index (Feb 2020=100),2026-08-21,"Indeed Hiring Lab sectors (AU: Community & Social Service, Security & Public Safety)",measured
2026-08-31,AU,government,employment,891.9,k persons,2026-Q1,"ABS Labour Account (ANZSIC O, measure M12)",measured
2026-08-31,AU,government,vacancies,21.2,k vacancies,2026-Q2,ABS Job Vacancies (ANZSIC O),measured
2026-08-31,AU,power_utilities,employment,153.6,k persons,2026-Q1,"ABS Labour Account (ANZSIC D, measure M12)",measured
2026-08-31,AU,power_utilities,vacancies,3.7,k vacancies,2026-Q2,ABS Job Vacancies (ANZSIC D),measured
2026-08-31,EU,banking,postings,88.7,index (Feb 2020=100),2026-08-21,Indeed Hiring Lab sectors (DE+FR: Banking & Finance),measured
2026-08-31,EU,banking,employment,3099.6,k persons,2025-Q4,"Eurostat lfsq_egan22d (K64), EU27",measured
2026-08-31,EU,banking,vacancies,1.7,% vacancy rate,2025-Q4,"Eurostat jvs_q_nace2 JVR (NACE K, EU27)",measured
2026-08-31,EU,banking,layoffs,10518,announced job losses (12mo),2025-08 onward,"Eurofound European Restructuring Monitor, EU27, 31 announcements - ERM's Financial bucket includes insurance & real estate",measured
2026-08-31,EU,insurance,employment,1167.5,k persons,2025-Q4,"Eurostat lfsq_egan22d (K65), EU27",measured
2026-08-31,EU,insurance,vacancies,1.7,% vacancy rate,2025-Q4,"Eurostat jvs_q_nace2 JVR (NACE K, EU27)",measured
2026-08-31,EU,it_software,postings,64.7,index (Feb 2020=100),2026-08-21,"Indeed Hiring Lab sectors (DE+FR: Software Development, IT Infrastructure, Operations & Support…)",measured
2026-08-31,EU,it_software,employment,8007.3,k persons,2025-Q4,"Eurostat lfsq_egan2 (NACE J), EU27",measured
2026-08-31,EU,it_software,vacancies,2.2,% vacancy rate,2025-Q4,"Eurostat jvs_q_nace2 JVR (NACE J, EU27)",measured
2026-08-31,EU,it_software,layoffs,25955,announced job losses (12mo),2025-08 onward,"Eurofound European Restructuring Monitor, EU27, 58 announcements",measured
2026-08-31,EU,telecom_media,postings,56.4,index (Feb 2020=100),2026-08-21,Indeed Hiring Lab sectors (DE+FR: Media & Communications),measured
2026-08-31,EU,telecom_media,employment,8007.3,k persons,2025-Q4,"Eurostat lfsq_egan2 (NACE J), EU27",measured
2026-08-31,EU,telecom_media,vacancies,2.2,% vacancy rate,2025-Q4,"Eurostat jvs_q_nace2 JVR (NACE J, EU27)",measured
2026-08-31,EU,telecom_media,layoffs,4482,announced job losses (12mo),2025-08 onward,"Eurofound European Restructuring Monitor, EU27, 24 announcements",measured
2026-08-31,EU,manufacturing,postings,89.7,index (Feb 2020=100),2026-08-21,"Indeed Hiring Lab sectors (DE+FR: Production & Manufacturing, Industrial Engineering)",measured
2026-08-31,EU,manufacturing,employment,31399.8,k persons,2025-Q4,"Eurostat lfsq_egan2 (NACE C), EU27",measured
2026-08-31,EU,manufacturing,vacancies,1.5,% vacancy rate,2025-Q4,"Eurostat jvs_q_nace2 JVR (NACE C, EU27)",measured
2026-08-31,EU,manufacturing,layoffs,137716,announced job losses (12mo),2025-08 onward,"Eurofound European Restructuring Monitor, EU27, 428 announcements",measured
2026-08-31,EU,healthcare,postings,153.3,index (Feb 2020=100),2026-08-21,"Indeed Hiring Lab sectors (DE+FR: Nursing, Physicians & Surgeons…)",measured
2026-08-31,EU,healthcare,employment,24095.3,k persons,2025-Q4,"Eurostat lfsq_egan2 (NACE Q), EU27",measured
2026-08-31,EU,healthcare,layoffs,7088,announced job losses (12mo),2025-08 onward,"Eurofound European Restructuring Monitor, EU27, 27 announcements",measured
2026-08-31,EU,retail,postings,109.6,index (Feb 2020=100),2026-08-21,"Indeed Hiring Lab sectors (DE+FR: Retail, Loading & Stocking)",measured
2026-08-31,EU,retail,employment,27991.8,k persons,2025-Q4,"Eurostat lfsq_egan2 (NACE G), EU27",measured
2026-08-31,EU,retail,vacancies,1.8,% vacancy rate,2025-Q4,"Eurostat jvs_q_nace2 JVR (NACE G, EU27)",measured
2026-08-31,EU,retail,layoffs,30608,announced job losses (12mo),2025-08 onward,"Eurofound European Restructuring Monitor, EU27, 80 announcements",measured
2026-08-31,EU,professional,postings,77.4,index (Feb 2020=100),2026-08-21,"Indeed Hiring Lab sectors (DE+FR: Legal, Accounting…)",measured
2026-08-31,EU,professional,employment,12806.6,k persons,2025-Q4,"Eurostat lfsq_egan2 (NACE M), EU27",measured
2026-08-31,EU,professional,vacancies,2.4,% vacancy rate,2025-Q4,"Eurostat jvs_q_nace2 JVR (NACE M, EU27)",measured
2026-08-31,EU,professional,layoffs,5140,announced job losses (12mo),2025-08 onward,"Eurofound European Restructuring Monitor, EU27, 17 announcements",measured
2026-08-31,EU,education,postings,110.5,index (Feb 2020=100),2026-08-21,Indeed Hiring Lab sectors (DE+FR: Education & Instruction),measured
2026-08-31,EU,education,employment,15960.8,k persons,2025-Q4,"Eurostat lfsq_egan2 (NACE P), EU27",measured
2026-08-31,EU,education,layoffs,3918,announced job losses (12mo),2025-08 onward,"Eurofound European Restructuring Monitor, EU27, 5 announcements",measured
2026-08-31,EU,government,postings,140.0,index (Feb 2020=100),2026-08-21,"Indeed Hiring Lab sectors (DE+FR: Community & Social Service, Security & Public Safety)",measured
2026-08-31,EU,government,employment,14666.3,k persons,2025-Q4,"Eurostat lfsq_egan2 (NACE O), EU27",measured
2026-08-31,EU,government,layoffs,7241,announced job losses (12mo),2025-08 onward,"Eurofound European Restructuring Monitor, EU27, 20 announcements",measured
2026-08-31,EU,power_utilities,employment,3475.3,k persons,2025-Q4,"Eurostat lfsq_egan2 (NACE D+E), EU27",measured
2026-08-31,EU,power_utilities,layoffs,3397,announced job losses (12mo),2025-08 onward,"Eurofound European Restructuring Monitor, EU27, 9 announcements",measured
2026-08-31,US,banking,postings,103.2,index (Feb 2020=100),2026-08-21,Indeed Hiring Lab sectors (US: Banking & Finance),measured
2026-08-31,US,banking,employment,6652.2,k jobs,2026-07,"BLS CES (CES5552000001, SA)",measured
2026-08-31,US,banking,layoffs,25748,cuts YTD,July 2026,"Challenger, Gray & Christmas job cuts by industry (all-cause; AI-cited share tracked at the headline KPI)",measured
2026-08-31,US,it_software,postings,69.8,index (Feb 2020=100),2026-08-21,"Indeed Hiring Lab sectors (US: Software Development, IT Infrastructure, Operations & Support…)",measured
2026-08-31,US,it_software,employment,2780.0,k jobs,2026-07,"BLS CES (CES5000000001, SA)",measured
2026-08-31,US,it_software,layoffs,149023,cuts YTD,July 2026,"Challenger, Gray & Christmas job cuts by industry (all-cause; AI-cited share tracked at the headline KPI)",measured
2026-08-31,US,telecom_media,postings,73.3,index (Feb 2020=100),2026-08-21,Indeed Hiring Lab sectors (US: Media & Communications),measured
2026-08-31,US,telecom_media,employment,571.8,k jobs,2026-07,"BLS CES (CES5051700001, SA)",measured
2026-08-31,US,telecom_media,layoffs,7761,cuts YTD,July 2026,"Challenger, Gray & Christmas job cuts by industry (all-cause; AI-cited share tracked at the headline KPI)",measured
2026-08-31,US,manufacturing,postings,118.3,index (Feb 2020=100),2026-08-21,"Indeed Hiring Lab sectors (US: Production & Manufacturing, Industrial Engineering)",measured
2026-08-31,US,manufacturing,employment,12611.0,k jobs,2026-07,"BLS CES (CES3000000001, SA)",measured
2026-08-31,US,manufacturing,layoffs,68332,cuts YTD,July 2026,"Challenger, Gray & Christmas job cuts by industry (all-cause; AI-cited share tracked at the headline KPI)",measured
2026-08-31,US,healthcare,postings,124.0,index (Feb 2020=100),2026-08-21,"Indeed Hiring Lab sectors (US: Nursing, Physicians & Surgeons…)",measured
2026-08-31,US,healthcare,employment,23912.2,k jobs,2026-07,"BLS CES (CES6562000001, SA)",measured
2026-08-31,US,healthcare,layoffs,48092,cuts YTD,July 2026,"Challenger, Gray & Christmas job cuts by industry (all-cause; AI-cited share tracked at the headline KPI)",measured
2026-08-31,US,retail,postings,96.6,index (Feb 2020=100),2026-08-21,"Indeed Hiring Lab sectors (US: Retail, Loading & Stocking)",measured
2026-08-31,US,retail,employment,15440.9,k jobs,2026-07,"BLS CES (CES4200000001, SA)",measured
2026-08-31,US,retail,layoffs,12946,cuts YTD,July 2026,"Challenger, Gray & Christmas job cuts by industry (all-cause; AI-cited share tracked at the headline KPI)",measured
2026-08-31,US,professional,postings,96.8,index (Feb 2020=100),2026-08-21,"Indeed Hiring Lab sectors (US: Legal, Accounting…)",measured
2026-08-31,US,professional,employment,10837.3,k jobs,2026-07,"BLS CES (CES6054000001, SA)",measured
2026-08-31,US,professional,layoffs,23942,cuts YTD,July 2026,"Challenger, Gray & Christmas job cuts by industry (all-cause; AI-cited share tracked at the headline KPI)",measured
2026-08-31,US,education,postings,108.6,index (Feb 2020=100),2026-08-21,Indeed Hiring Lab sectors (US: Education & Instruction),measured
2026-08-31,US,education,employment,4049.7,k jobs,2026-07,"BLS CES (CES6561000001, SA)",measured
2026-08-31,US,education,layoffs,15499,cuts YTD,July 2026,"Challenger, Gray & Christmas job cuts by industry (all-cause; AI-cited share tracked at the headline KPI)",measured
2026-08-31,US,government,postings,110.3,index (Feb 2020=100),2026-08-21,"Indeed Hiring Lab sectors (US: Community & Social Service, Security & Public Safety)",measured
2026-08-31,US,government,employment,23270.0,k jobs,2026-07,"BLS CES (CES9000000001, SA)",measured
2026-08-31,US,government,layoffs,20752,cuts YTD,July 2026,"Challenger, Gray & Christmas job cuts by industry (all-cause; AI-cited share tracked at the headline KPI)",measured
2026-08-31,US,insurance,employment,2935.6,k jobs,2026-07,"BLS CES (CES5552400001, SA)",measured
2026-08-31,US,insurance,layoffs,6908,cuts YTD,July 2026,"Challenger, Gray & Christmas job cuts by industry (all-cause; AI-cited share tracked at the headline KPI)",measured
2026-08-31,US,power_utilities,layoffs,2978,cuts YTD,July 2026,"Challenger, Gray & Christmas job cuts by industry (all-cause; AI-cited share tracked at the headline KPI)",measured
2026-08-31,US,power_utilities,employment,608.1,k jobs,2026-07,"BLS CES (CES4422000001, SA)",measured
2026-08-31,IN,banking,employment,6085.2,k persons,IND 2025-Q4,"ILOSTAT EMP_TEMP_SEX_ECO (ISIC K, IND)",measured
2026-08-31,IN,banking,momentum,-12.0,% YoY hiring,<![CDATA[Naukri JobSpeak: White-collar hiring grows 6% in Ju,Naukri JobSpeak monthly (text-parsed from published report),measured
2026-08-31,IN,insurance,employment,6085.2,k persons,IND 2025-Q4,"ILOSTAT EMP_TEMP_SEX_ECO (ISIC K, IND)",measured
2026-08-31,IN,insurance,momentum,16.0,% YoY hiring,<![CDATA[Naukri JobSpeak: White-collar hiring grows 6% in Ju,Naukri JobSpeak monthly (text-parsed from published report),measured
2026-08-31,IN,it_software,employment,6854.2,k persons,IND 2025-Q4,"ILOSTAT EMP_TEMP_SEX_ECO (ISIC J, IND)",measured
2026-08-31,IN,it_software,momentum,18.0,% YoY hiring,<![CDATA[Naukri JobSpeak: White-collar hiring grows 6% in Ju,Naukri JobSpeak monthly (text-parsed from published report),measured
2026-08-31,IN,telecom_media,employment,6854.2,k persons,IND 2025-Q4,"ILOSTAT EMP_TEMP_SEX_ECO (ISIC J, IND)",measured
2026-08-31,IN,telecom_media,momentum,6.0,% YoY hiring,<![CDATA[Naukri JobSpeak: White-collar hiring grows 6% in Ju,Naukri JobSpeak monthly (text-parsed from published report),measured
2026-08-31,IN,manufacturing,employment,60142.5,k persons,IND 2025-Q4,"ILOSTAT EMP_TEMP_SEX_ECO (ISIC C, IND)",measured
2026-08-31,IN,manufacturing,momentum,14.0,% YoY hiring,<![CDATA[Naukri JobSpeak: White-collar hiring grows 6% in Ju,Naukri JobSpeak monthly (text-parsed from published report),measured
2026-08-31,IN,healthcare,employment,8441.6,k persons,IND 2025-Q4,"ILOSTAT EMP_TEMP_SEX_ECO (ISIC Q, IND)",measured
2026-08-31,IN,healthcare,momentum,4.0,% YoY hiring,<![CDATA[Naukri JobSpeak: White-collar hiring grows 6% in Ju,Naukri JobSpeak monthly (text-parsed from published report),measured
2026-08-31,IN,retail,employment,52830.4,k persons,IND 2025-Q4,"ILOSTAT EMP_TEMP_SEX_ECO (ISIC G, IND)",measured
2026-08-31,IN,retail,momentum,-12.0,% YoY hiring,<![CDATA[Naukri JobSpeak: White-collar hiring grows 6% in Ju,Naukri JobSpeak monthly (text-parsed from published report),measured
2026-08-31,IN,professional,employment,4358.7,k persons,IND 2025-Q4,"ILOSTAT EMP_TEMP_SEX_ECO (ISIC M, IND)",measured
2026-08-31,IN,education,employment,16320.3,k persons,IND 2025-Q4,"ILOSTAT EMP_TEMP_SEX_ECO (ISIC P, IND)",measured
2026-08-31,IN,education,momentum,-4.0,% YoY hiring,<![CDATA[Naukri JobSpeak: White-collar hiring grows 6% in Ju,Naukri JobSpeak monthly (text-parsed from published report),measured
2026-08-31,IN,government,employment,7681.3,k persons,IND 2025-Q4,"ILOSTAT EMP_TEMP_SEX_ECO (ISIC O, IND)",measured
2026-08-31,IN,power_utilities,employment,3434.4,k persons,IND 2025-Q4,"ILOSTAT EMP_TEMP_SEX_ECO (ISIC D+E, IND)",measured
2026-08-31,APAC,banking,employment,1061.3,k persons,"KOR 2026-Q2, SGP 2025","ILOSTAT EMP_TEMP_SEX_ECO (ISIC K, pooled SGP+JPN+KOR)",measured
2026-08-31,APAC,banking,vacancies,8700,vacancies (SG),2025-Q4,Singapore MOM job vacancies by industry (SG proxy market),measured
2026-08-31,APAC,insurance,employment,1061.3,k persons,"KOR 2026-Q2, SGP 2025","ILOSTAT EMP_TEMP_SEX_ECO (ISIC K, pooled SGP+JPN+KOR)",measured
2026-08-31,APAC,insurance,vacancies,1200,vacancies (SG),2025-Q4,Singapore MOM job vacancies by industry (SG proxy market),measured
2026-08-31,APAC,it_software,employment,1303.8,k persons,"KOR 2026-Q2, SGP 2025","ILOSTAT EMP_TEMP_SEX_ECO (ISIC J, pooled SGP+JPN+KOR)",measured
2026-08-31,APAC,it_software,vacancies,10500,vacancies (SG),2025-Q4,Singapore MOM job vacancies by industry (SG proxy market),measured
2026-08-31,APAC,telecom_media,employment,1303.8,k persons,"KOR 2026-Q2, SGP 2025","ILOSTAT EMP_TEMP_SEX_ECO (ISIC J, pooled SGP+JPN+KOR)",measured
2026-08-31,APAC,telecom_media,vacancies,1100,vacancies (SG),2025-Q4,Singapore MOM job vacancies by industry (SG proxy market),measured
2026-08-31,APAC,manufacturing,employment,4528.2,k persons,"KOR 2026-Q2, SGP 2025","ILOSTAT EMP_TEMP_SEX_ECO (ISIC C, pooled SGP+JPN+KOR)",measured
2026-08-31,APAC,manufacturing,vacancies,16000,vacancies (SG),2025-Q4,Singapore MOM job vacancies by industry (SG proxy market),measured
2026-08-31,APAC,healthcare,employment,3630.2,k persons,"KOR 2026-Q2, SGP 2025","ILOSTAT EMP_TEMP_SEX_ECO (ISIC Q, pooled SGP+JPN+KOR)",measured
2026-08-31,APAC,healthcare,vacancies,10300,vacancies (SG),2025-Q4,Singapore MOM job vacancies by industry (SG proxy market),measured
2026-08-31,APAC,retail,employment,3535.5,k persons,"KOR 2026-Q2, SGP 2025","ILOSTAT EMP_TEMP_SEX_ECO (ISIC G, pooled SGP+JPN+KOR)",measured
2026-08-31,APAC,retail,vacancies,4200,vacancies (SG),2025-Q4,Singapore MOM job vacancies by industry (SG proxy market),measured
2026-08-31,APAC,professional,employment,1615.0,k persons,"KOR 2026-Q2, SGP 2025","ILOSTAT EMP_TEMP_SEX_ECO (ISIC M, pooled SGP+JPN+KOR)",measured
2026-08-31,APAC,professional,vacancies,13800,vacancies (SG),2025-Q4,Singapore MOM job vacancies by industry (SG proxy market),measured
2026-08-31,APAC,education,employment,2093.2,k persons,"KOR 2026-Q2, SGP 2025","ILOSTAT EMP_TEMP_SEX_ECO (ISIC P, pooled SGP+JPN+KOR)",measured
2026-08-31,APAC,government,employment,1515.7,k persons,"KOR 2026-Q2, SGP 2025","ILOSTAT EMP_TEMP_SEX_ECO (ISIC O, pooled SGP+JPN+KOR)",measured
2026-08-31,APAC,government,vacancies,14000,vacancies (SG),2025-Q4,Singapore MOM job vacancies by industry (SG proxy market incl. education (SSIC grouping)),measured
2026-08-31,APAC,power_utilities,employment,279.1,k persons,"KOR 2026-Q2, SGP 2025","ILOSTAT EMP_TEMP_SEX_ECO (ISIC D+E, pooled SGP+JPN+KOR)",measured
2026-09-07,UK,banking,postings,86.1,index (Feb 2020=100),2026-08-28,Indeed Hiring Lab sectors (GB: Banking & Finance),measured
2026-09-07,UK,banking,employment,1112.0,k jobs,2026 Q1,"ONS JOBS02 workforce jobs (JWS7, SA)",measured
2026-09-07,UK,banking,vacancies,30.0,k vacancies,2026 JUN,"ONS VACS02 vacancies (JP9Q, SA)",measured
2026-09-07,UK,insurance,employment,1112.0,k jobs,2026 Q1,"ONS JOBS02 workforce jobs (JWS7, SA)",measured
2026-09-07,UK,insurance,vacancies,30.0,k vacancies,2026 JUN,"ONS VACS02 vacancies (JP9Q, SA)",measured
2026-09-07,UK,it_software,postings,54.6,index (Feb 2020=100),2026-08-28,"Indeed Hiring Lab sectors (GB: Software Development, IT Infrastructure, Operations & Support…)",measured
2026-09-07,UK,it_software,employment,1577.0,k jobs,2026 Q1,"ONS JOBS02 workforce jobs (JWS6, SA)",measured
2026-09-07,UK,it_software,vacancies,39.0,k vacancies,2026 JUN,"ONS VACS02 vacancies (JP9P, SA)",measured
2026-09-07,UK,telecom_media,postings,46.3,index (Feb 2020=100),2026-08-28,Indeed Hiring Lab sectors (GB: Media & Communications),measured
2026-09-07,UK,telecom_media,employment,1577.0,k jobs,2026 Q1,"ONS JOBS02 workforce jobs (JWS6, SA)",measured
2026-09-07,UK,telecom_media,vacancies,39.0,k vacancies,2026 JUN,"ONS VACS02 vacancies (JP9P, SA)",measured
2026-09-07,UK,manufacturing,postings,100.0,index (Feb 2020=100),2026-08-28,"Indeed Hiring Lab sectors (GB: Production & Manufacturing, Industrial Engineering)",measured
2026-09-07,UK,manufacturing,employment,2482.0,k jobs,2026 Q1,"ONS JOBS02 workforce jobs (JWR7, SA)",measured
2026-09-07,UK,manufacturing,vacancies,47.0,k vacancies,2026 JUN,"ONS VACS02 vacancies (JP9I, SA)",measured
2026-09-07,UK,healthcare,postings,54.4,index (Feb 2020=100),2026-08-28,"Indeed Hiring Lab sectors (GB: Nursing, Physicians & Surgeons…)",measured
2026-09-07,UK,healthcare,employment,5090.0,k jobs,2026 Q1,"ONS JOBS02 workforce jobs (JWT5, SA)",measured
2026-09-07,UK,healthcare,vacancies,120.0,k vacancies,2026 JUN,"ONS VACS02 vacancies (JP9W, SA)",measured
2026-09-07,UK,retail,postings,83.3,index (Feb 2020=100),2026-08-28,"Indeed Hiring Lab sectors (GB: Retail, Loading & Stocking)",measured
2026-09-07,UK,retail,employment,4629.0,k jobs,2026 Q1,"ONS JOBS02 workforce jobs (JWS3, SA)",measured
2026-09-07,UK,retail,vacancies,87.0,k vacancies,2026 JUN,"ONS VACS02 vacancies (JP9M, SA)",measured
2026-09-07,UK,professional,postings,67.3,index (Feb 2020=100),2026-08-28,"Indeed Hiring Lab sectors (GB: Legal, Accounting…)",measured
2026-09-07,UK,professional,employment,3492.0,k jobs,2026 Q1,"ONS JOBS02 workforce jobs (JWS9, SA)",measured
2026-09-07,UK,professional,vacancies,70.0,k vacancies,2026 JUN,"ONS VACS02 vacancies (JP9S, SA)",measured
2026-09-07,UK,education,postings,122.5,index (Feb 2020=100),2026-08-28,Indeed Hiring Lab sectors (GB: Education & Instruction),measured
2026-09-07,UK,education,vacancies,45.0,k vacancies,2026 JUN,"ONS VACS02 vacancies (JP9V, SA)",measured
2026-09-07,UK,government,postings,87.6,index (Feb 2020=100),2026-08-28,"Indeed Hiring Lab sectors (GB: Community & Social Service, Security & Public Safety)",measured
2026-09-07,UK,government,vacancies,30.0,k vacancies,2026 JUN,"ONS VACS02 vacancies (JP9U, SA)",measured
2026-09-07,UK,power_utilities,employment,391.0,k jobs,2026 Q1,"ONS JOBS02 workforce jobs (JWR8+JWR9, SA)",measured
2026-09-07,UK,power_utilities,vacancies,9.0,k vacancies,2026 JUN,"ONS VACS02 vacancies (JP9J+JP9K, SA)",measured
2026-09-07,AU,banking,postings,109.5,index (Feb 2020=100),2026-08-28,Indeed Hiring Lab sectors (AU: Banking & Finance),measured
2026-09-07,AU,banking,employment,531.9,k persons,2026-Q2,"ABS Labour Account (ANZSIC K, measure M12)",measured
2026-09-07,AU,banking,vacancies,8.9,k vacancies,2026-Q2,ABS Job Vacancies (ANZSIC K),measured
2026-09-07,AU,insurance,employment,531.9,k persons,2026-Q2,"ABS Labour Account (ANZSIC K, measure M12)",measured
2026-09-07,AU,insurance,vacancies,8.9,k vacancies,2026-Q2,ABS Job Vacancies (ANZSIC K),measured
2026-09-07,AU,it_software,postings,99.3,index (Feb 2020=100),2026-08-28,"Indeed Hiring Lab sectors (AU: Software Development, IT Infrastructure, Operations & Support…)",measured
2026-09-07,AU,it_software,employment,209.2,k persons,2026-Q2,"ABS Labour Account (ANZSIC J, measure M12)",measured
2026-09-07,AU,it_software,vacancies,3.6,k vacancies,2026-Q2,ABS Job Vacancies (ANZSIC J),measured
2026-09-07,AU,telecom_media,postings,75.5,index (Feb 2020=100),2026-08-28,Indeed Hiring Lab sectors (AU: Media & Communications),measured
2026-09-07,AU,telecom_media,employment,209.2,k persons,2026-Q2,"ABS Labour Account (ANZSIC J, measure M12)",measured
2026-09-07,AU,telecom_media,vacancies,3.6,k vacancies,2026-Q2,ABS Job Vacancies (ANZSIC J),measured
2026-09-07,AU,manufacturing,postings,152.8,index (Feb 2020=100),2026-08-28,"Indeed Hiring Lab sectors (AU: Production & Manufacturing, Industrial Engineering)",measured
2026-09-07,AU,manufacturing,employment,916.9,k persons,2026-Q2,"ABS Labour Account (ANZSIC C, measure M12)",measured
2026-09-07,AU,manufacturing,vacancies,21.7,k vacancies,2026-Q2,ABS Job Vacancies (ANZSIC C),measured
2026-09-07,AU,healthcare,postings,132.4,index (Feb 2020=100),2026-08-28,"Indeed Hiring Lab sectors (AU: Nursing, Physicians & Surgeons…)",measured
2026-09-07,AU,healthcare,employment,2599.1,k persons,2026-Q2,"ABS Labour Account (ANZSIC Q, measure M12)",measured
2026-09-07,AU,healthcare,vacancies,56.7,k vacancies,2026-Q2,ABS Job Vacancies (ANZSIC Q),measured
2026-09-07,AU,retail,postings,227.0,index (Feb 2020=100),2026-08-28,"Indeed Hiring Lab sectors (AU: Retail, Loading & Stocking)",measured
2026-09-07,AU,retail,employment,1535.5,k persons,2026-Q2,"ABS Labour Account (ANZSIC G, measure M12)",measured
2026-09-07,AU,retail,vacancies,26.0,k vacancies,2026-Q2,ABS Job Vacancies (ANZSIC G),measured
2026-09-07,AU,professional,postings,118.6,index (Feb 2020=100),2026-08-28,"Indeed Hiring Lab sectors (AU: Legal, Accounting…)",measured
2026-09-07,AU,professional,employment,1348.0,k persons,2026-Q2,"ABS Labour Account (ANZSIC M, measure M12)",measured
2026-09-07,AU,professional,vacancies,35.7,k vacancies,2026-Q2,ABS Job Vacancies (ANZSIC M),measured
2026-09-07,AU,education,employment,1364.6,k persons,2026-Q2,"ABS Labour Account (ANZSIC P, measure M12)",measured
2026-09-07,AU,education,vacancies,11.0,k vacancies,2026-Q2,ABS Job Vacancies (ANZSIC P),measured
2026-09-07,AU,government,postings,164.5,index (Feb 2020=100),2026-08-28,"Indeed Hiring Lab sectors (AU: Community & Social Service, Security & Public Safety)",measured
2026-09-07,AU,government,employment,901.2,k persons,2026-Q2,"ABS Labour Account (ANZSIC O, measure M12)",measured
2026-09-07,AU,government,vacancies,21.2,k vacancies,2026-Q2,ABS Job Vacancies (ANZSIC O),measured
2026-09-07,AU,power_utilities,employment,154.8,k persons,2026-Q2,"ABS Labour Account (ANZSIC D, measure M12)",measured
2026-09-07,AU,power_utilities,vacancies,3.7,k vacancies,2026-Q2,ABS Job Vacancies (ANZSIC D),measured
2026-09-07,EU,banking,postings,91.0,index (Feb 2020=100),2026-08-28,Indeed Hiring Lab sectors (DE+FR: Banking & Finance),measured
2026-09-07,EU,banking,employment,3099.6,k persons,2025-Q4,"Eurostat lfsq_egan22d (K64), EU27",measured
2026-09-07,EU,banking,vacancies,1.7,% vacancy rate,2025-Q4,"Eurostat jvs_q_nace2 JVR (NACE K, EU27)",measured
2026-09-07,EU,banking,layoffs,10328,announced job losses (12mo),2025-09 onward,"Eurofound European Restructuring Monitor, EU27, 30 announcements - ERM's Financial bucket includes insurance & real estate",measured
2026-09-07,EU,insurance,employment,1167.5,k persons,2025-Q4,"Eurostat lfsq_egan22d (K65), EU27",measured
2026-09-07,EU,insurance,vacancies,1.7,% vacancy rate,2025-Q4,"Eurostat jvs_q_nace2 JVR (NACE K, EU27)",measured
2026-09-07,EU,it_software,postings,65.2,index (Feb 2020=100),2026-08-28,"Indeed Hiring Lab sectors (DE+FR: Software Development, IT Infrastructure, Operations & Support…)",measured
2026-09-07,EU,it_software,employment,8007.3,k persons,2025-Q4,"Eurostat lfsq_egan2 (NACE J), EU27",measured
2026-09-07,EU,it_software,vacancies,2.2,% vacancy rate,2025-Q4,"Eurostat jvs_q_nace2 JVR (NACE J, EU27)",measured
2026-09-07,EU,it_software,layoffs,24245,announced job losses (12mo),2025-09 onward,"Eurofound European Restructuring Monitor, EU27, 55 announcements",measured
2026-09-07,EU,telecom_media,postings,56.4,index (Feb 2020=100),2026-08-28,Indeed Hiring Lab sectors (DE+FR: Media & Communications),measured
2026-09-07,EU,telecom_media,employment,8007.3,k persons,2025-Q4,"Eurostat lfsq_egan2 (NACE J), EU27",measured
2026-09-07,EU,telecom_media,vacancies,2.2,% vacancy rate,2025-Q4,"Eurostat jvs_q_nace2 JVR (NACE J, EU27)",measured
2026-09-07,EU,telecom_media,layoffs,4367,announced job losses (12mo),2025-09 onward,"Eurofound European Restructuring Monitor, EU27, 23 announcements",measured
2026-09-07,EU,manufacturing,postings,90.2,index (Feb 2020=100),2026-08-28,"Indeed Hiring Lab sectors (DE+FR: Production & Manufacturing, Industrial Engineering)",measured
2026-09-07,EU,manufacturing,employment,31399.8,k persons,2025-Q4,"Eurostat lfsq_egan2 (NACE C), EU27",measured
2026-09-07,EU,manufacturing,vacancies,1.5,% vacancy rate,2025-Q4,"Eurostat jvs_q_nace2 JVR (NACE C, EU27)",measured
2026-09-07,EU,manufacturing,layoffs,135933,announced job losses (12mo),2025-09 onward,"Eurofound European Restructuring Monitor, EU27, 420 announcements",measured
2026-09-07,EU,healthcare,postings,153.6,index (Feb 2020=100),2026-08-28,"Indeed Hiring Lab sectors (DE+FR: Nursing, Physicians & Surgeons…)",measured
2026-09-07,EU,healthcare,employment,24095.3,k persons,2025-Q4,"Eurostat lfsq_egan2 (NACE Q), EU27",measured
2026-09-07,EU,healthcare,layoffs,6988,announced job losses (12mo),2025-09 onward,"Eurofound European Restructuring Monitor, EU27, 26 announcements",measured
2026-09-07,EU,retail,postings,108.8,index (Feb 2020=100),2026-08-28,"Indeed Hiring Lab sectors (DE+FR: Retail, Loading & Stocking)",measured
2026-09-07,EU,retail,employment,27991.8,k persons,2025-Q4,"Eurostat lfsq_egan2 (NACE G), EU27",measured
2026-09-07,EU,retail,vacancies,1.8,% vacancy rate,2025-Q4,"Eurostat jvs_q_nace2 JVR (NACE G, EU27)",measured
2026-09-07,EU,retail,layoffs,30848,announced job losses (12mo),2025-09 onward,"Eurofound European Restructuring Monitor, EU27, 79 announcements",measured
2026-09-07,EU,professional,postings,77.3,index (Feb 2020=100),2026-08-28,"Indeed Hiring Lab sectors (DE+FR: Legal, Accounting…)",measured
2026-09-07,EU,professional,employment,12806.6,k persons,2025-Q4,"Eurostat lfsq_egan2 (NACE M), EU27",measured
2026-09-07,EU,professional,vacancies,2.4,% vacancy rate,2025-Q4,"Eurostat jvs_q_nace2 JVR (NACE M, EU27)",measured
2026-09-07,EU,professional,layoffs,5066,announced job losses (12mo),2025-09 onward,"Eurofound European Restructuring Monitor, EU27, 17 announcements",measured
2026-09-07,EU,education,postings,111.4,index (Feb 2020=100),2026-08-28,Indeed Hiring Lab sectors (DE+FR: Education & Instruction),measured
2026-09-07,EU,education,employment,15960.8,k persons,2025-Q4,"Eurostat lfsq_egan2 (NACE P), EU27",measured
2026-09-07,EU,education,layoffs,3918,announced job losses (12mo),2025-09 onward,"Eurofound European Restructuring Monitor, EU27, 5 announcements",measured
2026-09-07,EU,government,postings,140.0,index (Feb 2020=100),2026-08-28,"Indeed Hiring Lab sectors (DE+FR: Community & Social Service, Security & Public Safety)",measured
2026-09-07,EU,government,employment,14666.3,k persons,2025-Q4,"Eurostat lfsq_egan2 (NACE O), EU27",measured
2026-09-07,EU,government,layoffs,7362,announced job losses (12mo),2025-09 onward,"Eurofound European Restructuring Monitor, EU27, 20 announcements",measured
2026-09-07,EU,power_utilities,employment,3475.3,k persons,2025-Q4,"Eurostat lfsq_egan2 (NACE D+E), EU27",measured
2026-09-07,EU,power_utilities,layoffs,3747,announced job losses (12mo),2025-09 onward,"Eurofound European Restructuring Monitor, EU27, 10 announcements",measured
2026-09-07,US,banking,postings,100.2,index (Feb 2020=100),2026-08-28,Indeed Hiring Lab sectors (US: Banking & Finance),measured
2026-09-07,US,banking,employment,6651.1,k jobs,2026-08,"BLS CES (CES5552000001, SA)",measured
2026-09-07,US,banking,layoffs,25748,cuts YTD,July 2026,"Challenger, Gray & Christmas job cuts by industry (all-cause; AI-cited share tracked at the headline KPI)",measured
2026-09-07,US,it_software,postings,69.6,index (Feb 2020=100),2026-08-28,"Indeed Hiring Lab sectors (US: Software Development, IT Infrastructure, Operations & Support…)",measured
2026-09-07,US,it_software,employment,2745.0,k jobs,2026-08,"BLS CES (CES5000000001, SA)",measured
2026-09-07,US,it_software,layoffs,149023,cuts YTD,July 2026,"Challenger, Gray & Christmas job cuts by industry (all-cause; AI-cited share tracked at the headline KPI)",measured
2026-09-07,US,telecom_media,postings,72.3,index (Feb 2020=100),2026-08-28,Indeed Hiring Lab sectors (US: Media & Communications),measured
2026-09-07,US,telecom_media,employment,567.6,k jobs,2026-08,"BLS CES (CES5051700001, SA)",measured
2026-09-07,US,telecom_media,layoffs,7761,cuts YTD,July 2026,"Challenger, Gray & Christmas job cuts by industry (all-cause; AI-cited share tracked at the headline KPI)",measured
2026-09-07,US,manufacturing,postings,118.6,index (Feb 2020=100),2026-08-28,"Indeed Hiring Lab sectors (US: Production & Manufacturing, Industrial Engineering)",measured
2026-09-07,US,manufacturing,employment,12638.0,k jobs,2026-08,"BLS CES (CES3000000001, SA)",measured
2026-09-07,US,manufacturing,layoffs,68332,cuts YTD,July 2026,"Challenger, Gray & Christmas job cuts by industry (all-cause; AI-cited share tracked at the headline KPI)",measured
2026-09-07,US,healthcare,postings,123.5,index (Feb 2020=100),2026-08-28,"Indeed Hiring Lab sectors (US: Nursing, Physicians & Surgeons…)",measured
2026-09-07,US,healthcare,employment,23928.7,k jobs,2026-08,"BLS CES (CES6562000001, SA)",measured
2026-09-07,US,healthcare,layoffs,48092,cuts YTD,July 2026,"Challenger, Gray & Christmas job cuts by industry (all-cause; AI-cited share tracked at the headline KPI)",measured
2026-09-07,US,retail,postings,97.2,index (Feb 2020=100),2026-08-28,"Indeed Hiring Lab sectors (US: Retail, Loading & Stocking)",measured
2026-09-07,US,retail,employment,15488.2,k jobs,2026-08,"BLS CES (CES4200000001, SA)",measured
2026-09-07,US,retail,layoffs,12946,cuts YTD,July 2026,"Challenger, Gray & Christmas job cuts by industry (all-cause; AI-cited share tracked at the headline KPI)",measured
2026-09-07,US,professional,postings,96.4,index (Feb 2020=100),2026-08-28,"Indeed Hiring Lab sectors (US: Legal, Accounting…)",measured
2026-09-07,US,professional,employment,10842.3,k jobs,2026-08,"BLS CES (CES6054000001, SA)",measured
2026-09-07,US,professional,layoffs,23942,cuts YTD,July 2026,"Challenger, Gray & Christmas job cuts by industry (all-cause; AI-cited share tracked at the headline KPI)",measured
2026-09-07,US,education,postings,107.9,index (Feb 2020=100),2026-08-28,Indeed Hiring Lab sectors (US: Education & Instruction),measured
2026-09-07,US,education,employment,4045.4,k jobs,2026-08,"BLS CES (CES6561000001, SA)",measured
2026-09-07,US,education,layoffs,15499,cuts YTD,July 2026,"Challenger, Gray & Christmas job cuts by industry (all-cause; AI-cited share tracked at the headline KPI)",measured
2026-09-07,US,government,postings,110.1,index (Feb 2020=100),2026-08-28,"Indeed Hiring Lab sectors (US: Community & Social Service, Security & Public Safety)",measured
2026-09-07,US,government,employment,23323.0,k jobs,2026-08,"BLS CES (CES9000000001, SA)",measured
2026-09-07,US,government,layoffs,20752,cuts YTD,July 2026,"Challenger, Gray & Christmas job cuts by industry (all-cause; AI-cited share tracked at the headline KPI)",measured
2026-09-07,US,insurance,employment,2930.0,k jobs,2026-08,"BLS CES (CES5552400001, SA)",measured
2026-09-07,US,insurance,layoffs,6908,cuts YTD,July 2026,"Challenger, Gray & Christmas job cuts by industry (all-cause; AI-cited share tracked at the headline KPI)",measured
2026-09-07,US,power_utilities,layoffs,2978,cuts YTD,July 2026,"Challenger, Gray & Christmas job cuts by industry (all-cause; AI-cited share tracked at the headline KPI)",measured
2026-09-07,US,power_utilities,employment,611.7,k jobs,2026-08,"BLS CES (CES4422000001, SA)",measured
2026-09-07,IN,banking,employment,6085.2,k persons,IND 2025-Q4,"ILOSTAT EMP_TEMP_SEX_ECO (ISIC K, IND)",measured
2026-09-07,IN,banking,momentum,-12.0,% YoY hiring,<![CDATA[Naukri JobSpeak: White-collar hiring grows 6% in Ju,Naukri JobSpeak monthly (text-parsed from published report),measured
2026-09-07,IN,insurance,employment,6085.2,k persons,IND 2025-Q4,"ILOSTAT EMP_TEMP_SEX_ECO (ISIC K, IND)",measured
2026-09-07,IN,insurance,momentum,16.0,% YoY hiring,<![CDATA[Naukri JobSpeak: White-collar hiring grows 6% in Ju,Naukri JobSpeak monthly (text-parsed from published report),measured
2026-09-07,IN,it_software,employment,6854.2,k persons,IND 2025-Q4,"ILOSTAT EMP_TEMP_SEX_ECO (ISIC J, IND)",measured
2026-09-07,IN,it_software,momentum,18.0,% YoY hiring,<![CDATA[Naukri JobSpeak: White-collar hiring grows 6% in Ju,Naukri JobSpeak monthly (text-parsed from published report),measured
2026-09-07,IN,telecom_media,employment,6854.2,k persons,IND 2025-Q4,"ILOSTAT EMP_TEMP_SEX_ECO (ISIC J, IND)",measured
2026-09-07,IN,telecom_media,momentum,6.0,% YoY hiring,<![CDATA[Naukri JobSpeak: White-collar hiring grows 6% in Ju,Naukri JobSpeak monthly (text-parsed from published report),measured
2026-09-07,IN,manufacturing,employment,60142.5,k persons,IND 2025-Q4,"ILOSTAT EMP_TEMP_SEX_ECO (ISIC C, IND)",measured
2026-09-07,IN,manufacturing,momentum,14.0,% YoY hiring,<![CDATA[Naukri JobSpeak: White-collar hiring grows 6% in Ju,Naukri JobSpeak monthly (text-parsed from published report),measured
2026-09-07,IN,healthcare,employment,8441.6,k persons,IND 2025-Q4,"ILOSTAT EMP_TEMP_SEX_ECO (ISIC Q, IND)",measured
2026-09-07,IN,healthcare,momentum,4.0,% YoY hiring,<![CDATA[Naukri JobSpeak: White-collar hiring grows 6% in Ju,Naukri JobSpeak monthly (text-parsed from published report),measured
2026-09-07,IN,retail,employment,52830.4,k persons,IND 2025-Q4,"ILOSTAT EMP_TEMP_SEX_ECO (ISIC G, IND)",measured
2026-09-07,IN,retail,momentum,-12.0,% YoY hiring,<![CDATA[Naukri JobSpeak: White-collar hiring grows 6% in Ju,Naukri JobSpeak monthly (text-parsed from published report),measured
2026-09-07,IN,professional,employment,4358.7,k persons,IND 2025-Q4,"ILOSTAT EMP_TEMP_SEX_ECO (ISIC M, IND)",measured
2026-09-07,IN,education,employment,16320.3,k persons,IND 2025-Q4,"ILOSTAT EMP_TEMP_SEX_ECO (ISIC P, IND)",measured
2026-09-07,IN,education,momentum,-4.0,% YoY hiring,<![CDATA[Naukri JobSpeak: White-collar hiring grows 6% in Ju,Naukri JobSpeak monthly (text-parsed from published report),measured
2026-09-07,IN,government,employment,7681.3,k persons,IND 2025-Q4,"ILOSTAT EMP_TEMP_SEX_ECO (ISIC O, IND)",measured
2026-09-07,IN,power_utilities,employment,3434.4,k persons,IND 2025-Q4,"ILOSTAT EMP_TEMP_SEX_ECO (ISIC D+E, IND)",measured
2026-09-07,APAC,banking,employment,1061.3,k persons,"KOR 2026-Q2, SGP 2025","ILOSTAT EMP_TEMP_SEX_ECO (ISIC K, pooled SGP+JPN+KOR)",measured
2026-09-07,APAC,banking,vacancies,8700,vacancies (SG),2025-Q4,Singapore MOM job vacancies by industry (SG proxy market),measured
2026-09-07,APAC,insurance,employment,1061.3,k persons,"KOR 2026-Q2, SGP 2025","ILOSTAT EMP_TEMP_SEX_ECO (ISIC K, pooled SGP+JPN+KOR)",measured
2026-09-07,APAC,insurance,vacancies,1200,vacancies (SG),2025-Q4,Singapore MOM job vacancies by industry (SG proxy market),measured
2026-09-07,APAC,it_software,employment,1303.8,k persons,"KOR 2026-Q2, SGP 2025","ILOSTAT EMP_TEMP_SEX_ECO (ISIC J, pooled SGP+JPN+KOR)",measured
2026-09-07,APAC,it_software,vacancies,10500,vacancies (SG),2025-Q4,Singapore MOM job vacancies by industry (SG proxy market),measured
2026-09-07,APAC,telecom_media,employment,1303.8,k persons,"KOR 2026-Q2, SGP 2025","ILOSTAT EMP_TEMP_SEX_ECO (ISIC J, pooled SGP+JPN+KOR)",measured
2026-09-07,APAC,telecom_media,vacancies,1100,vacancies (SG),2025-Q4,Singapore MOM job vacancies by industry (SG proxy market),measured
2026-09-07,APAC,manufacturing,employment,4528.2,k persons,"KOR 2026-Q2, SGP 2025","ILOSTAT EMP_TEMP_SEX_ECO (ISIC C, pooled SGP+JPN+KOR)",measured
2026-09-07,APAC,manufacturing,vacancies,16000,vacancies (SG),2025-Q4,Singapore MOM job vacancies by industry (SG proxy market),measured
2026-09-07,APAC,healthcare,employment,3630.2,k persons,"KOR 2026-Q2, SGP 2025","ILOSTAT EMP_TEMP_SEX_ECO (ISIC Q, pooled SGP+JPN+KOR)",measured
2026-09-07,APAC,healthcare,vacancies,10300,vacancies (SG),2025-Q4,Singapore MOM job vacancies by industry (SG proxy market),measured
2026-09-07,APAC,retail,employment,3535.5,k persons,"KOR 2026-Q2, SGP 2025","ILOSTAT EMP_TEMP_SEX_ECO (ISIC G, pooled SGP+JPN+KOR)",measured
2026-09-07,APAC,retail,vacancies,4200,vacancies (SG),2025-Q4,Singapore MOM job vacancies by industry (SG proxy market),measured
2026-09-07,APAC,professional,employment,1615.0,k persons,"KOR 2026-Q2, SGP 2025","ILOSTAT EMP_TEMP_SEX_ECO (ISIC M, pooled SGP+JPN+KOR)",measured
2026-09-07,APAC,professional,vacancies,13800,vacancies (SG),2025-Q4,Singapore MOM job vacancies by industry (SG proxy market),measured
2026-09-07,APAC,education,employment,2093.2,k persons,"KOR 2026-Q2, SGP 2025","ILOSTAT EMP_TEMP_SEX_ECO (ISIC P, pooled SGP+JPN+KOR)",measured
2026-09-07,APAC,government,employment,1515.7,k persons,"KOR 2026-Q2, SGP 2025","ILOSTAT EMP_TEMP_SEX_ECO (ISIC O, pooled SGP+JPN+KOR)",measured
2026-09-07,APAC,government,vacancies,14000,vacancies (SG),2025-Q4,Singapore MOM job vacancies by industry (SG proxy market incl. education (SSIC grouping)),measured
2026-09-07,APAC,power_utilities,employment,279.1,k persons,"KOR 2026-Q2, SGP 2025","ILOSTAT EMP_TEMP_SEX_ECO (ISIC D+E, pooled SGP+JPN+KOR)",measured
2026-09-14,UK,banking,postings,86.5,index (Feb 2020=100),2026-09-04,Indeed Hiring Lab sectors (GB: Banking & Finance),measured
2026-09-14,UK,banking,employment,1112.0,k jobs,2026 Q1,"ONS JOBS02 workforce jobs (JWS7, SA)",measured
2026-09-14,UK,banking,vacancies,30.0,k vacancies,2026 JUN,"ONS VACS02 vacancies (JP9Q, SA)",measured
2026-09-14,UK,insurance,employment,1112.0,k jobs,2026 Q1,"ONS JOBS02 workforce jobs (JWS7, SA)",measured
2026-09-14,UK,insurance,vacancies,30.0,k vacancies,2026 JUN,"ONS VACS02 vacancies (JP9Q, SA)",measured
2026-09-14,UK,it_software,postings,55.2,index (Feb 2020=100),2026-09-04,"Indeed Hiring Lab sectors (GB: Software Development, IT Infrastructure, Operations & Support…)",measured
2026-09-14,UK,it_software,employment,1577.0,k jobs,2026 Q1,"ONS JOBS02 workforce jobs (JWS6, SA)",measured
2026-09-14,UK,it_software,vacancies,39.0,k vacancies,2026 JUN,"ONS VACS02 vacancies (JP9P, SA)",measured
2026-09-14,UK,telecom_media,postings,47.4,index (Feb 2020=100),2026-09-04,Indeed Hiring Lab sectors (GB: Media & Communications),measured
2026-09-14,UK,telecom_media,employment,1577.0,k jobs,2026 Q1,"ONS JOBS02 workforce jobs (JWS6, SA)",measured
2026-09-14,UK,telecom_media,vacancies,39.0,k vacancies,2026 JUN,"ONS VACS02 vacancies (JP9P, SA)",measured
2026-09-14,UK,manufacturing,postings,100.3,index (Feb 2020=100),2026-09-04,"Indeed Hiring Lab sectors (GB: Production & Manufacturing, Industrial Engineering)",measured
2026-09-14,UK,manufacturing,employment,2482.0,k jobs,2026 Q1,"ONS JOBS02 workforce jobs (JWR7, SA)",measured
2026-09-14,UK,manufacturing,vacancies,47.0,k vacancies,2026 JUN,"ONS VACS02 vacancies (JP9I, SA)",measured
2026-09-14,UK,healthcare,postings,53.4,index (Feb 2020=100),2026-09-04,"Indeed Hiring Lab sectors (GB: Nursing, Physicians & Surgeons…)",measured
2026-09-14,UK,healthcare,employment,5090.0,k jobs,2026 Q1,"ONS JOBS02 workforce jobs (JWT5, SA)",measured
2026-09-14,UK,healthcare,vacancies,120.0,k vacancies,2026 JUN,"ONS VACS02 vacancies (JP9W, SA)",measured
2026-09-14,UK,retail,postings,81.5,index (Feb 2020=100),2026-09-04,"Indeed Hiring Lab sectors (GB: Retail, Loading & Stocking)",measured
2026-09-14,UK,retail,employment,4629.0,k jobs,2026 Q1,"ONS JOBS02 workforce jobs (JWS3, SA)",measured
2026-09-14,UK,retail,vacancies,87.0,k vacancies,2026 JUN,"ONS VACS02 vacancies (JP9M, SA)",measured
2026-09-14,UK,professional,postings,68.1,index (Feb 2020=100),2026-09-04,"Indeed Hiring Lab sectors (GB: Legal, Accounting…)",measured
2026-09-14,UK,professional,employment,3492.0,k jobs,2026 Q1,"ONS JOBS02 workforce jobs (JWS9, SA)",measured
2026-09-14,UK,professional,vacancies,70.0,k vacancies,2026 JUN,"ONS VACS02 vacancies (JP9S, SA)",measured
2026-09-14,UK,education,postings,124.7,index (Feb 2020=100),2026-09-04,Indeed Hiring Lab sectors (GB: Education & Instruction),measured
2026-09-14,UK,education,vacancies,45.0,k vacancies,2026 JUN,"ONS VACS02 vacancies (JP9V, SA)",measured
2026-09-14,UK,government,postings,87.3,index (Feb 2020=100),2026-09-04,"Indeed Hiring Lab sectors (GB: Community & Social Service, Security & Public Safety)",measured
2026-09-14,UK,government,vacancies,30.0,k vacancies,2026 JUN,"ONS VACS02 vacancies (JP9U, SA)",measured
2026-09-14,UK,power_utilities,employment,391.0,k jobs,2026 Q1,"ONS JOBS02 workforce jobs (JWR8+JWR9, SA)",measured
2026-09-14,UK,power_utilities,vacancies,9.0,k vacancies,2026 JUN,"ONS VACS02 vacancies (JP9J+JP9K, SA)",measured
2026-09-14,AU,banking,postings,108.2,index (Feb 2020=100),2026-09-04,Indeed Hiring Lab sectors (AU: Banking & Finance),measured
2026-09-14,AU,banking,employment,531.9,k persons,2026-Q2,"ABS Labour Account (ANZSIC K, measure M12)",measured
2026-09-14,AU,banking,vacancies,8.9,k vacancies,2026-Q2,ABS Job Vacancies (ANZSIC K),measured
2026-09-14,AU,insurance,employment,531.9,k persons,2026-Q2,"ABS Labour Account (ANZSIC K, measure M12)",measured
2026-09-14,AU,insurance,vacancies,8.9,k vacancies,2026-Q2,ABS Job Vacancies (ANZSIC K),measured
2026-09-14,AU,it_software,postings,98.1,index (Feb 2020=100),2026-09-04,"Indeed Hiring Lab sectors (AU: Software Development, IT Infrastructure, Operations & Support…)",measured
2026-09-14,AU,it_software,employment,209.2,k persons,2026-Q2,"ABS Labour Account (ANZSIC J, measure M12)",measured
2026-09-14,AU,it_software,vacancies,3.6,k vacancies,2026-Q2,ABS Job Vacancies (ANZSIC J),measured
2026-09-14,AU,telecom_media,postings,77.0,index (Feb 2020=100),2026-09-04,Indeed Hiring Lab sectors (AU: Media & Communications),measured
2026-09-14,AU,telecom_media,employment,209.2,k persons,2026-Q2,"ABS Labour Account (ANZSIC J, measure M12)",measured
2026-09-14,AU,telecom_media,vacancies,3.6,k vacancies,2026-Q2,ABS Job Vacancies (ANZSIC J),measured
2026-09-14,AU,manufacturing,postings,155.0,index (Feb 2020=100),2026-09-04,"Indeed Hiring Lab sectors (AU: Production & Manufacturing, Industrial Engineering)",measured
2026-09-14,AU,manufacturing,employment,916.9,k persons,2026-Q2,"ABS Labour Account (ANZSIC C, measure M12)",measured
2026-09-14,AU,manufacturing,vacancies,21.7,k vacancies,2026-Q2,ABS Job Vacancies (ANZSIC C),measured
2026-09-14,AU,healthcare,postings,130.4,index (Feb 2020=100),2026-09-04,"Indeed Hiring Lab sectors (AU: Nursing, Physicians & Surgeons…)",measured
2026-09-14,AU,healthcare,employment,2599.1,k persons,2026-Q2,"ABS Labour Account (ANZSIC Q, measure M12)",measured
2026-09-14,AU,healthcare,vacancies,56.7,k vacancies,2026-Q2,ABS Job Vacancies (ANZSIC Q),measured
2026-09-14,AU,retail,postings,230.2,index (Feb 2020=100),2026-09-04,"Indeed Hiring Lab sectors (AU: Retail, Loading & Stocking)",measured
2026-09-14,AU,retail,employment,1535.5,k persons,2026-Q2,"ABS Labour Account (ANZSIC G, measure M12)",measured
2026-09-14,AU,retail,vacancies,26.0,k vacancies,2026-Q2,ABS Job Vacancies (ANZSIC G),measured
2026-09-14,AU,professional,postings,118.5,index (Feb 2020=100),2026-09-04,"Indeed Hiring Lab sectors (AU: Legal, Accounting…)",measured
2026-09-14,AU,professional,employment,1348.0,k persons,2026-Q2,"ABS Labour Account (ANZSIC M, measure M12)",measured
2026-09-14,AU,professional,vacancies,35.7,k vacancies,2026-Q2,ABS Job Vacancies (ANZSIC M),measured
2026-09-14,AU,education,employment,1364.6,k persons,2026-Q2,"ABS Labour Account (ANZSIC P, measure M12)",measured
2026-09-14,AU,education,vacancies,11.0,k vacancies,2026-Q2,ABS Job Vacancies (ANZSIC P),measured
2026-09-14,AU,government,postings,161.2,index (Feb 2020=100),2026-09-04,"Indeed Hiring Lab sectors (AU: Community & Social Service, Security & Public Safety)",measured
2026-09-14,AU,government,employment,901.2,k persons,2026-Q2,"ABS Labour Account (ANZSIC O, measure M12)",measured
2026-09-14,AU,government,vacancies,21.2,k vacancies,2026-Q2,ABS Job Vacancies (ANZSIC O),measured
2026-09-14,AU,power_utilities,employment,154.8,k persons,2026-Q2,"ABS Labour Account (ANZSIC D, measure M12)",measured
2026-09-14,AU,power_utilities,vacancies,3.7,k vacancies,2026-Q2,ABS Job Vacancies (ANZSIC D),measured
2026-09-14,EU,banking,postings,92.7,index (Feb 2020=100),2026-09-04,Indeed Hiring Lab sectors (DE+FR: Banking & Finance),measured
2026-09-14,EU,banking,employment,3099.8,k persons,2025-Q4,"Eurostat lfsq_egan22d (K64), EU27",measured
2026-09-14,EU,banking,vacancies,1.7,% vacancy rate,2025-Q4,"Eurostat jvs_q_nace2 JVR (NACE K, EU27)",measured
2026-09-14,EU,banking,layoffs,10328,announced job losses (12mo),2025-09 onward,"Eurofound European Restructuring Monitor, EU27, 30 announcements - ERM's Financial bucket includes insurance & real estate",measured
2026-09-14,EU,insurance,employment,1167.5,k persons,2025-Q4,"Eurostat lfsq_egan22d (K65), EU27",measured
2026-09-14,EU,insurance,vacancies,1.7,% vacancy rate,2025-Q4,"Eurostat jvs_q_nace2 JVR (NACE K, EU27)",measured
2026-09-14,EU,it_software,postings,65.6,index (Feb 2020=100),2026-09-04,"Indeed Hiring Lab sectors (DE+FR: Software Development, IT Infrastructure, Operations & Support…)",measured
2026-09-14,EU,it_software,employment,8007.4,k persons,2025-Q4,"Eurostat lfsq_egan2 (NACE J), EU27",measured
2026-09-14,EU,it_software,vacancies,2.2,% vacancy rate,2025-Q4,"Eurostat jvs_q_nace2 JVR (NACE J, EU27)",measured
2026-09-14,EU,it_software,layoffs,24245,announced job losses (12mo),2025-09 onward,"Eurofound European Restructuring Monitor, EU27, 55 announcements",measured
2026-09-14,EU,telecom_media,postings,56.7,index (Feb 2020=100),2026-09-04,Indeed Hiring Lab sectors (DE+FR: Media & Communications),measured
2026-09-14,EU,telecom_media,employment,8007.4,k persons,2025-Q4,"Eurostat lfsq_egan2 (NACE J), EU27",measured
2026-09-14,EU,telecom_media,vacancies,2.2,% vacancy rate,2025-Q4,"Eurostat jvs_q_nace2 JVR (NACE J, EU27)",measured
2026-09-14,EU,telecom_media,layoffs,4524,announced job losses (12mo),2025-09 onward,"Eurofound European Restructuring Monitor, EU27, 24 announcements",measured
2026-09-14,EU,manufacturing,postings,90.6,index (Feb 2020=100),2026-09-04,"Indeed Hiring Lab sectors (DE+FR: Production & Manufacturing, Industrial Engineering)",measured
2026-09-14,EU,manufacturing,employment,31400.2,k persons,2025-Q4,"Eurostat lfsq_egan2 (NACE C), EU27",measured
2026-09-14,EU,manufacturing,vacancies,1.5,% vacancy rate,2025-Q4,"Eurostat jvs_q_nace2 JVR (NACE C, EU27)",measured
2026-09-14,EU,manufacturing,layoffs,163631,announced job losses (12mo),2025-09 onward,"Eurofound European Restructuring Monitor, EU27, 435 announcements",measured
2026-09-14,EU,healthcare,postings,151.0,index (Feb 2020=100),2026-09-04,"Indeed Hiring Lab sectors (DE+FR: Nursing, Physicians & Surgeons…)",measured
2026-09-14,EU,healthcare,employment,24096.0,k persons,2025-Q4,"Eurostat lfsq_egan2 (NACE Q), EU27",measured
2026-09-14,EU,healthcare,layoffs,6988,announced job losses (12mo),2025-09 onward,"Eurofound European Restructuring Monitor, EU27, 26 announcements",measured
2026-09-14,EU,retail,postings,108.8,index (Feb 2020=100),2026-09-04,"Indeed Hiring Lab sectors (DE+FR: Retail, Loading & Stocking)",measured
2026-09-14,EU,retail,employment,27992.7,k persons,2025-Q4,"Eurostat lfsq_egan2 (NACE G), EU27",measured
2026-09-14,EU,retail,vacancies,1.8,% vacancy rate,2025-Q4,"Eurostat jvs_q_nace2 JVR (NACE G, EU27)",measured
2026-09-14,EU,retail,layoffs,31348,announced job losses (12mo),2025-09 onward,"Eurofound European Restructuring Monitor, EU27, 80 announcements",measured
2026-09-14,EU,professional,postings,77.5,index (Feb 2020=100),2026-09-04,"Indeed Hiring Lab sectors (DE+FR: Legal, Accounting…)",measured
2026-09-14,EU,professional,employment,12808.2,k persons,2025-Q4,"Eurostat lfsq_egan2 (NACE M), EU27",measured
2026-09-14,EU,professional,vacancies,2.4,% vacancy rate,2025-Q4,"Eurostat jvs_q_nace2 JVR (NACE M, EU27)",measured
2026-09-14,EU,professional,layoffs,5066,announced job losses (12mo),2025-09 onward,"Eurofound European Restructuring Monitor, EU27, 17 announcements",measured
2026-09-14,EU,education,postings,111.9,index (Feb 2020=100),2026-09-04,Indeed Hiring Lab sectors (DE+FR: Education & Instruction),measured
2026-09-14,EU,education,employment,15961.0,k persons,2025-Q4,"Eurostat lfsq_egan2 (NACE P), EU27",measured
2026-09-14,EU,education,layoffs,3918,announced job losses (12mo),2025-09 onward,"Eurofound European Restructuring Monitor, EU27, 5 announcements",measured
2026-09-14,EU,government,postings,139.8,index (Feb 2020=100),2026-09-04,"Indeed Hiring Lab sectors (DE+FR: Community & Social Service, Security & Public Safety)",measured
2026-09-14,EU,government,employment,14667.1,k persons,2025-Q4,"Eurostat lfsq_egan2 (NACE O), EU27",measured
2026-09-14,EU,government,layoffs,7362,announced job losses (12mo),2025-09 onward,"Eurofound European Restructuring Monitor, EU27, 20 announcements",measured
2026-09-14,EU,power_utilities,employment,3475.5,k persons,2025-Q4,"Eurostat lfsq_egan2 (NACE D+E), EU27",measured
2026-09-14,EU,power_utilities,layoffs,4373,announced job losses (12mo),2025-09 onward,"Eurofound European Restructuring Monitor, EU27, 11 announcements",measured
2026-09-14,US,banking,postings,101.6,index (Feb 2020=100),2026-09-04,Indeed Hiring Lab sectors (US: Banking & Finance),measured
2026-09-14,US,banking,employment,6651.1,k jobs,2026-08,"BLS CES (CES5552000001, SA)",measured
2026-09-14,US,it_software,postings,70.5,index (Feb 2020=100),2026-09-04,"Indeed Hiring Lab sectors (US: Software Development, IT Infrastructure, Operations & Support…)",measured
2026-09-14,US,it_software,employment,2745.0,k jobs,2026-08,"BLS CES (CES5000000001, SA)",measured
2026-09-14,US,telecom_media,postings,70.6,index (Feb 2020=100),2026-09-04,Indeed Hiring Lab sectors (US: Media & Communications),measured
2026-09-14,US,telecom_media,employment,567.6,k jobs,2026-08,"BLS CES (CES5051700001, SA)",measured
2026-09-14,US,manufacturing,postings,120.0,index (Feb 2020=100),2026-09-04,"Indeed Hiring Lab sectors (US: Production & Manufacturing, Industrial Engineering)",measured
2026-09-14,US,manufacturing,employment,12638.0,k jobs,2026-08,"BLS CES (CES3000000001, SA)",measured
2026-09-14,US,healthcare,postings,124.4,index (Feb 2020=100),2026-09-04,"Indeed Hiring Lab sectors (US: Nursing, Physicians & Surgeons…)",measured
2026-09-14,US,healthcare,employment,23928.7,k jobs,2026-08,"BLS CES (CES6562000001, SA)",measured
2026-09-14,US,retail,postings,97.2,index (Feb 2020=100),2026-09-04,"Indeed Hiring Lab sectors (US: Retail, Loading & Stocking)",measured
2026-09-14,US,retail,employment,15488.2,k jobs,2026-08,"BLS CES (CES4200000001, SA)",measured
2026-09-14,US,professional,postings,97.2,index (Feb 2020=100),2026-09-04,"Indeed Hiring Lab sectors (US: Legal, Accounting…)",measured
2026-09-14,US,professional,employment,10842.3,k jobs,2026-08,"BLS CES (CES6054000001, SA)",measured
2026-09-14,US,education,postings,107.0,index (Feb 2020=100),2026-09-04,Indeed Hiring Lab sectors (US: Education & Instruction),measured
2026-09-14,US,education,employment,4045.4,k jobs,2026-08,"BLS CES (CES6561000001, SA)",measured
2026-09-14,US,government,postings,108.9,index (Feb 2020=100),2026-09-04,"Indeed Hiring Lab sectors (US: Community & Social Service, Security & Public Safety)",measured
2026-09-14,US,government,employment,23323.0,k jobs,2026-08,"BLS CES (CES9000000001, SA)",measured
2026-09-14,US,insurance,employment,2930.0,k jobs,2026-08,"BLS CES (CES5552400001, SA)",measured
2026-09-14,US,power_utilities,employment,611.7,k jobs,2026-08,"BLS CES (CES4422000001, SA)",measured
2026-09-14,IN,banking,employment,6085.2,k persons,IND 2025-Q4,"ILOSTAT EMP_TEMP_SEX_ECO (ISIC K, IND)",measured
2026-09-14,IN,banking,momentum,10.0,% YoY hiring,<![CDATA[Naukri JobSpeak: White-collar hiring grows 14% in A,Naukri JobSpeak monthly (text-parsed from published report),measured
2026-09-14,IN,insurance,employment,6085.2,k persons,IND 2025-Q4,"ILOSTAT EMP_TEMP_SEX_ECO (ISIC K, IND)",measured
2026-09-14,IN,insurance,momentum,12.0,% YoY hiring,<![CDATA[Naukri JobSpeak: White-collar hiring grows 14% in A,Naukri JobSpeak monthly (text-parsed from published report),measured
2026-09-14,IN,it_software,employment,6854.2,k persons,IND 2025-Q4,"ILOSTAT EMP_TEMP_SEX_ECO (ISIC J, IND)",measured
2026-09-14,IN,it_software,momentum,11.0,% YoY hiring,<![CDATA[Naukri JobSpeak: White-collar hiring grows 14% in A,Naukri JobSpeak monthly (text-parsed from published report),measured
2026-09-14,IN,telecom_media,employment,6854.2,k persons,IND 2025-Q4,"ILOSTAT EMP_TEMP_SEX_ECO (ISIC J, IND)",measured
2026-09-14,IN,manufacturing,employment,60142.5,k persons,IND 2025-Q4,"ILOSTAT EMP_TEMP_SEX_ECO (ISIC C, IND)",measured
2026-09-14,IN,healthcare,employment,8441.6,k persons,IND 2025-Q4,"ILOSTAT EMP_TEMP_SEX_ECO (ISIC Q, IND)",measured
2026-09-14,IN,healthcare,momentum,16.0,% YoY hiring,<![CDATA[Naukri JobSpeak: White-collar hiring grows 14% in A,Naukri JobSpeak monthly (text-parsed from published report),measured
2026-09-14,IN,retail,employment,52830.4,k persons,IND 2025-Q4,"ILOSTAT EMP_TEMP_SEX_ECO (ISIC G, IND)",measured
2026-09-14,IN,retail,momentum,15.0,% YoY hiring,<![CDATA[Naukri JobSpeak: White-collar hiring grows 14% in A,Naukri JobSpeak monthly (text-parsed from published report),measured
2026-09-14,IN,professional,employment,4358.7,k persons,IND 2025-Q4,"ILOSTAT EMP_TEMP_SEX_ECO (ISIC M, IND)",measured
2026-09-14,IN,education,employment,16320.3,k persons,IND 2025-Q4,"ILOSTAT EMP_TEMP_SEX_ECO (ISIC P, IND)",measured
2026-09-14,IN,education,momentum,-8.0,% YoY hiring,<![CDATA[Naukri JobSpeak: White-collar hiring grows 14% in A,Naukri JobSpeak monthly (text-parsed from published report),measured
2026-09-14,IN,government,employment,7681.3,k persons,IND 2025-Q4,"ILOSTAT EMP_TEMP_SEX_ECO (ISIC O, IND)",measured
2026-09-14,IN,power_utilities,employment,3434.4,k persons,IND 2025-Q4,"ILOSTAT EMP_TEMP_SEX_ECO (ISIC D+E, IND)",measured
2026-09-14,APAC,banking,employment,1061.3,k persons,"KOR 2026-Q2, SGP 2025","ILOSTAT EMP_TEMP_SEX_ECO (ISIC K, pooled SGP+JPN+KOR)",measured
2026-09-14,APAC,banking,vacancies,8700,vacancies (SG),2025-Q4,Singapore MOM job vacancies by industry (SG proxy market),measured
2026-09-14,APAC,insurance,employment,1061.3,k persons,"KOR 2026-Q2, SGP 2025","ILOSTAT EMP_TEMP_SEX_ECO (ISIC K, pooled SGP+JPN+KOR)",measured
2026-09-14,APAC,insurance,vacancies,1200,vacancies (SG),2025-Q4,Singapore MOM job vacancies by industry (SG proxy market),measured
2026-09-14,APAC,it_software,employment,1303.8,k persons,"KOR 2026-Q2, SGP 2025","ILOSTAT EMP_TEMP_SEX_ECO (ISIC J, pooled SGP+JPN+KOR)",measured
2026-09-14,APAC,it_software,vacancies,10500,vacancies (SG),2025-Q4,Singapore MOM job vacancies by industry (SG proxy market),measured
2026-09-14,APAC,telecom_media,employment,1303.8,k persons,"KOR 2026-Q2, SGP 2025","ILOSTAT EMP_TEMP_SEX_ECO (ISIC J, pooled SGP+JPN+KOR)",measured
2026-09-14,APAC,telecom_media,vacancies,1100,vacancies (SG),2025-Q4,Singapore MOM job vacancies by industry (SG proxy market),measured
2026-09-14,APAC,manufacturing,employment,4528.2,k persons,"KOR 2026-Q2, SGP 2025","ILOSTAT EMP_TEMP_SEX_ECO (ISIC C, pooled SGP+JPN+KOR)",measured
2026-09-14,APAC,manufacturing,vacancies,16000,vacancies (SG),2025-Q4,Singapore MOM job vacancies by industry (SG proxy market),measured
2026-09-14,APAC,healthcare,employment,3630.2,k persons,"KOR 2026-Q2, SGP 2025","ILOSTAT EMP_TEMP_SEX_ECO (ISIC Q, pooled SGP+JPN+KOR)",measured
2026-09-14,APAC,healthcare,vacancies,10300,vacancies (SG),2025-Q4,Singapore MOM job vacancies by industry (SG proxy market),measured
2026-09-14,APAC,retail,employment,3535.5,k persons,"KOR 2026-Q2, SGP 2025","ILOSTAT EMP_TEMP_SEX_ECO (ISIC G, pooled SGP+JPN+KOR)",measured
2026-09-14,APAC,retail,vacancies,4200,vacancies (SG),2025-Q4,Singapore MOM job vacancies by industry (SG proxy market),measured
2026-09-14,APAC,professional,employment,1615.0,k persons,"KOR 2026-Q2, SGP 2025","ILOSTAT EMP_TEMP_SEX_ECO (ISIC M, pooled SGP+JPN+KOR)",measured
2026-09-14,APAC,professional,vacancies,13800,vacancies (SG),2025-Q4,Singapore MOM job vacancies by industry (SG proxy market),measured
2026-09-14,APAC,education,employment,2093.2,k persons,"KOR 2026-Q2, SGP 2025","ILOSTAT EMP_TEMP_SEX_ECO (ISIC P, pooled SGP+JPN+KOR)",measured
2026-09-14,APAC,government,employment,1515.7,k persons,"KOR 2026-Q2, SGP 2025","ILOSTAT EMP_TEMP_SEX_ECO (ISIC O, pooled SGP+JPN+KOR)",measured
2026-09-14,APAC,government,vacancies,14000,vacancies (SG),2025-Q4,Singapore MOM job vacancies by industry (SG proxy market incl. education (SSIC grouping)),measured
2026-09-14,APAC,power_utilities,employment,279.1,k persons,"KOR 2026-Q2, SGP 2025","ILOSTAT EMP_TEMP_SEX_ECO (ISIC D+E, pooled SGP+JPN+KOR)",measured
2026-09-21,UK,banking,postings,85.0,index (Feb 2020=100),2026-09-11,Indeed Hiring Lab sectors (GB: Banking & Finance),measured
2026-09-21,UK,banking,employment,1124.0,k jobs,2026 Q2,"ONS JOBS02 workforce jobs (JWS7, SA)",measured
2026-09-21,UK,banking,vacancies,30.0,k vacancies,2026 JUL,"ONS VACS02 vacancies (JP9Q, SA)",measured
2026-09-21,UK,insurance,employment,1124.0,k jobs,2026 Q2,"ONS JOBS02 workforce jobs (JWS7, SA)",measured
2026-09-21,UK,insurance,vacancies,30.0,k vacancies,2026 JUL,"ONS VACS02 vacancies (JP9Q, SA)",measured
2026-09-21,UK,it_software,postings,54.9,index (Feb 2020=100),2026-09-11,"Indeed Hiring Lab sectors (GB: Software Development, IT Infrastructure, Operations & Support…)",measured
2026-09-21,UK,it_software,employment,1606.0,k jobs,2026 Q2,"ONS JOBS02 workforce jobs (JWS6, SA)",measured
2026-09-21,UK,it_software,vacancies,36.0,k vacancies,2026 JUL,"ONS VACS02 vacancies (JP9P, SA)",measured
2026-09-21,UK,telecom_media,postings,47.6,index (Feb 2020=100),2026-09-11,Indeed Hiring Lab sectors (GB: Media & Communications),measured
2026-09-21,UK,telecom_media,employment,1606.0,k jobs,2026 Q2,"ONS JOBS02 workforce jobs (JWS6, SA)",measured
2026-09-21,UK,telecom_media,vacancies,36.0,k vacancies,2026 JUL,"ONS VACS02 vacancies (JP9P, SA)",measured
2026-09-21,UK,manufacturing,postings,101.2,index (Feb 2020=100),2026-09-11,"Indeed Hiring Lab sectors (GB: Production & Manufacturing, Industrial Engineering)",measured
2026-09-21,UK,manufacturing,employment,2460.0,k jobs,2026 Q2,"ONS JOBS02 workforce jobs (JWR7, SA)",measured
2026-09-21,UK,manufacturing,vacancies,48.0,k vacancies,2026 JUL,"ONS VACS02 vacancies (JP9I, SA)",measured
2026-09-21,UK,healthcare,postings,51.8,index (Feb 2020=100),2026-09-11,"Indeed Hiring Lab sectors (GB: Nursing, Physicians & Surgeons…)",measured
2026-09-21,UK,healthcare,employment,5028.0,k jobs,2026 Q2,"ONS JOBS02 workforce jobs (JWT5, SA)",measured
2026-09-21,UK,healthcare,vacancies,121.0,k vacancies,2026 JUL,"ONS VACS02 vacancies (JP9W, SA)",measured
2026-09-21,UK,retail,postings,79.4,index (Feb 2020=100),2026-09-11,"Indeed Hiring Lab sectors (GB: Retail, Loading & Stocking)",measured
2026-09-21,UK,retail,employment,4597.0,k jobs,2026 Q2,"ONS JOBS02 workforce jobs (JWS3, SA)",measured
2026-09-21,UK,retail,vacancies,91.0,k vacancies,2026 JUL,"ONS VACS02 vacancies (JP9M, SA)",measured
2026-09-21,UK,professional,postings,67.3,index (Feb 2020=100),2026-09-11,"Indeed Hiring Lab sectors (GB: Legal, Accounting…)",measured
2026-09-21,UK,professional,employment,3504.0,k jobs,2026 Q2,"ONS JOBS02 workforce jobs (JWS9, SA)",measured
2026-09-21,UK,professional,vacancies,69.0,k vacancies,2026 JUL,"ONS VACS02 vacancies (JP9S, SA)",measured
2026-09-21,UK,education,postings,126.0,index (Feb 2020=100),2026-09-11,Indeed Hiring Lab sectors (GB: Education & Instruction),measured
2026-09-21,UK,education,vacancies,44.0,k vacancies,2026 JUL,"ONS VACS02 vacancies (JP9V, SA)",measured
2026-09-21,UK,government,postings,89.8,index (Feb 2020=100),2026-09-11,"Indeed Hiring Lab sectors (GB: Community & Social Service, Security & Public Safety)",measured
2026-09-21,UK,government,vacancies,31.0,k vacancies,2026 JUL,"ONS VACS02 vacancies (JP9U, SA)",measured
2026-09-21,UK,power_utilities,employment,394.0,k jobs,2026 Q2,"ONS JOBS02 workforce jobs (JWR8+JWR9, SA)",measured
2026-09-21,UK,power_utilities,vacancies,9.0,k vacancies,2026 JUL,"ONS VACS02 vacancies (JP9J+JP9K, SA)",measured
2026-09-21,AU,banking,postings,115.8,index (Feb 2020=100),2026-09-11,Indeed Hiring Lab sectors (AU: Banking & Finance),measured
2026-09-21,AU,banking,employment,531.9,k persons,2026-Q2,"ABS Labour Account (ANZSIC K, measure M12)",measured
2026-09-21,AU,banking,vacancies,8.9,k vacancies,2026-Q2,ABS Job Vacancies (ANZSIC K),measured
2026-09-21,AU,insurance,employment,531.9,k persons,2026-Q2,"ABS Labour Account (ANZSIC K, measure M12)",measured
2026-09-21,AU,insurance,vacancies,8.9,k vacancies,2026-Q2,ABS Job Vacancies (ANZSIC K),measured
2026-09-21,AU,it_software,postings,101.1,index (Feb 2020=100),2026-09-11,"Indeed Hiring Lab sectors (AU: Software Development, IT Infrastructure, Operations & Support…)",measured
2026-09-21,AU,it_software,employment,209.2,k persons,2026-Q2,"ABS Labour Account (ANZSIC J, measure M12)",measured
2026-09-21,AU,it_software,vacancies,3.6,k vacancies,2026-Q2,ABS Job Vacancies (ANZSIC J),measured
2026-09-21,AU,telecom_media,postings,81.8,index (Feb 2020=100),2026-09-11,Indeed Hiring Lab sectors (AU: Media & Communications),measured
2026-09-21,AU,telecom_media,employment,209.2,k persons,2026-Q2,"ABS Labour Account (ANZSIC J, measure M12)",measured
2026-09-21,AU,telecom_media,vacancies,3.6,k vacancies,2026-Q2,ABS Job Vacancies (ANZSIC J),measured
2026-09-21,AU,manufacturing,postings,159.4,index (Feb 2020=100),2026-09-11,"Indeed Hiring Lab sectors (AU: Production & Manufacturing, Industrial Engineering)",measured
2026-09-21,AU,manufacturing,employment,916.9,k persons,2026-Q2,"ABS Labour Account (ANZSIC C, measure M12)",measured
2026-09-21,AU,manufacturing,vacancies,21.7,k vacancies,2026-Q2,ABS Job Vacancies (ANZSIC C),measured
2026-09-21,AU,healthcare,postings,136.0,index (Feb 2020=100),2026-09-11,"Indeed Hiring Lab sectors (AU: Nursing, Physicians & Surgeons…)",measured
2026-09-21,AU,healthcare,employment,2599.1,k persons,2026-Q2,"ABS Labour Account (ANZSIC Q, measure M12)",measured
2026-09-21,AU,healthcare,vacancies,56.7,k vacancies,2026-Q2,ABS Job Vacancies (ANZSIC Q),measured
2026-09-21,AU,retail,postings,232.0,index (Feb 2020=100),2026-09-11,"Indeed Hiring Lab sectors (AU: Retail, Loading & Stocking)",measured
2026-09-21,AU,retail,employment,1535.5,k persons,2026-Q2,"ABS Labour Account (ANZSIC G, measure M12)",measured
2026-09-21,AU,retail,vacancies,26.0,k vacancies,2026-Q2,ABS Job Vacancies (ANZSIC G),measured
2026-09-21,AU,professional,postings,119.7,index (Feb 2020=100),2026-09-11,"Indeed Hiring Lab sectors (AU: Legal, Accounting…)",measured
2026-09-21,AU,professional,employment,1348.0,k persons,2026-Q2,"ABS Labour Account (ANZSIC M, measure M12)",measured
2026-09-21,AU,professional,vacancies,35.7,k vacancies,2026-Q2,ABS Job Vacancies (ANZSIC M),measured
2026-09-21,AU,education,employment,1364.6,k persons,2026-Q2,"ABS Labour Account (ANZSIC P, measure M12)",measured
2026-09-21,AU,education,vacancies,11.0,k vacancies,2026-Q2,ABS Job Vacancies (ANZSIC P),measured
2026-09-21,AU,government,postings,163.8,index (Feb 2020=100),2026-09-11,"Indeed Hiring Lab sectors (AU: Community & Social Service, Security & Public Safety)",measured
2026-09-21,AU,government,employment,901.2,k persons,2026-Q2,"ABS Labour Account (ANZSIC O, measure M12)",measured
2026-09-21,AU,government,vacancies,21.2,k vacancies,2026-Q2,ABS Job Vacancies (ANZSIC O),measured
2026-09-21,AU,power_utilities,employment,154.8,k persons,2026-Q2,"ABS Labour Account (ANZSIC D, measure M12)",measured
2026-09-21,AU,power_utilities,vacancies,3.7,k vacancies,2026-Q2,ABS Job Vacancies (ANZSIC D),measured
2026-09-21,EU,banking,postings,94.3,index (Feb 2020=100),2026-09-11,Indeed Hiring Lab sectors (DE+FR: Banking & Finance),measured
2026-09-21,EU,banking,employment,3099.8,k persons,2025-Q4,"Eurostat lfsq_egan22d (K64), EU27",measured
2026-09-21,EU,banking,vacancies,1.7,% vacancy rate,2025-Q4,"Eurostat jvs_q_nace2 JVR (NACE K, EU27)",measured
2026-09-21,EU,banking,layoffs,10428,announced job losses (12mo),2025-09 onward,"Eurofound European Restructuring Monitor, EU27, 31 announcements - ERM's Financial bucket includes insurance & real estate",measured
2026-09-21,EU,insurance,employment,1167.5,k persons,2025-Q4,"Eurostat lfsq_egan22d (K65), EU27",measured
2026-09-21,EU,insurance,vacancies,1.7,% vacancy rate,2025-Q4,"Eurostat jvs_q_nace2 JVR (NACE K, EU27)",measured
2026-09-21,EU,it_software,postings,65.3,index (Feb 2020=100),2026-09-11,"Indeed Hiring Lab sectors (DE+FR: Software Development, IT Infrastructure, Operations & Support…)",measured
2026-09-21,EU,it_software,employment,8007.4,k persons,2025-Q4,"Eurostat lfsq_egan2 (NACE J), EU27",measured
2026-09-21,EU,it_software,vacancies,2.2,% vacancy rate,2025-Q4,"Eurostat jvs_q_nace2 JVR (NACE J, EU27)",measured
2026-09-21,EU,it_software,layoffs,24345,announced job losses (12mo),2025-09 onward,"Eurofound European Restructuring Monitor, EU27, 56 announcements",measured
2026-09-21,EU,telecom_media,postings,57.1,index (Feb 2020=100),2026-09-11,Indeed Hiring Lab sectors (DE+FR: Media & Communications),measured
2026-09-21,EU,telecom_media,employment,8007.4,k persons,2025-Q4,"Eurostat lfsq_egan2 (NACE J), EU27",measured
2026-09-21,EU,telecom_media,vacancies,2.2,% vacancy rate,2025-Q4,"Eurostat jvs_q_nace2 JVR (NACE J, EU27)",measured
2026-09-21,EU,telecom_media,layoffs,4524,announced job losses (12mo),2025-09 onward,"Eurofound European Restructuring Monitor, EU27, 24 announcements",measured
2026-09-21,EU,manufacturing,postings,90.7,index (Feb 2020=100),2026-09-11,"Indeed Hiring Lab sectors (DE+FR: Production & Manufacturing, Industrial Engineering)",measured
2026-09-21,EU,manufacturing,employment,31400.2,k persons,2025-Q4,"Eurostat lfsq_egan2 (NACE C), EU27",measured
2026-09-21,EU,manufacturing,vacancies,1.5,% vacancy rate,2025-Q4,"Eurostat jvs_q_nace2 JVR (NACE C, EU27)",measured
2026-09-21,EU,manufacturing,layoffs,166523,announced job losses (12mo),2025-09 onward,"Eurofound European Restructuring Monitor, EU27, 446 announcements",measured
2026-09-21,EU,healthcare,postings,150.2,index (Feb 2020=100),2026-09-11,"Indeed Hiring Lab sectors (DE+FR: Nursing, Physicians & Surgeons…)",measured
2026-09-21,EU,healthcare,employment,24096.0,k persons,2025-Q4,"Eurostat lfsq_egan2 (NACE Q), EU27",measured
2026-09-21,EU,healthcare,layoffs,7169,announced job losses (12mo),2025-09 onward,"Eurofound European Restructuring Monitor, EU27, 27 announcements",measured
2026-09-21,EU,retail,postings,109.4,index (Feb 2020=100),2026-09-11,"Indeed Hiring Lab sectors (DE+FR: Retail, Loading & Stocking)",measured
2026-09-21,EU,retail,employment,27992.7,k persons,2025-Q4,"Eurostat lfsq_egan2 (NACE G), EU27",measured
2026-09-21,EU,retail,vacancies,1.8,% vacancy rate,2025-Q4,"Eurostat jvs_q_nace2 JVR (NACE G, EU27)",measured
2026-09-21,EU,retail,layoffs,31415,announced job losses (12mo),2025-09 onward,"Eurofound European Restructuring Monitor, EU27, 81 announcements",measured
2026-09-21,EU,professional,postings,78.1,index (Feb 2020=100),2026-09-11,"Indeed Hiring Lab sectors (DE+FR: Legal, Accounting…)",measured
2026-09-21,EU,professional,employment,12808.2,k persons,2025-Q4,"Eurostat lfsq_egan2 (NACE M), EU27",measured
2026-09-21,EU,professional,vacancies,2.4,% vacancy rate,2025-Q4,"Eurostat jvs_q_nace2 JVR (NACE M, EU27)",measured
2026-09-21,EU,professional,layoffs,5066,announced job losses (12mo),2025-09 onward,"Eurofound European Restructuring Monitor, EU27, 17 announcements",measured
2026-09-21,EU,education,postings,113.3,index (Feb 2020=100),2026-09-11,Indeed Hiring Lab sectors (DE+FR: Education & Instruction),measured
2026-09-21,EU,education,employment,15961.0,k persons,2025-Q4,"Eurostat lfsq_egan2 (NACE P), EU27",measured
2026-09-21,EU,education,layoffs,3918,announced job losses (12mo),2025-09 onward,"Eurofound European Restructuring Monitor, EU27, 5 announcements",measured
2026-09-21,EU,government,postings,141.6,index (Feb 2020=100),2026-09-11,"Indeed Hiring Lab sectors (DE+FR: Community & Social Service, Security & Public Safety)",measured
2026-09-21,EU,government,employment,14667.1,k persons,2025-Q4,"Eurostat lfsq_egan2 (NACE O), EU27",measured
2026-09-21,EU,government,layoffs,7664,announced job losses (12mo),2025-09 onward,"Eurofound European Restructuring Monitor, EU27, 21 announcements",measured
2026-09-21,EU,power_utilities,employment,3475.5,k persons,2025-Q4,"Eurostat lfsq_egan2 (NACE D+E), EU27",measured
2026-09-21,EU,power_utilities,layoffs,4968,announced job losses (12mo),2025-09 onward,"Eurofound European Restructuring Monitor, EU27, 12 announcements",measured
2026-09-21,US,banking,postings,105.0,index (Feb 2020=100),2026-09-11,Indeed Hiring Lab sectors (US: Banking & Finance),measured
2026-09-21,US,banking,employment,6651.1,k jobs,2026-08,"BLS CES (CES5552000001, SA)",measured
2026-09-21,US,it_software,postings,71.1,index (Feb 2020=100),2026-09-11,"Indeed Hiring Lab sectors (US: Software Development, IT Infrastructure, Operations & Support…)",measured
2026-09-21,US,it_software,employment,2745.0,k jobs,2026-08,"BLS CES (CES5000000001, SA)",measured
2026-09-21,US,telecom_media,postings,70.9,index (Feb 2020=100),2026-09-11,Indeed Hiring Lab sectors (US: Media & Communications),measured
2026-09-21,US,telecom_media,employment,567.6,k jobs,2026-08,"BLS CES (CES5051700001, SA)",measured
2026-09-21,US,manufacturing,postings,121.3,index (Feb 2020=100),2026-09-11,"Indeed Hiring Lab sectors (US: Production & Manufacturing, Industrial Engineering)",measured
2026-09-21,US,manufacturing,employment,12638.0,k jobs,2026-08,"BLS CES (CES3000000001, SA)",measured
2026-09-21,US,healthcare,postings,126.5,index (Feb 2020=100),2026-09-11,"Indeed Hiring Lab sectors (US: Nursing, Physicians & Surgeons…)",measured
2026-09-21,US,healthcare,employment,23928.7,k jobs,2026-08,"BLS CES (CES6562000001, SA)",measured
2026-09-21,US,retail,postings,97.9,index (Feb 2020=100),2026-09-11,"Indeed Hiring Lab sectors (US: Retail, Loading & Stocking)",measured
2026-09-21,US,retail,employment,15488.2,k jobs,2026-08,"BLS CES (CES4200000001, SA)",measured
2026-09-21,US,professional,postings,99.1,index (Feb 2020=100),2026-09-11,"Indeed Hiring Lab sectors (US: Legal, Accounting…)",measured
2026-09-21,US,professional,employment,10842.3,k jobs,2026-08,"BLS CES (CES6054000001, SA)",measured
2026-09-21,US,education,postings,108.0,index (Feb 2020=100),2026-09-11,Indeed Hiring Lab sectors (US: Education & Instruction),measured
2026-09-21,US,education,employment,4045.4,k jobs,2026-08,"BLS CES (CES6561000001, SA)",measured
2026-09-21,US,government,postings,110.9,index (Feb 2020=100),2026-09-11,"Indeed Hiring Lab sectors (US: Community & Social Service, Security & Public Safety)",measured
2026-09-21,US,government,employment,23323.0,k jobs,2026-08,"BLS CES (CES9000000001, SA)",measured
2026-09-21,US,insurance,employment,2930.0,k jobs,2026-08,"BLS CES (CES5552400001, SA)",measured
2026-09-21,US,power_utilities,employment,611.7,k jobs,2026-08,"BLS CES (CES4422000001, SA)",measured
2026-09-21,IN,banking,employment,6085.2,k persons,IND 2025-Q4,"ILOSTAT EMP_TEMP_SEX_ECO (ISIC K, IND)",measured
2026-09-21,IN,banking,momentum,10.0,% YoY hiring,<![CDATA[Naukri JobSpeak: White-collar hiring grows 14% in A,Naukri JobSpeak monthly (text-parsed from published report),measured
2026-09-21,IN,insurance,employment,6085.2,k persons,IND 2025-Q4,"ILOSTAT EMP_TEMP_SEX_ECO (ISIC K, IND)",measured
2026-09-21,IN,insurance,momentum,12.0,% YoY hiring,<![CDATA[Naukri JobSpeak: White-collar hiring grows 14% in A,Naukri JobSpeak monthly (text-parsed from published report),measured
2026-09-21,IN,it_software,employment,6854.2,k persons,IND 2025-Q4,"ILOSTAT EMP_TEMP_SEX_ECO (ISIC J, IND)",measured
2026-09-21,IN,it_software,momentum,11.0,% YoY hiring,<![CDATA[Naukri JobSpeak: White-collar hiring grows 14% in A,Naukri JobSpeak monthly (text-parsed from published report),measured
2026-09-21,IN,telecom_media,employment,6854.2,k persons,IND 2025-Q4,"ILOSTAT EMP_TEMP_SEX_ECO (ISIC J, IND)",measured
2026-09-21,IN,manufacturing,employment,60142.5,k persons,IND 2025-Q4,"ILOSTAT EMP_TEMP_SEX_ECO (ISIC C, IND)",measured
2026-09-21,IN,healthcare,employment,8441.6,k persons,IND 2025-Q4,"ILOSTAT EMP_TEMP_SEX_ECO (ISIC Q, IND)",measured
2026-09-21,IN,healthcare,momentum,16.0,% YoY hiring,<![CDATA[Naukri JobSpeak: White-collar hiring grows 14% in A,Naukri JobSpeak monthly (text-parsed from published report),measured
2026-09-21,IN,retail,employment,52830.4,k persons,IND 2025-Q4,"ILOSTAT EMP_TEMP_SEX_ECO (ISIC G, IND)",measured
2026-09-21,IN,retail,momentum,15.0,% YoY hiring,<![CDATA[Naukri JobSpeak: White-collar hiring grows 14% in A,Naukri JobSpeak monthly (text-parsed from published report),measured
2026-09-21,IN,professional,employment,4358.7,k persons,IND 2025-Q4,"ILOSTAT EMP_TEMP_SEX_ECO (ISIC M, IND)",measured
2026-09-21,IN,education,employment,16320.3,k persons,IND 2025-Q4,"ILOSTAT EMP_TEMP_SEX_ECO (ISIC P, IND)",measured
2026-09-21,IN,education,momentum,-8.0,% YoY hiring,<![CDATA[Naukri JobSpeak: White-collar hiring grows 14% in A,Naukri JobSpeak monthly (text-parsed from published report),measured
2026-09-21,IN,government,employment,7681.3,k persons,IND 2025-Q4,"ILOSTAT EMP_TEMP_SEX_ECO (ISIC O, IND)",measured
2026-09-21,IN,power_utilities,employment,3434.4,k persons,IND 2025-Q4,"ILOSTAT EMP_TEMP_SEX_ECO (ISIC D+E, IND)",measured
2026-09-21,APAC,banking,employment,1061.3,k persons,"KOR 2026-Q2, SGP 2025","ILOSTAT EMP_TEMP_SEX_ECO (ISIC K, pooled SGP+JPN+KOR)",measured
2026-09-21,APAC,banking,vacancies,8700,vacancies (SG),2025-Q4,Singapore MOM job vacancies by industry (SG proxy market),measured
2026-09-21,APAC,insurance,employment,1061.3,k persons,"KOR 2026-Q2, SGP 2025","ILOSTAT EMP_TEMP_SEX_ECO (ISIC K, pooled SGP+JPN+KOR)",measured
2026-09-21,APAC,insurance,vacancies,1200,vacancies (SG),2025-Q4,Singapore MOM job vacancies by industry (SG proxy market),measured
2026-09-21,APAC,it_software,employment,1303.8,k persons,"KOR 2026-Q2, SGP 2025","ILOSTAT EMP_TEMP_SEX_ECO (ISIC J, pooled SGP+JPN+KOR)",measured
2026-09-21,APAC,it_software,vacancies,10500,vacancies (SG),2025-Q4,Singapore MOM job vacancies by industry (SG proxy market),measured
2026-09-21,APAC,telecom_media,employment,1303.8,k persons,"KOR 2026-Q2, SGP 2025","ILOSTAT EMP_TEMP_SEX_ECO (ISIC J, pooled SGP+JPN+KOR)",measured
2026-09-21,APAC,telecom_media,vacancies,1100,vacancies (SG),2025-Q4,Singapore MOM job vacancies by industry (SG proxy market),measured
2026-09-21,APAC,manufacturing,employment,4528.2,k persons,"KOR 2026-Q2, SGP 2025","ILOSTAT EMP_TEMP_SEX_ECO (ISIC C, pooled SGP+JPN+KOR)",measured
2026-09-21,APAC,manufacturing,vacancies,16000,vacancies (SG),2025-Q4,Singapore MOM job vacancies by industry (SG proxy market),measured
2026-09-21,APAC,healthcare,employment,3630.2,k persons,"KOR 2026-Q2, SGP 2025","ILOSTAT EMP_TEMP_SEX_ECO (ISIC Q, pooled SGP+JPN+KOR)",measured
2026-09-21,APAC,healthcare,vacancies,10300,vacancies (SG),2025-Q4,Singapore MOM job vacancies by industry (SG proxy market),measured
2026-09-21,APAC,retail,employment,3535.5,k persons,"KOR 2026-Q2, SGP 2025","ILOSTAT EMP_TEMP_SEX_ECO (ISIC G, pooled SGP+JPN+KOR)",measured
2026-09-21,APAC,retail,vacancies,4200,vacancies (SG),2025-Q4,Singapore MOM job vacancies by industry (SG proxy market),measured
2026-09-21,APAC,professional,employment,1615.0,k persons,"KOR 2026-Q2, SGP 2025","ILOSTAT EMP_TEMP_SEX_ECO (ISIC M, pooled SGP+JPN+KOR)",measured
2026-09-21,APAC,professional,vacancies,13800,vacancies (SG),2025-Q4,Singapore MOM job vacancies by industry (SG proxy market),measured
2026-09-21,APAC,education,employment,2093.2,k persons,"KOR 2026-Q2, SGP 2025","ILOSTAT EMP_TEMP_SEX_ECO (ISIC P, pooled SGP+JPN+KOR)",measured
2026-09-21,APAC,government,employment,1515.7,k persons,"KOR 2026-Q2, SGP 2025","ILOSTAT EMP_TEMP_SEX_ECO (ISIC O, pooled SGP+JPN+KOR)",measured
2026-09-21,APAC,government,vacancies,14000,vacancies (SG),2025-Q4,Singapore MOM job vacancies by industry (SG proxy market incl. education (SSIC grouping)),measured
2026-09-21,APAC,power_utilities,employment,279.1,k persons,"KOR 2026-Q2, SGP 2025","ILOSTAT EMP_TEMP_SEX_ECO (ISIC D+E, pooled SGP+JPN+KOR)",measured
2026-09-28,UK,banking,postings,82.8,index (Feb 2020=100),2026-09-18,Indeed Hiring Lab sectors (GB: Banking & Finance),measured
2026-09-28,UK,banking,employment,1124.0,k jobs,2026 Q2,"ONS JOBS02 workforce jobs (JWS7, SA)",measured
2026-09-28,UK,banking,vacancies,30.0,k vacancies,2026 JUL,"ONS VACS02 vacancies (JP9Q, SA)",measured
2026-09-28,UK,insurance,employment,1124.0,k jobs,2026 Q2,"ONS JOBS02 workforce jobs (JWS7, SA)",measured
2026-09-28,UK,insurance,vacancies,30.0,k vacancies,2026 JUL,"ONS VACS02 vacancies (JP9Q, SA)",measured
2026-09-28,UK,it_software,postings,54.6,index (Feb 2020=100),2026-09-18,"Indeed Hiring Lab sectors (GB: Software Development, IT Infrastructure, Operations & Support…)",measured
2026-09-28,UK,it_software,employment,1606.0,k jobs,2026 Q2,"ONS JOBS02 workforce jobs (JWS6, SA)",measured
2026-09-28,UK,it_software,vacancies,36.0,k vacancies,2026 JUL,"ONS VACS02 vacancies (JP9P, SA)",measured
2026-09-28,UK,telecom_media,postings,45.6,index (Feb 2020=100),2026-09-18,Indeed Hiring Lab sectors (GB: Media & Communications),measured
2026-09-28,UK,telecom_media,employment,1606.0,k jobs,2026 Q2,"ONS JOBS02 workforce jobs (JWS6, SA)",measured
2026-09-28,UK,telecom_media,vacancies,36.0,k vacancies,2026 JUL,"ONS VACS02 vacancies (JP9P, SA)",measured
2026-09-28,UK,manufacturing,postings,101.9,index (Feb 2020=100),2026-09-18,"Indeed Hiring Lab sectors (GB: Production & Manufacturing, Industrial Engineering)",measured
2026-09-28,UK,manufacturing,employment,2460.0,k jobs,2026 Q2,"ONS JOBS02 workforce jobs (JWR7, SA)",measured
2026-09-28,UK,manufacturing,vacancies,48.0,k vacancies,2026 JUL,"ONS VACS02 vacancies (JP9I, SA)",measured
2026-09-28,UK,healthcare,postings,51.6,index (Feb 2020=100),2026-09-18,"Indeed Hiring Lab sectors (GB: Nursing, Physicians & Surgeons…)",measured
2026-09-28,UK,healthcare,employment,5028.0,k jobs,2026 Q2,"ONS JOBS02 workforce jobs (JWT5, SA)",measured
2026-09-28,UK,healthcare,vacancies,121.0,k vacancies,2026 JUL,"ONS VACS02 vacancies (JP9W, SA)",measured
2026-09-28,UK,retail,postings,80.2,index (Feb 2020=100),2026-09-18,"Indeed Hiring Lab sectors (GB: Retail, Loading & Stocking)",measured
2026-09-28,UK,retail,employment,4597.0,k jobs,2026 Q2,"ONS JOBS02 workforce jobs (JWS3, SA)",measured
2026-09-28,UK,retail,vacancies,91.0,k vacancies,2026 JUL,"ONS VACS02 vacancies (JP9M, SA)",measured
2026-09-28,UK,professional,postings,67.5,index (Feb 2020=100),2026-09-18,"Indeed Hiring Lab sectors (GB: Legal, Accounting…)",measured
2026-09-28,UK,professional,employment,3504.0,k jobs,2026 Q2,"ONS JOBS02 workforce jobs (JWS9, SA)",measured
2026-09-28,UK,professional,vacancies,69.0,k vacancies,2026 JUL,"ONS VACS02 vacancies (JP9S, SA)",measured
2026-09-28,UK,education,postings,125.8,index (Feb 2020=100),2026-09-18,Indeed Hiring Lab sectors (GB: Education & Instruction),measured
2026-09-28,UK,education,vacancies,44.0,k vacancies,2026 JUL,"ONS VACS02 vacancies (JP9V, SA)",measured
2026-09-28,UK,government,postings,89.8,index (Feb 2020=100),2026-09-18,"Indeed Hiring Lab sectors (GB: Community & Social Service, Security & Public Safety)",measured
2026-09-28,UK,government,vacancies,31.0,k vacancies,2026 JUL,"ONS VACS02 vacancies (JP9U, SA)",measured
2026-09-28,UK,power_utilities,employment,394.0,k jobs,2026 Q2,"ONS JOBS02 workforce jobs (JWR8+JWR9, SA)",measured
2026-09-28,UK,power_utilities,vacancies,9.0,k vacancies,2026 JUL,"ONS VACS02 vacancies (JP9J+JP9K, SA)",measured
2026-09-28,AU,banking,postings,118.4,index (Feb 2020=100),2026-09-18,Indeed Hiring Lab sectors (AU: Banking & Finance),measured
2026-09-28,AU,banking,employment,531.9,k persons,2026-Q2,"ABS Labour Account (ANZSIC K, measure M12)",measured
2026-09-28,AU,banking,vacancies,8.9,k vacancies,2026-Q2,ABS Job Vacancies (ANZSIC K),measured
2026-09-28,AU,insurance,employment,531.9,k persons,2026-Q2,"ABS Labour Account (ANZSIC K, measure M12)",measured
2026-09-28,AU,insurance,vacancies,8.9,k vacancies,2026-Q2,ABS Job Vacancies (ANZSIC K),measured
2026-09-28,AU,it_software,postings,103.2,index (Feb 2020=100),2026-09-18,"Indeed Hiring Lab sectors (AU: Software Development, IT Infrastructure, Operations & Support…)",measured
2026-09-28,AU,it_software,employment,209.2,k persons,2026-Q2,"ABS Labour Account (ANZSIC J, measure M12)",measured
2026-09-28,AU,it_software,vacancies,3.6,k vacancies,2026-Q2,ABS Job Vacancies (ANZSIC J),measured
2026-09-28,AU,telecom_media,postings,84.7,index (Feb 2020=100),2026-09-18,Indeed Hiring Lab sectors (AU: Media & Communications),measured
2026-09-28,AU,telecom_media,employment,209.2,k persons,2026-Q2,"ABS Labour Account (ANZSIC J, measure M12)",measured
2026-09-28,AU,telecom_media,vacancies,3.6,k vacancies,2026-Q2,ABS Job Vacancies (ANZSIC J),measured
2026-09-28,AU,manufacturing,postings,161.7,index (Feb 2020=100),2026-09-18,"Indeed Hiring Lab sectors (AU: Production & Manufacturing, Industrial Engineering)",measured
2026-09-28,AU,manufacturing,employment,916.9,k persons,2026-Q2,"ABS Labour Account (ANZSIC C, measure M12)",measured
2026-09-28,AU,manufacturing,vacancies,21.7,k vacancies,2026-Q2,ABS Job Vacancies (ANZSIC C),measured
2026-09-28,AU,healthcare,postings,133.0,index (Feb 2020=100),2026-09-18,"Indeed Hiring Lab sectors (AU: Nursing, Physicians & Surgeons…)",measured
2026-09-28,AU,healthcare,employment,2599.1,k persons,2026-Q2,"ABS Labour Account (ANZSIC Q, measure M12)",measured
2026-09-28,AU,healthcare,vacancies,56.7,k vacancies,2026-Q2,ABS Job Vacancies (ANZSIC Q),measured
2026-09-28,AU,retail,postings,235.0,index (Feb 2020=100),2026-09-18,"Indeed Hiring Lab sectors (AU: Retail, Loading & Stocking)",measured
2026-09-28,AU,retail,employment,1535.5,k persons,2026-Q2,"ABS Labour Account (ANZSIC G, measure M12)",measured
2026-09-28,AU,retail,vacancies,26.0,k vacancies,2026-Q2,ABS Job Vacancies (ANZSIC G),measured
2026-09-28,AU,professional,postings,122.0,index (Feb 2020=100),2026-09-18,"Indeed Hiring Lab sectors (AU: Legal, Accounting…)",measured
2026-09-28,AU,professional,employment,1348.0,k persons,2026-Q2,"ABS Labour Account (ANZSIC M, measure M12)",measured
2026-09-28,AU,professional,vacancies,35.7,k vacancies,2026-Q2,ABS Job Vacancies (ANZSIC M),measured
2026-09-28,AU,education,employment,1364.6,k persons,2026-Q2,"ABS Labour Account (ANZSIC P, measure M12)",measured
2026-09-28,AU,education,vacancies,11.0,k vacancies,2026-Q2,ABS Job Vacancies (ANZSIC P),measured
2026-09-28,AU,government,postings,162.1,index (Feb 2020=100),2026-09-18,"Indeed Hiring Lab sectors (AU: Community & Social Service, Security & Public Safety)",measured
2026-09-28,AU,government,employment,901.2,k persons,2026-Q2,"ABS Labour Account (ANZSIC O, measure M12)",measured
2026-09-28,AU,government,vacancies,21.2,k vacancies,2026-Q2,ABS Job Vacancies (ANZSIC O),measured
2026-09-28,AU,power_utilities,employment,154.8,k persons,2026-Q2,"ABS Labour Account (ANZSIC D, measure M12)",measured
2026-09-28,AU,power_utilities,vacancies,3.7,k vacancies,2026-Q2,ABS Job Vacancies (ANZSIC D),measured
2026-09-28,EU,banking,postings,93.5,index (Feb 2020=100),2026-09-18,Indeed Hiring Lab sectors (DE+FR: Banking & Finance),measured
2026-09-28,EU,banking,employment,3099.8,k persons,2025-Q4,"Eurostat lfsq_egan22d (K64), EU27",measured
2026-09-28,EU,banking,vacancies,1.7,% vacancy rate,2025-Q4,"Eurostat jvs_q_nace2 JVR (NACE K, EU27)",measured
2026-09-28,EU,banking,layoffs,10428,announced job losses (12mo),2025-09 onward,"Eurofound European Restructuring Monitor, EU27, 31 announcements - ERM's Financial bucket includes insurance & real estate",measured
2026-09-28,EU,insurance,employment,1167.5,k persons,2025-Q4,"Eurostat lfsq_egan22d (K65), EU27",measured
2026-09-28,EU,insurance,vacancies,1.7,% vacancy rate,2025-Q4,"Eurostat jvs_q_nace2 JVR (NACE K, EU27)",measured
2026-09-28,EU,it_software,postings,64.7,index (Feb 2020=100),2026-09-18,"Indeed Hiring Lab sectors (DE+FR: Software Development, IT Infrastructure, Operations & Support…)",measured
2026-09-28,EU,it_software,employment,8007.4,k persons,2025-Q4,"Eurostat lfsq_egan2 (NACE J), EU27",measured
2026-09-28,EU,it_software,vacancies,2.2,% vacancy rate,2025-Q4,"Eurostat jvs_q_nace2 JVR (NACE J, EU27)",measured
2026-09-28,EU,it_software,layoffs,25551,announced job losses (12mo),2025-09 onward,"Eurofound European Restructuring Monitor, EU27, 61 announcements",measured
2026-09-28,EU,telecom_media,postings,58.0,index (Feb 2020=100),2026-09-18,Indeed Hiring Lab sectors (DE+FR: Media & Communications),measured
2026-09-28,EU,telecom_media,employment,8007.4,k persons,2025-Q4,"Eurostat lfsq_egan2 (NACE J), EU27",measured
2026-09-28,EU,telecom_media,vacancies,2.2,% vacancy rate,2025-Q4,"Eurostat jvs_q_nace2 JVR (NACE J, EU27)",measured
2026-09-28,EU,telecom_media,layoffs,5024,announced job losses (12mo),2025-09 onward,"Eurofound European Restructuring Monitor, EU27, 25 announcements",measured
2026-09-28,EU,manufacturing,postings,91.5,index (Feb 2020=100),2026-09-18,"Indeed Hiring Lab sectors (DE+FR: Production & Manufacturing, Industrial Engineering)",measured
2026-09-28,EU,manufacturing,employment,31400.2,k persons,2025-Q4,"Eurostat lfsq_egan2 (NACE C), EU27",measured
2026-09-28,EU,manufacturing,vacancies,1.5,% vacancy rate,2025-Q4,"Eurostat jvs_q_nace2 JVR (NACE C, EU27)",measured
2026-09-28,EU,manufacturing,layoffs,167867,announced job losses (12mo),2025-09 onward,"Eurofound European Restructuring Monitor, EU27, 451 announcements",measured
2026-09-28,EU,healthcare,postings,148.1,index (Feb 2020=100),2026-09-18,"Indeed Hiring Lab sectors (DE+FR: Nursing, Physicians & Surgeons…)",measured
2026-09-28,EU,healthcare,employment,24096.0,k persons,2025-Q4,"Eurostat lfsq_egan2 (NACE Q), EU27",measured
2026-09-28,EU,healthcare,layoffs,7169,announced job losses (12mo),2025-09 onward,"Eurofound European Restructuring Monitor, EU27, 27 announcements",measured
2026-09-28,EU,retail,postings,109.3,index (Feb 2020=100),2026-09-18,"Indeed Hiring Lab sectors (DE+FR: Retail, Loading & Stocking)",measured
2026-09-28,EU,retail,employment,27992.7,k persons,2025-Q4,"Eurostat lfsq_egan2 (NACE G), EU27",measured
2026-09-28,EU,retail,vacancies,1.8,% vacancy rate,2025-Q4,"Eurostat jvs_q_nace2 JVR (NACE G, EU27)",measured
2026-09-28,EU,retail,layoffs,31415,announced job losses (12mo),2025-09 onward,"Eurofound European Restructuring Monitor, EU27, 81 announcements",measured
2026-09-28,EU,professional,postings,77.9,index (Feb 2020=100),2026-09-18,"Indeed Hiring Lab sectors (DE+FR: Legal, Accounting…)",measured
2026-09-28,EU,professional,employment,12808.2,k persons,2025-Q4,"Eurostat lfsq_egan2 (NACE M), EU27",measured
2026-09-28,EU,professional,vacancies,2.4,% vacancy rate,2025-Q4,"Eurostat jvs_q_nace2 JVR (NACE M, EU27)",measured
2026-09-28,EU,professional,layoffs,5066,announced job losses (12mo),2025-09 onward,"Eurofound European Restructuring Monitor, EU27, 17 announcements",measured
2026-09-28,EU,education,postings,109.1,index (Feb 2020=100),2026-09-18,Indeed Hiring Lab sectors (DE+FR: Education & Instruction),measured
2026-09-28,EU,education,employment,15961.0,k persons,2025-Q4,"Eurostat lfsq_egan2 (NACE P), EU27",measured
2026-09-28,EU,education,layoffs,3918,announced job losses (12mo),2025-09 onward,"Eurofound European Restructuring Monitor, EU27, 5 announcements",measured
2026-09-28,EU,government,postings,141.9,index (Feb 2020=100),2026-09-18,"Indeed Hiring Lab sectors (DE+FR: Community & Social Service, Security & Public Safety)",measured
2026-09-28,EU,government,employment,14667.1,k persons,2025-Q4,"Eurostat lfsq_egan2 (NACE O), EU27",measured
2026-09-28,EU,government,layoffs,7954,announced job losses (12mo),2025-09 onward,"Eurofound European Restructuring Monitor, EU27, 22 announcements",measured
2026-09-28,EU,power_utilities,employment,3475.5,k persons,2025-Q4,"Eurostat lfsq_egan2 (NACE D+E), EU27",measured
2026-09-28,EU,power_utilities,layoffs,4968,announced job losses (12mo),2025-09 onward,"Eurofound European Restructuring Monitor, EU27, 12 announcements",measured
2026-09-28,US,banking,postings,105.5,index (Feb 2020=100),2026-09-18,Indeed Hiring Lab sectors (US: Banking & Finance),measured
2026-09-28,US,banking,employment,6651.1,k jobs,2026-08,"BLS CES (CES5552000001, SA)",measured
2026-09-28,US,it_software,postings,70.8,index (Feb 2020=100),2026-09-18,"Indeed Hiring Lab sectors (US: Software Development, IT Infrastructure, Operations & Support…)",measured
2026-09-28,US,it_software,employment,2745.0,k jobs,2026-08,"BLS CES (CES5000000001, SA)",measured
2026-09-28,US,telecom_media,postings,70.5,index (Feb 2020=100),2026-09-18,Indeed Hiring Lab sectors (US: Media & Communications),measured
2026-09-28,US,telecom_media,employment,567.6,k jobs,2026-08,"BLS CES (CES5051700001, SA)",measured
2026-09-28,US,manufacturing,postings,121.4,index (Feb 2020=100),2026-09-18,"Indeed Hiring Lab sectors (US: Production & Manufacturing, Industrial Engineering)",measured
2026-09-28,US,manufacturing,employment,12638.0,k jobs,2026-08,"BLS CES (CES3000000001, SA)",measured
2026-09-28,US,healthcare,postings,129.2,index (Feb 2020=100),2026-09-18,"Indeed Hiring Lab sectors (US: Nursing, Physicians & Surgeons…)",measured
2026-09-28,US,healthcare,employment,23928.7,k jobs,2026-08,"BLS CES (CES6562000001, SA)",measured
2026-09-28,US,retail,postings,98.5,index (Feb 2020=100),2026-09-18,"Indeed Hiring Lab sectors (US: Retail, Loading & Stocking)",measured
2026-09-28,US,retail,employment,15488.2,k jobs,2026-08,"BLS CES (CES4200000001, SA)",measured
2026-09-28,US,professional,postings,99.5,index (Feb 2020=100),2026-09-18,"Indeed Hiring Lab sectors (US: Legal, Accounting…)",measured
2026-09-28,US,professional,employment,10842.3,k jobs,2026-08,"BLS CES (CES6054000001, SA)",measured
2026-09-28,US,education,postings,107.3,index (Feb 2020=100),2026-09-18,Indeed Hiring Lab sectors (US: Education & Instruction),measured
2026-09-28,US,education,employment,4045.4,k jobs,2026-08,"BLS CES (CES6561000001, SA)",measured
2026-09-28,US,government,postings,110.7,index (Feb 2020=100),2026-09-18,"Indeed Hiring Lab sectors (US: Community & Social Service, Security & Public Safety)",measured
2026-09-28,US,government,employment,23323.0,k jobs,2026-08,"BLS CES (CES9000000001, SA)",measured
2026-09-28,US,insurance,employment,2930.0,k jobs,2026-08,"BLS CES (CES5552400001, SA)",measured
2026-09-28,US,power_utilities,employment,611.7,k jobs,2026-08,"BLS CES (CES4422000001, SA)",measured
2026-09-28,IN,banking,employment,6085.2,k persons,IND 2025-Q4,"ILOSTAT EMP_TEMP_SEX_ECO (ISIC K, IND)",measured
2026-09-28,IN,banking,momentum,10.0,% YoY hiring,<![CDATA[Naukri JobSpeak: White-collar hiring grows 14% in A,Naukri JobSpeak monthly (text-parsed from published report),measured
2026-09-28,IN,insurance,employment,6085.2,k persons,IND 2025-Q4,"ILOSTAT EMP_TEMP_SEX_ECO (ISIC K, IND)",measured
2026-09-28,IN,insurance,momentum,12.0,% YoY hiring,<![CDATA[Naukri JobSpeak: White-collar hiring grows 14% in A,Naukri JobSpeak monthly (text-parsed from published report),measured
2026-09-28,IN,it_software,employment,6854.2,k persons,IND 2025-Q4,"ILOSTAT EMP_TEMP_SEX_ECO (ISIC J, IND)",measured
2026-09-28,IN,it_software,momentum,11.0,% YoY hiring,<![CDATA[Naukri JobSpeak: White-collar hiring grows 14% in A,Naukri JobSpeak monthly (text-parsed from published report),measured
2026-09-28,IN,telecom_media,employment,6854.2,k persons,IND 2025-Q4,"ILOSTAT EMP_TEMP_SEX_ECO (ISIC J, IND)",measured
2026-09-28,IN,manufacturing,employment,60142.5,k persons,IND 2025-Q4,"ILOSTAT EMP_TEMP_SEX_ECO (ISIC C, IND)",measured
2026-09-28,IN,healthcare,employment,8441.6,k persons,IND 2025-Q4,"ILOSTAT EMP_TEMP_SEX_ECO (ISIC Q, IND)",measured
2026-09-28,IN,healthcare,momentum,16.0,% YoY hiring,<![CDATA[Naukri JobSpeak: White-collar hiring grows 14% in A,Naukri JobSpeak monthly (text-parsed from published report),measured
2026-09-28,IN,retail,employment,52830.4,k persons,IND 2025-Q4,"ILOSTAT EMP_TEMP_SEX_ECO (ISIC G, IND)",measured
2026-09-28,IN,retail,momentum,15.0,% YoY hiring,<![CDATA[Naukri JobSpeak: White-collar hiring grows 14% in A,Naukri JobSpeak monthly (text-parsed from published report),measured
2026-09-28,IN,professional,employment,4358.7,k persons,IND 2025-Q4,"ILOSTAT EMP_TEMP_SEX_ECO (ISIC M, IND)",measured
2026-09-28,IN,education,employment,16320.3,k persons,IND 2025-Q4,"ILOSTAT EMP_TEMP_SEX_ECO (ISIC P, IND)",measured
2026-09-28,IN,education,momentum,-8.0,% YoY hiring,<![CDATA[Naukri JobSpeak: White-collar hiring grows 14% in A,Naukri JobSpeak monthly (text-parsed from published report),measured
2026-09-28,IN,government,employment,7681.3,k persons,IND 2025-Q4,"ILOSTAT EMP_TEMP_SEX_ECO (ISIC O, IND)",measured
2026-09-28,IN,power_utilities,employment,3434.4,k persons,IND 2025-Q4,"ILOSTAT EMP_TEMP_SEX_ECO (ISIC D+E, IND)",measured
2026-09-28,APAC,banking,employment,1061.3,k persons,"KOR 2026-Q2, SGP 2025","ILOSTAT EMP_TEMP_SEX_ECO (ISIC K, pooled SGP+JPN+KOR)",measured
2026-09-28,APAC,banking,vacancies,8900,vacancies (SG),2026-Q2,Singapore MOM job vacancies by industry (SG proxy market),measured
2026-09-28,APAC,insurance,employment,1061.3,k persons,"KOR 2026-Q2, SGP 2025","ILOSTAT EMP_TEMP_SEX_ECO (ISIC K, pooled SGP+JPN+KOR)",measured
2026-09-28,APAC,insurance,vacancies,1200,vacancies (SG),2026-Q2,Singapore MOM job vacancies by industry (SG proxy market),measured
2026-09-28,APAC,it_software,employment,1303.8,k persons,"KOR 2026-Q2, SGP 2025","ILOSTAT EMP_TEMP_SEX_ECO (ISIC J, pooled SGP+JPN+KOR)",measured
2026-09-28,APAC,it_software,vacancies,8000,vacancies (SG),2026-Q2,Singapore MOM job vacancies by industry (SG proxy market),measured
2026-09-28,APAC,telecom_media,employment,1303.8,k persons,"KOR 2026-Q2, SGP 2025","ILOSTAT EMP_TEMP_SEX_ECO (ISIC J, pooled SGP+JPN+KOR)",measured
2026-09-28,APAC,telecom_media,vacancies,700,vacancies (SG),2026-Q2,Singapore MOM job vacancies by industry (SG proxy market),measured
2026-09-28,APAC,manufacturing,employment,4528.2,k persons,"KOR 2026-Q2, SGP 2025","ILOSTAT EMP_TEMP_SEX_ECO (ISIC C, pooled SGP+JPN+KOR)",measured
2026-09-28,APAC,manufacturing,vacancies,17400,vacancies (SG),2026-Q2,Singapore MOM job vacancies by industry (SG proxy market),measured
2026-09-28,APAC,healthcare,employment,3630.2,k persons,"KOR 2026-Q2, SGP 2025","ILOSTAT EMP_TEMP_SEX_ECO (ISIC Q, pooled SGP+JPN+KOR)",measured
2026-09-28,APAC,healthcare,vacancies,8700,vacancies (SG),2026-Q2,Singapore MOM job vacancies by industry (SG proxy market),measured
2026-09-28,APAC,retail,employment,3535.5,k persons,"KOR 2026-Q2, SGP 2025","ILOSTAT EMP_TEMP_SEX_ECO (ISIC G, pooled SGP+JPN+KOR)",measured
2026-09-28,APAC,retail,vacancies,3800,vacancies (SG),2026-Q2,Singapore MOM job vacancies by industry (SG proxy market),measured
2026-09-28,APAC,professional,employment,1615.0,k persons,"KOR 2026-Q2, SGP 2025","ILOSTAT EMP_TEMP_SEX_ECO (ISIC M, pooled SGP+JPN+KOR)",measured
2026-09-28,APAC,professional,vacancies,12500,vacancies (SG),2026-Q2,Singapore MOM job vacancies by industry (SG proxy market),measured
2026-09-28,APAC,education,employment,2093.2,k persons,"KOR 2026-Q2, SGP 2025","ILOSTAT EMP_TEMP_SEX_ECO (ISIC P, pooled SGP+JPN+KOR)",measured
2026-09-28,APAC,government,employment,1515.7,k persons,"KOR 2026-Q2, SGP 2025","ILOSTAT EMP_TEMP_SEX_ECO (ISIC O, pooled SGP+JPN+KOR)",measured
2026-09-28,APAC,government,vacancies,18000,vacancies (SG),2026-Q2,Singapore MOM job vacancies by industry (SG proxy market incl. education (SSIC grouping)),measured
2026-09-28,APAC,power_utilities,employment,279.1,k persons,"KOR 2026-Q2, SGP 2025","ILOSTAT EMP_TEMP_SEX_ECO (ISIC D+E, pooled SGP+JPN+KOR)",measured
2026-10-02,UK,banking,postings,84.2,index (Feb 2020=100),2026-09-25,Indeed Hiring Lab sectors (GB: Banking & Finance),measured
2026-10-02,UK,banking,employment,1124.0,k jobs,2026 Q2,"ONS JOBS02 workforce jobs (JWS7, SA)",measured
2026-10-02,UK,banking,vacancies,30.0,k vacancies,2026 JUL,"ONS VACS02 vacancies (JP9Q, SA)",measured
2026-10-02,UK,insurance,employment,1124.0,k jobs,2026 Q2,"ONS JOBS02 workforce jobs (JWS7, SA)",measured
2026-10-02,UK,insurance,vacancies,30.0,k vacancies,2026 JUL,"ONS VACS02 vacancies (JP9Q, SA)",measured
2026-10-02,UK,it_software,postings,54.9,index (Feb 2020=100),2026-09-25,"Indeed Hiring Lab sectors (GB: Software Development, IT Infrastructure, Operations & Support…)",measured
2026-10-02,UK,it_software,employment,1606.0,k jobs,2026 Q2,"ONS JOBS02 workforce jobs (JWS6, SA)",measured
2026-10-02,UK,it_software,vacancies,36.0,k vacancies,2026 JUL,"ONS VACS02 vacancies (JP9P, SA)",measured
2026-10-02,UK,telecom_media,postings,45.2,index (Feb 2020=100),2026-09-25,Indeed Hiring Lab sectors (GB: Media & Communications),measured
2026-10-02,UK,telecom_media,employment,1606.0,k jobs,2026 Q2,"ONS JOBS02 workforce jobs (JWS6, SA)",measured
2026-10-02,UK,telecom_media,vacancies,36.0,k vacancies,2026 JUL,"ONS VACS02 vacancies (JP9P, SA)",measured
2026-10-02,UK,manufacturing,postings,101.7,index (Feb 2020=100),2026-09-25,"Indeed Hiring Lab sectors (GB: Production & Manufacturing, Industrial Engineering)",measured
2026-10-02,UK,manufacturing,employment,2460.0,k jobs,2026 Q2,"ONS JOBS02 workforce jobs (JWR7, SA)",measured
2026-10-02,UK,manufacturing,vacancies,48.0,k vacancies,2026 JUL,"ONS VACS02 vacancies (JP9I, SA)",measured
2026-10-02,UK,healthcare,postings,51.9,index (Feb 2020=100),2026-09-25,"Indeed Hiring Lab sectors (GB: Nursing, Physicians & Surgeons…)",measured
2026-10-02,UK,healthcare,employment,5028.0,k jobs,2026 Q2,"ONS JOBS02 workforce jobs (JWT5, SA)",measured
2026-10-02,UK,healthcare,vacancies,121.0,k vacancies,2026 JUL,"ONS VACS02 vacancies (JP9W, SA)",measured
2026-10-02,UK,retail,postings,86.7,index (Feb 2020=100),2026-09-25,"Indeed Hiring Lab sectors (GB: Retail, Loading & Stocking)",measured
2026-10-02,UK,retail,employment,4597.0,k jobs,2026 Q2,"ONS JOBS02 workforce jobs (JWS3, SA)",measured
2026-10-02,UK,retail,vacancies,91.0,k vacancies,2026 JUL,"ONS VACS02 vacancies (JP9M, SA)",measured
2026-10-02,UK,professional,postings,67.6,index (Feb 2020=100),2026-09-25,"Indeed Hiring Lab sectors (GB: Legal, Accounting…)",measured
2026-10-02,UK,professional,employment,3504.0,k jobs,2026 Q2,"ONS JOBS02 workforce jobs (JWS9, SA)",measured
2026-10-02,UK,professional,vacancies,69.0,k vacancies,2026 JUL,"ONS VACS02 vacancies (JP9S, SA)",measured
2026-10-02,UK,education,postings,122.8,index (Feb 2020=100),2026-09-25,Indeed Hiring Lab sectors (GB: Education & Instruction),measured
2026-10-02,UK,education,vacancies,44.0,k vacancies,2026 JUL,"ONS VACS02 vacancies (JP9V, SA)",measured
2026-10-02,UK,government,postings,90.5,index (Feb 2020=100),2026-09-25,"Indeed Hiring Lab sectors (GB: Community & Social Service, Security & Public Safety)",measured
2026-10-02,UK,government,vacancies,31.0,k vacancies,2026 JUL,"ONS VACS02 vacancies (JP9U, SA)",measured
2026-10-02,UK,power_utilities,employment,394.0,k jobs,2026 Q2,"ONS JOBS02 workforce jobs (JWR8+JWR9, SA)",measured
2026-10-02,UK,power_utilities,vacancies,9.0,k vacancies,2026 JUL,"ONS VACS02 vacancies (JP9J+JP9K, SA)",measured
2026-10-02,AU,banking,postings,118.4,index (Feb 2020=100),2026-09-25,Indeed Hiring Lab sectors (AU: Banking & Finance),measured
2026-10-02,AU,banking,employment,531.9,k persons,2026-Q2,"ABS Labour Account (ANZSIC K, measure M12)",measured
2026-10-02,AU,banking,vacancies,10.2,k vacancies,2026-Q3,ABS Job Vacancies (ANZSIC K),measured
2026-10-02,AU,insurance,employment,531.9,k persons,2026-Q2,"ABS Labour Account (ANZSIC K, measure M12)",measured
2026-10-02,AU,insurance,vacancies,10.2,k vacancies,2026-Q3,ABS Job Vacancies (ANZSIC K),measured
2026-10-02,AU,it_software,postings,103.1,index (Feb 2020=100),2026-09-25,"Indeed Hiring Lab sectors (AU: Software Development, IT Infrastructure, Operations & Support…)",measured
2026-10-02,AU,it_software,employment,209.2,k persons,2026-Q2,"ABS Labour Account (ANZSIC J, measure M12)",measured
2026-10-02,AU,it_software,vacancies,3.0,k vacancies,2026-Q3,ABS Job Vacancies (ANZSIC J),measured
2026-10-02,AU,telecom_media,postings,85.7,index (Feb 2020=100),2026-09-25,Indeed Hiring Lab sectors (AU: Media & Communications),measured
2026-10-02,AU,telecom_media,employment,209.2,k persons,2026-Q2,"ABS Labour Account (ANZSIC J, measure M12)",measured
2026-10-02,AU,telecom_media,vacancies,3.0,k vacancies,2026-Q3,ABS Job Vacancies (ANZSIC J),measured
2026-10-02,AU,manufacturing,postings,159.5,index (Feb 2020=100),2026-09-25,"Indeed Hiring Lab sectors (AU: Production & Manufacturing, Industrial Engineering)",measured
2026-10-02,AU,manufacturing,employment,916.9,k persons,2026-Q2,"ABS Labour Account (ANZSIC C, measure M12)",measured
2026-10-02,AU,manufacturing,vacancies,22.2,k vacancies,2026-Q3,ABS Job Vacancies (ANZSIC C),measured
2026-10-02,AU,healthcare,postings,134.9,index (Feb 2020=100),2026-09-25,"Indeed Hiring Lab sectors (AU: Nursing, Physicians & Surgeons…)",measured
2026-10-02,AU,healthcare,employment,2599.1,k persons,2026-Q2,"ABS Labour Account (ANZSIC Q, measure M12)",measured
2026-10-02,AU,healthcare,vacancies,54.3,k vacancies,2026-Q3,ABS Job Vacancies (ANZSIC Q),measured
2026-10-02,AU,retail,postings,261.6,index (Feb 2020=100),2026-09-25,"Indeed Hiring Lab sectors (AU: Retail, Loading & Stocking)",measured
2026-10-02,AU,retail,employment,1535.5,k persons,2026-Q2,"ABS Labour Account (ANZSIC G, measure M12)",measured
2026-10-02,AU,retail,vacancies,32.4,k vacancies,2026-Q3,ABS Job Vacancies (ANZSIC G),measured
2026-10-02,AU,professional,postings,124.3,index (Feb 2020=100),2026-09-25,"Indeed Hiring Lab sectors (AU: Legal, Accounting…)",measured
2026-10-02,AU,professional,employment,1348.0,k persons,2026-Q2,"ABS Labour Account (ANZSIC M, measure M12)",measured
2026-10-02,AU,professional,vacancies,29.5,k vacancies,2026-Q3,ABS Job Vacancies (ANZSIC M),measured
2026-10-02,AU,education,employment,1364.6,k persons,2026-Q2,"ABS Labour Account (ANZSIC P, measure M12)",measured
2026-10-02,AU,education,vacancies,10.1,k vacancies,2026-Q3,ABS Job Vacancies (ANZSIC P),measured
2026-10-02,AU,government,postings,163.5,index (Feb 2020=100),2026-09-25,"Indeed Hiring Lab sectors (AU: Community & Social Service, Security & Public Safety)",measured
2026-10-02,AU,government,employment,901.2,k persons,2026-Q2,"ABS Labour Account (ANZSIC O, measure M12)",measured
2026-10-02,AU,government,vacancies,21.9,k vacancies,2026-Q3,ABS Job Vacancies (ANZSIC O),measured
2026-10-02,AU,power_utilities,employment,154.8,k persons,2026-Q2,"ABS Labour Account (ANZSIC D, measure M12)",measured
2026-10-02,AU,power_utilities,vacancies,3.9,k vacancies,2026-Q3,ABS Job Vacancies (ANZSIC D),measured
2026-10-02,EU,banking,postings,94.0,index (Feb 2020=100),2026-09-25,Indeed Hiring Lab sectors (DE+FR: Banking & Finance),measured
2026-10-02,EU,banking,employment,3099.8,k persons,2025-Q4,"Eurostat lfsq_egan22d (K64), EU27",measured
2026-10-02,EU,banking,vacancies,1.7,% vacancy rate,2025-Q4,"Eurostat jvs_q_nace2 JVR (NACE K, EU27)",measured
2026-10-02,EU,banking,layoffs,10464,announced job losses (12mo),2025-10 onward,"Eurofound European Restructuring Monitor, EU27, 30 announcements - ERM's Financial bucket includes insurance & real estate",measured
2026-10-02,EU,insurance,employment,1167.5,k persons,2025-Q4,"Eurostat lfsq_egan22d (K65), EU27",measured
2026-10-02,EU,insurance,vacancies,1.7,% vacancy rate,2025-Q4,"Eurostat jvs_q_nace2 JVR (NACE K, EU27)",measured
2026-10-02,EU,it_software,postings,64.6,index (Feb 2020=100),2026-09-25,"Indeed Hiring Lab sectors (DE+FR: Software Development, IT Infrastructure, Operations & Support…)",measured
2026-10-02,EU,it_software,employment,8007.4,k persons,2025-Q4,"Eurostat lfsq_egan2 (NACE J), EU27",measured
2026-10-02,EU,it_software,vacancies,2.2,% vacancy rate,2025-Q4,"Eurostat jvs_q_nace2 JVR (NACE J, EU27)",measured
2026-10-02,EU,it_software,layoffs,24783,announced job losses (12mo),2025-10 onward,"Eurofound European Restructuring Monitor, EU27, 57 announcements",measured
2026-10-02,EU,telecom_media,postings,58.6,index (Feb 2020=100),2026-09-25,Indeed Hiring Lab sectors (DE+FR: Media & Communications),measured
2026-10-02,EU,telecom_media,employment,8007.4,k persons,2025-Q4,"Eurostat lfsq_egan2 (NACE J), EU27",measured
2026-10-02,EU,telecom_media,vacancies,2.2,% vacancy rate,2025-Q4,"Eurostat jvs_q_nace2 JVR (NACE J, EU27)",measured
2026-10-02,EU,telecom_media,layoffs,5095,announced job losses (12mo),2025-10 onward,"Eurofound European Restructuring Monitor, EU27, 25 announcements",measured
2026-10-02,EU,manufacturing,postings,91.1,index (Feb 2020=100),2026-09-25,"Indeed Hiring Lab sectors (DE+FR: Production & Manufacturing, Industrial Engineering)",measured
2026-10-02,EU,manufacturing,employment,31400.2,k persons,2025-Q4,"Eurostat lfsq_egan2 (NACE C), EU27",measured
2026-10-02,EU,manufacturing,vacancies,1.5,% vacancy rate,2025-Q4,"Eurostat jvs_q_nace2 JVR (NACE C, EU27)",measured
2026-10-02,EU,manufacturing,layoffs,145923,announced job losses (12mo),2025-10 onward,"Eurofound European Restructuring Monitor, EU27, 413 announcements",measured
2026-10-02,EU,healthcare,postings,146.7,index (Feb 2020=100),2026-09-25,"Indeed Hiring Lab sectors (DE+FR: Nursing, Physicians & Surgeons…)",measured
2026-10-02,EU,healthcare,employment,24096.0,k persons,2025-Q4,"Eurostat lfsq_egan2 (NACE Q), EU27",measured
2026-10-02,EU,healthcare,layoffs,6676,announced job losses (12mo),2025-10 onward,"Eurofound European Restructuring Monitor, EU27, 24 announcements",measured
2026-10-02,EU,retail,postings,109.2,index (Feb 2020=100),2026-09-25,"Indeed Hiring Lab sectors (DE+FR: Retail, Loading & Stocking)",measured
2026-10-02,EU,retail,employment,27992.7,k persons,2025-Q4,"Eurostat lfsq_egan2 (NACE G), EU27",measured
2026-10-02,EU,retail,vacancies,1.8,% vacancy rate,2025-Q4,"Eurostat jvs_q_nace2 JVR (NACE G, EU27)",measured
2026-10-02,EU,retail,layoffs,30956,announced job losses (12mo),2025-10 onward,"Eurofound European Restructuring Monitor, EU27, 79 announcements",measured
2026-10-02,EU,professional,postings,78.0,index (Feb 2020=100),2026-09-25,"Indeed Hiring Lab sectors (DE+FR: Legal, Accounting…)",measured
2026-10-02,EU,professional,employment,12808.2,k persons,2025-Q4,"Eurostat lfsq_egan2 (NACE M), EU27",measured
2026-10-02,EU,professional,vacancies,2.4,% vacancy rate,2025-Q4,"Eurostat jvs_q_nace2 JVR (NACE M, EU27)",measured
2026-10-02,EU,professional,layoffs,3936,announced job losses (12mo),2025-10 onward,"Eurofound European Restructuring Monitor, EU27, 14 announcements",measured
2026-10-02,EU,education,postings,104.6,index (Feb 2020=100),2026-09-25,Indeed Hiring Lab sectors (DE+FR: Education & Instruction),measured
2026-10-02,EU,education,employment,15961.0,k persons,2025-Q4,"Eurostat lfsq_egan2 (NACE P), EU27",measured
2026-10-02,EU,education,layoffs,3918,announced job losses (12mo),2025-10 onward,"Eurofound European Restructuring Monitor, EU27, 5 announcements",measured
2026-10-02,EU,government,postings,141.8,index (Feb 2020=100),2026-09-25,"Indeed Hiring Lab sectors (DE+FR: Community & Social Service, Security & Public Safety)",measured
2026-10-02,EU,government,employment,14667.1,k persons,2025-Q4,"Eurostat lfsq_egan2 (NACE O), EU27",measured
2026-10-02,EU,government,layoffs,7459,announced job losses (12mo),2025-10 onward,"Eurofound European Restructuring Monitor, EU27, 20 announcements",measured
2026-10-02,EU,power_utilities,employment,3475.5,k persons,2025-Q4,"Eurostat lfsq_egan2 (NACE D+E), EU27",measured
2026-10-02,EU,power_utilities,layoffs,4342,announced job losses (12mo),2025-10 onward,"Eurofound European Restructuring Monitor, EU27, 11 announcements",measured
2026-10-02,US,banking,postings,107.0,index (Feb 2020=100),2026-09-25,Indeed Hiring Lab sectors (US: Banking & Finance),measured
2026-10-02,US,banking,employment,6644.6,k jobs,2026-09,"BLS CES (CES5552000001, SA)",measured
2026-10-02,US,it_software,postings,71.2,index (Feb 2020=100),2026-09-25,"Indeed Hiring Lab sectors (US: Software Development, IT Infrastructure, Operations & Support…)",measured
2026-10-02,US,it_software,employment,2739.0,k jobs,2026-09,"BLS CES (CES5000000001, SA)",measured
2026-10-02,US,telecom_media,postings,70.6,index (Feb 2020=100),2026-09-25,Indeed Hiring Lab sectors (US: Media & Communications),measured
2026-10-02,US,telecom_media,employment,564.6,k jobs,2026-09,"BLS CES (CES5051700001, SA)",measured
2026-10-02,US,manufacturing,postings,123.0,index (Feb 2020=100),2026-09-25,"Indeed Hiring Lab sectors (US: Production & Manufacturing, Industrial Engineering)",measured
2026-10-02,US,manufacturing,employment,12652.0,k jobs,2026-09,"BLS CES (CES3000000001, SA)",measured
2026-10-02,US,healthcare,postings,129.3,index (Feb 2020=100),2026-09-25,"Indeed Hiring Lab sectors (US: Nursing, Physicians & Surgeons…)",measured
2026-10-02,US,healthcare,employment,23958.6,k jobs,2026-09,"BLS CES (CES6562000001, SA)",measured
2026-10-02,US,retail,postings,99.3,index (Feb 2020=100),2026-09-25,"Indeed Hiring Lab sectors (US: Retail, Loading & Stocking)",measured
2026-10-02,US,retail,employment,15479.9,k jobs,2026-09,"BLS CES (CES4200000001, SA)",measured
2026-10-02,US,professional,postings,100.4,index (Feb 2020=100),2026-09-25,"Indeed Hiring Lab sectors (US: Legal, Accounting…)",measured
2026-10-02,US,professional,employment,10843.6,k jobs,2026-09,"BLS CES (CES6054000001, SA)",measured
2026-10-02,US,education,postings,107.3,index (Feb 2020=100),2026-09-25,Indeed Hiring Lab sectors (US: Education & Instruction),measured
2026-10-02,US,education,employment,4046.4,k jobs,2026-09,"BLS CES (CES6561000001, SA)",measured
2026-10-02,US,government,postings,111.7,index (Feb 2020=100),2026-09-25,"Indeed Hiring Lab sectors (US: Community & Social Service, Security & Public Safety)",measured
2026-10-02,US,government,employment,23327.0,k jobs,2026-09,"BLS CES (CES9000000001, SA)",measured
2026-10-02,US,insurance,employment,2930.4,k jobs,2026-09,"BLS CES (CES5552400001, SA)",measured
2026-10-02,US,power_utilities,employment,611.5,k jobs,2026-09,"BLS CES (CES4422000001, SA)",measured
2026-10-02,IN,banking,employment,6085.2,k persons,IND 2025-Q4,"ILOSTAT EMP_TEMP_SEX_ECO (ISIC K, IND)",measured
2026-10-02,IN,banking,momentum,10.0,% YoY hiring,<![CDATA[Naukri JobSpeak: White-collar hiring grows 14% in A,Naukri JobSpeak monthly (text-parsed from published report),measured
2026-10-02,IN,insurance,employment,6085.2,k persons,IND 2025-Q4,"ILOSTAT EMP_TEMP_SEX_ECO (ISIC K, IND)",measured
2026-10-02,IN,insurance,momentum,12.0,% YoY hiring,<![CDATA[Naukri JobSpeak: White-collar hiring grows 14% in A,Naukri JobSpeak monthly (text-parsed from published report),measured
2026-10-02,IN,it_software,employment,6854.2,k persons,IND 2025-Q4,"ILOSTAT EMP_TEMP_SEX_ECO (ISIC J, IND)",measured
2026-10-02,IN,it_software,momentum,11.0,% YoY hiring,<![CDATA[Naukri JobSpeak: White-collar hiring grows 14% in A,Naukri JobSpeak monthly (text-parsed from published report),measured
2026-10-02,IN,telecom_media,employment,6854.2,k persons,IND 2025-Q4,"ILOSTAT EMP_TEMP_SEX_ECO (ISIC J, IND)",measured
2026-10-02,IN,manufacturing,employment,60142.5,k persons,IND 2025-Q4,"ILOSTAT EMP_TEMP_SEX_ECO (ISIC C, IND)",measured
2026-10-02,IN,healthcare,employment,8441.6,k persons,IND 2025-Q4,"ILOSTAT EMP_TEMP_SEX_ECO (ISIC Q, IND)",measured
2026-10-02,IN,healthcare,momentum,16.0,% YoY hiring,<![CDATA[Naukri JobSpeak: White-collar hiring grows 14% in A,Naukri JobSpeak monthly (text-parsed from published report),measured
2026-10-02,IN,retail,employment,52830.4,k persons,IND 2025-Q4,"ILOSTAT EMP_TEMP_SEX_ECO (ISIC G, IND)",measured
2026-10-02,IN,retail,momentum,15.0,% YoY hiring,<![CDATA[Naukri JobSpeak: White-collar hiring grows 14% in A,Naukri JobSpeak monthly (text-parsed from published report),measured
2026-10-02,IN,professional,employment,4358.7,k persons,IND 2025-Q4,"ILOSTAT EMP_TEMP_SEX_ECO (ISIC M, IND)",measured
2026-10-02,IN,education,employment,16320.3,k persons,IND 2025-Q4,"ILOSTAT EMP_TEMP_SEX_ECO (ISIC P, IND)",measured
2026-10-02,IN,education,momentum,-8.0,% YoY hiring,<![CDATA[Naukri JobSpeak: White-collar hiring grows 14% in A,Naukri JobSpeak monthly (text-parsed from published report),measured
2026-10-02,IN,government,employment,7681.3,k persons,IND 2025-Q4,"ILOSTAT EMP_TEMP_SEX_ECO (ISIC O, IND)",measured
2026-10-02,IN,power_utilities,employment,3434.4,k persons,IND 2025-Q4,"ILOSTAT EMP_TEMP_SEX_ECO (ISIC D+E, IND)",measured
2026-10-02,APAC,banking,employment,1061.3,k persons,"KOR 2026-Q2, SGP 2025","ILOSTAT EMP_TEMP_SEX_ECO (ISIC K, pooled SGP+JPN+KOR)",measured
2026-10-02,APAC,banking,vacancies,8900,vacancies (SG),2026-Q2,Singapore MOM job vacancies by industry (SG proxy market),measured
2026-10-02,APAC,insurance,employment,1061.3,k persons,"KOR 2026-Q2, SGP 2025","ILOSTAT EMP_TEMP_SEX_ECO (ISIC K, pooled SGP+JPN+KOR)",measured
2026-10-02,APAC,insurance,vacancies,1200,vacancies (SG),2026-Q2,Singapore MOM job vacancies by industry (SG proxy market),measured
2026-10-02,APAC,it_software,employment,1303.8,k persons,"KOR 2026-Q2, SGP 2025","ILOSTAT EMP_TEMP_SEX_ECO (ISIC J, pooled SGP+JPN+KOR)",measured
2026-10-02,APAC,it_software,vacancies,8000,vacancies (SG),2026-Q2,Singapore MOM job vacancies by industry (SG proxy market),measured
2026-10-02,APAC,telecom_media,employment,1303.8,k persons,"KOR 2026-Q2, SGP 2025","ILOSTAT EMP_TEMP_SEX_ECO (ISIC J, pooled SGP+JPN+KOR)",measured
2026-10-02,APAC,telecom_media,vacancies,700,vacancies (SG),2026-Q2,Singapore MOM job vacancies by industry (SG proxy market),measured
2026-10-02,APAC,manufacturing,employment,4528.2,k persons,"KOR 2026-Q2, SGP 2025","ILOSTAT EMP_TEMP_SEX_ECO (ISIC C, pooled SGP+JPN+KOR)",measured
2026-10-02,APAC,manufacturing,vacancies,17400,vacancies (SG),2026-Q2,Singapore MOM job vacancies by industry (SG proxy market),measured
2026-10-02,APAC,healthcare,employment,3630.2,k persons,"KOR 2026-Q2, SGP 2025","ILOSTAT EMP_TEMP_SEX_ECO (ISIC Q, pooled SGP+JPN+KOR)",measured
2026-10-02,APAC,healthcare,vacancies,8700,vacancies (SG),2026-Q2,Singapore MOM job vacancies by industry (SG proxy market),measured
2026-10-02,APAC,retail,employment,3535.5,k persons,"KOR 2026-Q2, SGP 2025","ILOSTAT EMP_TEMP_SEX_ECO (ISIC G, pooled SGP+JPN+KOR)",measured
2026-10-02,APAC,retail,vacancies,3800,vacancies (SG),2026-Q2,Singapore MOM job vacancies by industry (SG proxy market),measured
2026-10-02,APAC,professional,employment,1615.0,k persons,"KOR 2026-Q2, SGP 2025","ILOSTAT EMP_TEMP_SEX_ECO (ISIC M, pooled SGP+JPN+KOR)",measured
2026-10-02,APAC,professional,vacancies,12500,vacancies (SG),2026-Q2,Singapore MOM job vacancies by industry (SG proxy market),measured
2026-10-02,APAC,education,employment,2093.2,k persons,"KOR 2026-Q2, SGP 2025","ILOSTAT EMP_TEMP_SEX_ECO (ISIC P, pooled SGP+JPN+KOR)",measured
2026-10-02,APAC,government,employment,1515.7,k persons,"KOR 2026-Q2, SGP 2025","ILOSTAT EMP_TEMP_SEX_ECO (ISIC O, pooled SGP+JPN+KOR)",measured
2026-10-02,APAC,government,vacancies,18000,vacancies (SG),2026-Q2,Singapore MOM job vacancies by industry (SG proxy market incl. education (SSIC grouping)),measured
2026-10-02,APAC,power_utilities,employment,279.1,k persons,"KOR 2026-Q2, SGP 2025","ILOSTAT EMP_TEMP_SEX_ECO (ISIC D+E, pooled SGP+JPN+KOR)",measured
2026-10-05,UK,banking,postings,84.2,index (Feb 2020=100),2026-09-25,Indeed Hiring Lab sectors (GB: Banking & Finance),measured
2026-10-05,UK,banking,employment,1124.0,k jobs,2026 Q2,"ONS JOBS02 workforce jobs (JWS7, SA)",measured
2026-10-05,UK,banking,vacancies,30.0,k vacancies,2026 JUL,"ONS VACS02 vacancies (JP9Q, SA)",measured
2026-10-05,UK,insurance,employment,1124.0,k jobs,2026 Q2,"ONS JOBS02 workforce jobs (JWS7, SA)",measured
2026-10-05,UK,insurance,vacancies,30.0,k vacancies,2026 JUL,"ONS VACS02 vacancies (JP9Q, SA)",measured
2026-10-05,UK,it_software,postings,54.9,index (Feb 2020=100),2026-09-25,"Indeed Hiring Lab sectors (GB: Software Development, IT Infrastructure, Operations & Support…)",measured
2026-10-05,UK,it_software,employment,1606.0,k jobs,2026 Q2,"ONS JOBS02 workforce jobs (JWS6, SA)",measured
2026-10-05,UK,it_software,vacancies,36.0,k vacancies,2026 JUL,"ONS VACS02 vacancies (JP9P, SA)",measured
2026-10-05,UK,telecom_media,postings,45.2,index (Feb 2020=100),2026-09-25,Indeed Hiring Lab sectors (GB: Media & Communications),measured
2026-10-05,UK,telecom_media,employment,1606.0,k jobs,2026 Q2,"ONS JOBS02 workforce jobs (JWS6, SA)",measured
2026-10-05,UK,telecom_media,vacancies,36.0,k vacancies,2026 JUL,"ONS VACS02 vacancies (JP9P, SA)",measured
2026-10-05,UK,manufacturing,postings,101.7,index (Feb 2020=100),2026-09-25,"Indeed Hiring Lab sectors (GB: Production & Manufacturing, Industrial Engineering)",measured
2026-10-05,UK,manufacturing,employment,2460.0,k jobs,2026 Q2,"ONS JOBS02 workforce jobs (JWR7, SA)",measured
2026-10-05,UK,manufacturing,vacancies,48.0,k vacancies,2026 JUL,"ONS VACS02 vacancies (JP9I, SA)",measured
2026-10-05,UK,healthcare,postings,51.9,index (Feb 2020=100),2026-09-25,"Indeed Hiring Lab sectors (GB: Nursing, Physicians & Surgeons…)",measured
2026-10-05,UK,healthcare,employment,5028.0,k jobs,2026 Q2,"ONS JOBS02 workforce jobs (JWT5, SA)",measured
2026-10-05,UK,healthcare,vacancies,121.0,k vacancies,2026 JUL,"ONS VACS02 vacancies (JP9W, SA)",measured
2026-10-05,UK,retail,postings,86.7,index (Feb 2020=100),2026-09-25,"Indeed Hiring Lab sectors (GB: Retail, Loading & Stocking)",measured
2026-10-05,UK,retail,employment,4597.0,k jobs,2026 Q2,"ONS JOBS02 workforce jobs (JWS3, SA)",measured
2026-10-05,UK,retail,vacancies,91.0,k vacancies,2026 JUL,"ONS VACS02 vacancies (JP9M, SA)",measured
2026-10-05,UK,professional,postings,67.6,index (Feb 2020=100),2026-09-25,"Indeed Hiring Lab sectors (GB: Legal, Accounting…)",measured
2026-10-05,UK,professional,employment,3504.0,k jobs,2026 Q2,"ONS JOBS02 workforce jobs (JWS9, SA)",measured
2026-10-05,UK,professional,vacancies,69.0,k vacancies,2026 JUL,"ONS VACS02 vacancies (JP9S, SA)",measured
2026-10-05,UK,education,postings,122.8,index (Feb 2020=100),2026-09-25,Indeed Hiring Lab sectors (GB: Education & Instruction),measured
2026-10-05,UK,education,vacancies,44.0,k vacancies,2026 JUL,"ONS VACS02 vacancies (JP9V, SA)",measured
2026-10-05,UK,government,postings,90.5,index (Feb 2020=100),2026-09-25,"Indeed Hiring Lab sectors (GB: Community & Social Service, Security & Public Safety)",measured
2026-10-05,UK,government,vacancies,31.0,k vacancies,2026 JUL,"ONS VACS02 vacancies (JP9U, SA)",measured
2026-10-05,UK,power_utilities,employment,394.0,k jobs,2026 Q2,"ONS JOBS02 workforce jobs (JWR8+JWR9, SA)",measured
2026-10-05,UK,power_utilities,vacancies,9.0,k vacancies,2026 JUL,"ONS VACS02 vacancies (JP9J+JP9K, SA)",measured
2026-10-05,AU,banking,postings,118.4,index (Feb 2020=100),2026-09-25,Indeed Hiring Lab sectors (AU: Banking & Finance),measured
2026-10-05,AU,banking,employment,531.9,k persons,2026-Q2,"ABS Labour Account (ANZSIC K, measure M12)",measured
2026-10-05,AU,banking,vacancies,10.2,k vacancies,2026-Q3,ABS Job Vacancies (ANZSIC K),measured
2026-10-05,AU,insurance,employment,531.9,k persons,2026-Q2,"ABS Labour Account (ANZSIC K, measure M12)",measured
2026-10-05,AU,insurance,vacancies,10.2,k vacancies,2026-Q3,ABS Job Vacancies (ANZSIC K),measured
2026-10-05,AU,it_software,postings,103.1,index (Feb 2020=100),2026-09-25,"Indeed Hiring Lab sectors (AU: Software Development, IT Infrastructure, Operations & Support…)",measured
2026-10-05,AU,it_software,employment,209.2,k persons,2026-Q2,"ABS Labour Account (ANZSIC J, measure M12)",measured
2026-10-05,AU,it_software,vacancies,3.0,k vacancies,2026-Q3,ABS Job Vacancies (ANZSIC J),measured
2026-10-05,AU,telecom_media,postings,85.7,index (Feb 2020=100),2026-09-25,Indeed Hiring Lab sectors (AU: Media & Communications),measured
2026-10-05,AU,telecom_media,employment,209.2,k persons,2026-Q2,"ABS Labour Account (ANZSIC J, measure M12)",measured
2026-10-05,AU,telecom_media,vacancies,3.0,k vacancies,2026-Q3,ABS Job Vacancies (ANZSIC J),measured
2026-10-05,AU,manufacturing,postings,159.5,index (Feb 2020=100),2026-09-25,"Indeed Hiring Lab sectors (AU: Production & Manufacturing, Industrial Engineering)",measured
2026-10-05,AU,manufacturing,employment,916.9,k persons,2026-Q2,"ABS Labour Account (ANZSIC C, measure M12)",measured
2026-10-05,AU,manufacturing,vacancies,22.2,k vacancies,2026-Q3,ABS Job Vacancies (ANZSIC C),measured
2026-10-05,AU,healthcare,postings,134.9,index (Feb 2020=100),2026-09-25,"Indeed Hiring Lab sectors (AU: Nursing, Physicians & Surgeons…)",measured
2026-10-05,AU,healthcare,employment,2599.1,k persons,2026-Q2,"ABS Labour Account (ANZSIC Q, measure M12)",measured
2026-10-05,AU,healthcare,vacancies,54.3,k vacancies,2026-Q3,ABS Job Vacancies (ANZSIC Q),measured
2026-10-05,AU,retail,postings,261.6,index (Feb 2020=100),2026-09-25,"Indeed Hiring Lab sectors (AU: Retail, Loading & Stocking)",measured
2026-10-05,AU,retail,employment,1535.5,k persons,2026-Q2,"ABS Labour Account (ANZSIC G, measure M12)",measured
2026-10-05,AU,retail,vacancies,32.4,k vacancies,2026-Q3,ABS Job Vacancies (ANZSIC G),measured
2026-10-05,AU,professional,postings,124.3,index (Feb 2020=100),2026-09-25,"Indeed Hiring Lab sectors (AU: Legal, Accounting…)",measured
2026-10-05,AU,professional,employment,1348.0,k persons,2026-Q2,"ABS Labour Account (ANZSIC M, measure M12)",measured
2026-10-05,AU,professional,vacancies,29.5,k vacancies,2026-Q3,ABS Job Vacancies (ANZSIC M),measured
2026-10-05,AU,education,employment,1364.6,k persons,2026-Q2,"ABS Labour Account (ANZSIC P, measure M12)",measured
2026-10-05,AU,education,vacancies,10.1,k vacancies,2026-Q3,ABS Job Vacancies (ANZSIC P),measured
2026-10-05,AU,government,postings,163.5,index (Feb 2020=100),2026-09-25,"Indeed Hiring Lab sectors (AU: Community & Social Service, Security & Public Safety)",measured
2026-10-05,AU,government,employment,901.2,k persons,2026-Q2,"ABS Labour Account (ANZSIC O, measure M12)",measured
2026-10-05,AU,government,vacancies,21.9,k vacancies,2026-Q3,ABS Job Vacancies (ANZSIC O),measured
2026-10-05,AU,power_utilities,employment,154.8,k persons,2026-Q2,"ABS Labour Account (ANZSIC D, measure M12)",measured
2026-10-05,AU,power_utilities,vacancies,3.9,k vacancies,2026-Q3,ABS Job Vacancies (ANZSIC D),measured
2026-10-05,EU,banking,postings,94.0,index (Feb 2020=100),2026-09-25,Indeed Hiring Lab sectors (DE+FR: Banking & Finance),measured
2026-10-05,EU,banking,employment,3099.8,k persons,2025-Q4,"Eurostat lfsq_egan22d (K64), EU27",measured
2026-10-05,EU,banking,vacancies,1.7,% vacancy rate,2025-Q4,"Eurostat jvs_q_nace2 JVR (NACE K, EU27)",measured
2026-10-05,EU,banking,layoffs,10464,announced job losses (12mo),2025-10 onward,"Eurofound European Restructuring Monitor, EU27, 30 announcements - ERM's Financial bucket includes insurance & real estate",measured
2026-10-05,EU,insurance,employment,1167.5,k persons,2025-Q4,"Eurostat lfsq_egan22d (K65), EU27",measured
2026-10-05,EU,insurance,vacancies,1.7,% vacancy rate,2025-Q4,"Eurostat jvs_q_nace2 JVR (NACE K, EU27)",measured
2026-10-05,EU,it_software,postings,64.6,index (Feb 2020=100),2026-09-25,"Indeed Hiring Lab sectors (DE+FR: Software Development, IT Infrastructure, Operations & Support…)",measured
2026-10-05,EU,it_software,employment,8007.4,k persons,2025-Q4,"Eurostat lfsq_egan2 (NACE J), EU27",measured
2026-10-05,EU,it_software,vacancies,2.2,% vacancy rate,2025-Q4,"Eurostat jvs_q_nace2 JVR (NACE J, EU27)",measured
2026-10-05,EU,it_software,layoffs,24783,announced job losses (12mo),2025-10 onward,"Eurofound European Restructuring Monitor, EU27, 57 announcements",measured
2026-10-05,EU,telecom_media,postings,58.6,index (Feb 2020=100),2026-09-25,Indeed Hiring Lab sectors (DE+FR: Media & Communications),measured
2026-10-05,EU,telecom_media,employment,8007.4,k persons,2025-Q4,"Eurostat lfsq_egan2 (NACE J), EU27",measured
2026-10-05,EU,telecom_media,vacancies,2.2,% vacancy rate,2025-Q4,"Eurostat jvs_q_nace2 JVR (NACE J, EU27)",measured
2026-10-05,EU,telecom_media,layoffs,5095,announced job losses (12mo),2025-10 onward,"Eurofound European Restructuring Monitor, EU27, 25 announcements",measured
2026-10-05,EU,manufacturing,postings,91.1,index (Feb 2020=100),2026-09-25,"Indeed Hiring Lab sectors (DE+FR: Production & Manufacturing, Industrial Engineering)",measured
2026-10-05,EU,manufacturing,employment,31400.2,k persons,2025-Q4,"Eurostat lfsq_egan2 (NACE C), EU27",measured
2026-10-05,EU,manufacturing,vacancies,1.5,% vacancy rate,2025-Q4,"Eurostat jvs_q_nace2 JVR (NACE C, EU27)",measured
2026-10-05,EU,manufacturing,layoffs,146033,announced job losses (12mo),2025-10 onward,"Eurofound European Restructuring Monitor, EU27, 414 announcements",measured
2026-10-05,EU,healthcare,postings,146.7,index (Feb 2020=100),2026-09-25,"Indeed Hiring Lab sectors (DE+FR: Nursing, Physicians & Surgeons…)",measured
2026-10-05,EU,healthcare,employment,24096.0,k persons,2025-Q4,"Eurostat lfsq_egan2 (NACE Q), EU27",measured
2026-10-05,EU,healthcare,layoffs,6676,announced job losses (12mo),2025-10 onward,"Eurofound European Restructuring Monitor, EU27, 24 announcements",measured
2026-10-05,EU,retail,postings,109.2,index (Feb 2020=100),2026-09-25,"Indeed Hiring Lab sectors (DE+FR: Retail, Loading & Stocking)",measured
2026-10-05,EU,retail,employment,27992.7,k persons,2025-Q4,"Eurostat lfsq_egan2 (NACE G), EU27",measured
2026-10-05,EU,retail,vacancies,1.8,% vacancy rate,2025-Q4,"Eurostat jvs_q_nace2 JVR (NACE G, EU27)",measured
2026-10-05,EU,retail,layoffs,30956,announced job losses (12mo),2025-10 onward,"Eurofound European Restructuring Monitor, EU27, 79 announcements",measured
2026-10-05,EU,professional,postings,78.0,index (Feb 2020=100),2026-09-25,"Indeed Hiring Lab sectors (DE+FR: Legal, Accounting…)",measured
2026-10-05,EU,professional,employment,12808.2,k persons,2025-Q4,"Eurostat lfsq_egan2 (NACE M), EU27",measured
2026-10-05,EU,professional,vacancies,2.4,% vacancy rate,2025-Q4,"Eurostat jvs_q_nace2 JVR (NACE M, EU27)",measured
2026-10-05,EU,professional,layoffs,3936,announced job losses (12mo),2025-10 onward,"Eurofound European Restructuring Monitor, EU27, 14 announcements",measured
2026-10-05,EU,education,postings,104.6,index (Feb 2020=100),2026-09-25,Indeed Hiring Lab sectors (DE+FR: Education & Instruction),measured
2026-10-05,EU,education,employment,15961.0,k persons,2025-Q4,"Eurostat lfsq_egan2 (NACE P), EU27",measured
2026-10-05,EU,education,layoffs,4706,announced job losses (12mo),2025-10 onward,"Eurofound European Restructuring Monitor, EU27, 6 announcements",measured
2026-10-05,EU,government,postings,141.8,index (Feb 2020=100),2026-09-25,"Indeed Hiring Lab sectors (DE+FR: Community & Social Service, Security & Public Safety)",measured
2026-10-05,EU,government,employment,14667.1,k persons,2025-Q4,"Eurostat lfsq_egan2 (NACE O), EU27",measured
2026-10-05,EU,government,layoffs,7459,announced job losses (12mo),2025-10 onward,"Eurofound European Restructuring Monitor, EU27, 20 announcements",measured
2026-10-05,EU,power_utilities,employment,3475.5,k persons,2025-Q4,"Eurostat lfsq_egan2 (NACE D+E), EU27",measured
2026-10-05,EU,power_utilities,layoffs,4342,announced job losses (12mo),2025-10 onward,"Eurofound European Restructuring Monitor, EU27, 11 announcements",measured
2026-10-05,US,banking,postings,107.0,index (Feb 2020=100),2026-09-25,Indeed Hiring Lab sectors (US: Banking & Finance),measured
2026-10-05,US,banking,employment,6644.6,k jobs,2026-09,"BLS CES (CES5552000001, SA)",measured
2026-10-05,US,it_software,postings,71.2,index (Feb 2020=100),2026-09-25,"Indeed Hiring Lab sectors (US: Software Development, IT Infrastructure, Operations & Support…)",measured
2026-10-05,US,it_software,employment,2739.0,k jobs,2026-09,"BLS CES (CES5000000001, SA)",measured
2026-10-05,US,telecom_media,postings,70.6,index (Feb 2020=100),2026-09-25,Indeed Hiring Lab sectors (US: Media & Communications),measured
2026-10-05,US,telecom_media,employment,564.6,k jobs,2026-09,"BLS CES (CES5051700001, SA)",measured
2026-10-05,US,manufacturing,postings,123.0,index (Feb 2020=100),2026-09-25,"Indeed Hiring Lab sectors (US: Production & Manufacturing, Industrial Engineering)",measured
2026-10-05,US,manufacturing,employment,12652.0,k jobs,2026-09,"BLS CES (CES3000000001, SA)",measured
2026-10-05,US,healthcare,postings,129.3,index (Feb 2020=100),2026-09-25,"Indeed Hiring Lab sectors (US: Nursing, Physicians & Surgeons…)",measured
2026-10-05,US,healthcare,employment,23958.6,k jobs,2026-09,"BLS CES (CES6562000001, SA)",measured
2026-10-05,US,retail,postings,99.3,index (Feb 2020=100),2026-09-25,"Indeed Hiring Lab sectors (US: Retail, Loading & Stocking)",measured
2026-10-05,US,retail,employment,15479.9,k jobs,2026-09,"BLS CES (CES4200000001, SA)",measured
2026-10-05,US,professional,postings,100.4,index (Feb 2020=100),2026-09-25,"Indeed Hiring Lab sectors (US: Legal, Accounting…)",measured
2026-10-05,US,professional,employment,10843.6,k jobs,2026-09,"BLS CES (CES6054000001, SA)",measured
2026-10-05,US,education,postings,107.3,index (Feb 2020=100),2026-09-25,Indeed Hiring Lab sectors (US: Education & Instruction),measured
2026-10-05,US,education,employment,4046.4,k jobs,2026-09,"BLS CES (CES6561000001, SA)",measured
2026-10-05,US,government,postings,111.7,index (Feb 2020=100),2026-09-25,"Indeed Hiring Lab sectors (US: Community & Social Service, Security & Public Safety)",measured
2026-10-05,US,government,employment,23327.0,k jobs,2026-09,"BLS CES (CES9000000001, SA)",measured
2026-10-05,US,insurance,employment,2930.4,k jobs,2026-09,"BLS CES (CES5552400001, SA)",measured
2026-10-05,US,power_utilities,employment,611.5,k jobs,2026-09,"BLS CES (CES4422000001, SA)",measured
2026-10-05,IN,banking,employment,6085.2,k persons,IND 2025-Q4,"ILOSTAT EMP_TEMP_SEX_ECO (ISIC K, IND)",measured
2026-10-05,IN,banking,momentum,10.0,% YoY hiring,<![CDATA[Naukri JobSpeak: White-collar hiring grows 14% in A,Naukri JobSpeak monthly (text-parsed from published report),measured
2026-10-05,IN,insurance,employment,6085.2,k persons,IND 2025-Q4,"ILOSTAT EMP_TEMP_SEX_ECO (ISIC K, IND)",measured
2026-10-05,IN,insurance,momentum,12.0,% YoY hiring,<![CDATA[Naukri JobSpeak: White-collar hiring grows 14% in A,Naukri JobSpeak monthly (text-parsed from published report),measured
2026-10-05,IN,it_software,employment,6854.2,k persons,IND 2025-Q4,"ILOSTAT EMP_TEMP_SEX_ECO (ISIC J, IND)",measured
2026-10-05,IN,it_software,momentum,11.0,% YoY hiring,<![CDATA[Naukri JobSpeak: White-collar hiring grows 14% in A,Naukri JobSpeak monthly (text-parsed from published report),measured
2026-10-05,IN,telecom_media,employment,6854.2,k persons,IND 2025-Q4,"ILOSTAT EMP_TEMP_SEX_ECO (ISIC J, IND)",measured
2026-10-05,IN,manufacturing,employment,60142.5,k persons,IND 2025-Q4,"ILOSTAT EMP_TEMP_SEX_ECO (ISIC C, IND)",measured
2026-10-05,IN,healthcare,employment,8441.6,k persons,IND 2025-Q4,"ILOSTAT EMP_TEMP_SEX_ECO (ISIC Q, IND)",measured
2026-10-05,IN,healthcare,momentum,16.0,% YoY hiring,<![CDATA[Naukri JobSpeak: White-collar hiring grows 14% in A,Naukri JobSpeak monthly (text-parsed from published report),measured
2026-10-05,IN,retail,employment,52830.4,k persons,IND 2025-Q4,"ILOSTAT EMP_TEMP_SEX_ECO (ISIC G, IND)",measured
2026-10-05,IN,retail,momentum,15.0,% YoY hiring,<![CDATA[Naukri JobSpeak: White-collar hiring grows 14% in A,Naukri JobSpeak monthly (text-parsed from published report),measured
2026-10-05,IN,professional,employment,4358.7,k persons,IND 2025-Q4,"ILOSTAT EMP_TEMP_SEX_ECO (ISIC M, IND)",measured
2026-10-05,IN,education,employment,16320.3,k persons,IND 2025-Q4,"ILOSTAT EMP_TEMP_SEX_ECO (ISIC P, IND)",measured
2026-10-05,IN,education,momentum,-8.0,% YoY hiring,<![CDATA[Naukri JobSpeak: White-collar hiring grows 14% in A,Naukri JobSpeak monthly (text-parsed from published report),measured
2026-10-05,IN,government,employment,7681.3,k persons,IND 2025-Q4,"ILOSTAT EMP_TEMP_SEX_ECO (ISIC O, IND)",measured
2026-10-05,IN,power_utilities,employment,3434.4,k persons,IND 2025-Q4,"ILOSTAT EMP_TEMP_SEX_ECO (ISIC D+E, IND)",measured
2026-10-05,APAC,banking,employment,1061.3,k persons,"KOR 2026-Q2, SGP 2025","ILOSTAT EMP_TEMP_SEX_ECO (ISIC K, pooled SGP+JPN+KOR)",measured
2026-10-05,APAC,banking,vacancies,8900,vacancies (SG),2026-Q2,Singapore MOM job vacancies by industry (SG proxy market),measured
2026-10-05,APAC,insurance,employment,1061.3,k persons,"KOR 2026-Q2, SGP 2025","ILOSTAT EMP_TEMP_SEX_ECO (ISIC K, pooled SGP+JPN+KOR)",measured
2026-10-05,APAC,insurance,vacancies,1200,vacancies (SG),2026-Q2,Singapore MOM job vacancies by industry (SG proxy market),measured
2026-10-05,APAC,it_software,employment,1303.8,k persons,"KOR 2026-Q2, SGP 2025","ILOSTAT EMP_TEMP_SEX_ECO (ISIC J, pooled SGP+JPN+KOR)",measured
2026-10-05,APAC,it_software,vacancies,8000,vacancies (SG),2026-Q2,Singapore MOM job vacancies by industry (SG proxy market),measured
2026-10-05,APAC,telecom_media,employment,1303.8,k persons,"KOR 2026-Q2, SGP 2025","ILOSTAT EMP_TEMP_SEX_ECO (ISIC J, pooled SGP+JPN+KOR)",measured
2026-10-05,APAC,telecom_media,vacancies,700,vacancies (SG),2026-Q2,Singapore MOM job vacancies by industry (SG proxy market),measured
2026-10-05,APAC,manufacturing,employment,4528.2,k persons,"KOR 2026-Q2, SGP 2025","ILOSTAT EMP_TEMP_SEX_ECO (ISIC C, pooled SGP+JPN+KOR)",measured
2026-10-05,APAC,manufacturing,vacancies,17400,vacancies (SG),2026-Q2,Singapore MOM job vacancies by industry (SG proxy market),measured
2026-10-05,APAC,healthcare,employment,3630.2,k persons,"KOR 2026-Q2, SGP 2025","ILOSTAT EMP_TEMP_SEX_ECO (ISIC Q, pooled SGP+JPN+KOR)",measured
2026-10-05,APAC,healthcare,vacancies,8700,vacancies (SG),2026-Q2,Singapore MOM job vacancies by industry (SG proxy market),measured
2026-10-05,APAC,retail,employment,3535.5,k persons,"KOR 2026-Q2, SGP 2025","ILOSTAT EMP_TEMP_SEX_ECO (ISIC G, pooled SGP+JPN+KOR)",measured
2026-10-05,APAC,retail,vacancies,3800,vacancies (SG),2026-Q2,Singapore MOM job vacancies by industry (SG proxy market),measured
2026-10-05,APAC,professional,employment,1615.0,k persons,"KOR 2026-Q2, SGP 2025","ILOSTAT EMP_TEMP_SEX_ECO (ISIC M, pooled SGP+JPN+KOR)",measured
2026-10-05,APAC,professional,vacancies,12500,vacancies (SG),2026-Q2,Singapore MOM job vacancies by industry (SG proxy market),measured
2026-10-05,APAC,education,employment,2093.2,k persons,"KOR 2026-Q2, SGP 2025","ILOSTAT EMP_TEMP_SEX_ECO (ISIC P, pooled SGP+JPN+KOR)",measured
2026-10-05,APAC,government,employment,1515.7,k persons,"KOR 2026-Q2, SGP 2025","ILOSTAT EMP_TEMP_SEX_ECO (ISIC O, pooled SGP+JPN+KOR)",measured
2026-10-05,APAC,government,vacancies,18000,vacancies (SG),2026-Q2,Singapore MOM job vacancies by industry (SG proxy market incl. education (SSIC grouping)),measured
2026-10-05,APAC,power_utilities,employment,279.1,k persons,"KOR 2026-Q2, SGP 2025","ILOSTAT EMP_TEMP_SEX_ECO (ISIC D+E, pooled SGP+JPN+KOR)",measured
